round_no,block_no,strategy,shoe_no,cards_remaining_before,initial_player_cards,dealer_upcard,dealer_holecard,dealer_final_cards,dealer_total,num_resolved_hands,num_splits,num_doubles,round_outcome,net_return,strategy_round_number,running_return
1,1,Basic,2,78,Q 2,9,8,9 8,17,1,0,0,net_win,1.0,1,1.0
2,1,Basic,3,78,8 5,Q,K,Q K,20,1,0,0,net_loss,-1.0,2,0.0
3,1,Basic,4,78,8 4,7,J,7 J,17,1,0,0,net_win,1.0,3,1.0
4,1,Basic,5,78,7 3,10,6,10 6 2,18,1,0,0,net_win,1.0,4,2.0
5,1,Basic,6,78,4 4,8,6,8 6 10,24,1,0,0,net_win,1.0,5,3.0
6,1,Basic,7,78,2 K,Q,K,Q K,20,1,0,0,net_loss,-1.0,6,2.0
7,1,Basic,8,78,2 2,3,3,3 3 5 9,20,2,1,0,net_loss,-2.0,7,0.0
8,1,Basic,9,78,2 A,9,3,9 3 A 7,20,1,0,0,net_win,1.0,8,1.0
9,1,Basic,10,78,8 10,9,8,9 8,17,1,0,0,net_win,1.0,9,2.0
10,1,Basic,11,78,A 6,2,5,2 5 J,17,1,0,0,net_push,0.0,10,2.0
11,1,Basic,12,78,10 7,J,8,J 8,18,1,0,0,net_loss,-1.0,11,1.0
12,1,Basic,13,78,7 9,7,6,7 6 6,19,1,0,0,net_push,0.0,12,1.0
13,1,Basic,14,78,2 7,A,2,A 2,13,1,0,0,net_loss,-1.0,13,0.0
14,1,Basic,15,78,A 4,Q,5,Q 5,15,1,0,0,net_loss,-1.0,14,-1.0
15,1,Basic,16,78,K 4,3,5,3 5 2 5 Q,25,1,0,0,net_win,1.0,15,0.0
16,1,Basic,17,78,9 7,Q,3,Q 3,13,1,0,0,net_loss,-1.0,16,-1.0
17,1,Basic,18,78,K A,5,3,5 3,8,1,0,0,player_blackjack,1.5,17,0.5
18,1,Basic,19,78,K 2,9,2,9 2 J,21,1,0,0,net_loss,-1.0,18,-0.5
19,1,Basic,20,78,A J,K,4,K 4,14,1,0,0,player_blackjack,1.5,19,1.0
20,1,Basic,21,78,3 6,J,4,J 4,14,1,0,0,net_loss,-1.0,20,0.0
21,1,Basic,22,78,6 3,4,4,4 4 7 K,25,1,0,1,net_win,2.0,21,2.0
22,1,Basic,23,78,A 8,8,K,8 K,18,1,0,0,net_win,1.0,22,3.0
23,1,Basic,24,78,5 7,5,A,5 A 9 8,23,1,0,0,net_win,1.0,23,4.0
24,1,Basic,25,78,7 4,2,Q,2 Q 8,20,1,0,1,net_loss,-2.0,24,2.0
25,1,Basic,26,78,6 10,3,J,3 J 6,19,1,0,0,net_loss,-1.0,25,1.0
26,1,Basic,27,78,10 A,A,K,A K,21,1,0,0,push_blackjack,0.0,26,1.0
27,1,Basic,28,78,J 10,6,K,6 K 5,21,1,0,0,net_loss,-1.0,27,0.0
28,1,Basic,29,78,4 8,4,2,4 2 9 10,25,1,0,0,net_win,1.0,28,1.0
29,1,Basic,30,78,J 9,8,4,8 4 8,20,1,0,0,net_loss,-1.0,29,0.0
30,1,Basic,31,78,2 3,2,2,2 2 2 7 10,23,1,0,0,net_win,1.0,30,1.0
31,1,Basic,32,78,3 3,8,7,8 7,15,1,0,0,net_loss,-1.0,31,0.0
32,1,Basic,33,78,10 K,J,9,J 9,19,1,0,0,net_win,1.0,32,1.0
33,1,Basic,34,78,4 8,6,7,6 7 9,22,1,0,0,net_win,1.0,33,2.0
34,1,Basic,35,78,2 8,Q,A,Q A,21,1,0,0,dealer_blackjack,-1.0,34,1.0
35,1,Basic,36,78,6 4,K,2,K 2 5,17,1,0,0,net_push,0.0,35,1.0
36,1,Basic,37,78,A 9,3,3,3 3 7 10,23,1,0,0,net_win,1.0,36,2.0
37,1,Basic,38,78,4 5,6,A,6 A,17,1,0,1,net_loss,-2.0,37,0.0
38,1,Basic,39,78,2 4,J,5,J 5,15,1,0,0,net_loss,-1.0,38,-1.0
39,1,Basic,40,78,9 6,K,2,K 2,12,1,0,0,net_loss,-1.0,39,-2.0
40,1,Basic,41,78,8 8,J,Q,J Q,20,2,1,0,net_loss,-2.0,40,-4.0
41,1,Basic,42,78,6 9,3,6,3 6 10,19,1,0,0,net_loss,-1.0,41,-5.0
42,1,Basic,43,78,A 5,Q,J,Q J,20,1,0,0,net_loss,-1.0,42,-6.0
43,1,Basic,44,78,J 6,10,6,10 6,16,1,0,0,net_loss,-1.0,43,-7.0
44,1,Basic,45,78,Q 3,4,5,4 5 8,17,1,0,0,net_loss,-1.0,44,-8.0
45,1,Basic,46,78,6 5,2,5,2 5 7 K,24,1,0,1,net_win,2.0,45,-6.0
46,1,Basic,47,78,6 9,4,7,4 7 5 3,19,1,0,0,net_loss,-1.0,46,-7.0
47,1,Basic,48,78,5 A,2,10,2 10 5,17,1,0,0,net_loss,-1.0,47,-8.0
48,1,Basic,49,78,8 9,3,9,3 9 A 7,20,1,0,0,net_loss,-1.0,48,-9.0
49,1,Basic,50,78,5 A,8,6,8 6,14,1,0,0,net_loss,-1.0,49,-10.0
50,1,Basic,51,78,2 3,J,4,J 4,14,1,0,0,net_loss,-1.0,50,-11.0
51,1,Basic,52,78,4 A,8,8,8 8,16,1,0,0,net_loss,-1.0,51,-12.0
52,1,Basic,53,78,9 10,J,6,J 6 9,25,1,0,0,net_win,1.0,52,-11.0
53,1,Basic,54,78,7 A,7,J,7 J,17,1,0,0,net_win,1.0,53,-10.0
54,1,Basic,55,78,J A,Q,3,Q 3,13,1,0,0,player_blackjack,1.5,54,-8.5
55,1,Basic,56,78,K 2,9,6,9 6 Q,25,1,0,0,net_win,1.0,55,-7.5
56,1,Basic,57,78,4 A,7,A,7 A,18,1,0,0,net_loss,-1.0,56,-8.5
57,1,Basic,58,78,7 7,J,K,J K,20,1,0,0,net_loss,-1.0,57,-9.5
58,1,Basic,59,78,2 A,K,9,K 9,19,1,0,0,net_win,1.0,58,-8.5
59,1,Basic,60,78,5 5,9,J,9 J,19,1,0,1,net_win,2.0,59,-6.5
60,1,Basic,61,78,Q 2,4,5,4 5 Q,19,1,0,0,net_loss,-1.0,60,-7.5
61,1,Basic,62,78,4 K,3,A,3 A 8 4 K,26,1,0,0,net_win,1.0,61,-6.5
62,1,Basic,63,78,6 6,7,Q,7 Q,17,1,0,0,net_win,1.0,62,-5.5
63,1,Basic,64,78,4 10,4,3,4 3 10,17,1,0,0,net_loss,-1.0,63,-6.5
64,1,Basic,65,78,9 3,7,9,7 9 Q,26,1,0,0,net_win,1.0,64,-5.5
65,1,Basic,66,78,2 J,7,4,7 4 A K,22,1,0,0,net_win,1.0,65,-4.5
66,1,Basic,67,78,7 A,2,Q,2 Q 4 6,22,1,0,0,net_win,1.0,66,-3.5
67,1,Basic,68,78,J 9,6,7,6 7 J,23,1,0,0,net_win,1.0,67,-2.5
68,1,Basic,69,78,7 5,10,6,10 6,16,1,0,0,net_loss,-1.0,68,-3.5
69,1,Basic,70,78,10 Q,2,9,2 9 Q,21,1,0,0,net_loss,-1.0,69,-4.5
70,1,Basic,71,78,4 K,5,7,5 7 A K,23,1,0,0,net_win,1.0,70,-3.5
71,1,Basic,72,78,8 6,7,5,7 5 Q,22,1,0,0,net_win,1.0,71,-2.5
72,1,Basic,73,78,7 A,Q,Q,Q Q,20,1,0,0,net_loss,-1.0,72,-3.5
73,1,Basic,74,78,6 K,3,J,3 J 5,18,1,0,0,net_loss,-1.0,73,-4.5
74,1,Basic,75,78,10 3,K,5,K 5,15,1,0,0,net_loss,-1.0,74,-5.5
75,1,Basic,76,78,4 5,4,3,4 3 2 J,19,1,0,1,net_loss,-2.0,75,-7.5
76,1,Basic,77,78,8 5,2,K,2 K 6,18,1,0,0,net_loss,-1.0,76,-8.5
77,1,Basic,78,78,J 9,J,4,J 4 4,18,1,0,0,net_win,1.0,77,-7.5
78,1,Basic,79,78,8 J,K,8,K 8,18,1,0,0,net_push,0.0,78,-7.5
79,1,Basic,80,78,K 7,10,5,10 5 2,17,1,0,0,net_push,0.0,79,-7.5
80,1,Basic,81,78,5 4,10,2,10 2 8,20,1,0,0,net_loss,-1.0,80,-8.5
81,1,Basic,82,78,9 8,A,J,A J,21,1,0,0,dealer_blackjack,-1.0,81,-9.5
82,1,Basic,83,78,8 K,K,10,K 10,20,1,0,0,net_loss,-1.0,82,-10.5
83,1,Basic,84,78,A J,2,A,2 A,13,1,0,0,player_blackjack,1.5,83,-9.0
84,1,Basic,85,78,6 K,J,A,J A,21,1,0,0,dealer_blackjack,-1.0,84,-10.0
85,1,Basic,86,78,5 3,7,10,7 10,17,1,0,0,net_win,1.0,85,-9.0
86,1,Basic,87,78,6 A,9,A,9 A,20,1,0,0,net_win,1.0,86,-8.0
87,1,Basic,88,78,A 6,A,10,A 10,21,1,0,0,dealer_blackjack,-1.0,87,-9.0
88,1,Basic,89,78,8 6,4,Q,4 Q A 7,22,1,0,0,net_win,1.0,88,-8.0
89,1,Basic,90,78,J 5,10,2,10 2,12,1,0,0,net_loss,-1.0,89,-9.0
90,1,Basic,91,78,K 2,8,A,8 A,19,1,0,0,net_loss,-1.0,90,-10.0
91,1,Basic,92,78,3 6,8,2,8 2,10,1,0,0,net_loss,-1.0,91,-11.0
92,1,Basic,93,78,9 A,Q,6,Q 6 9,25,1,0,0,net_win,1.0,92,-10.0
93,1,Basic,94,78,2 J,10,8,10 8,18,1,0,0,net_win,1.0,93,-9.0
94,1,Basic,95,78,9 6,4,K,4 K A 8,23,1,0,0,net_win,1.0,94,-8.0
95,1,Basic,96,78,5 K,10,8,10 8,18,1,0,0,net_loss,-1.0,95,-9.0
96,1,Basic,97,78,K Q,9,J,9 J,19,1,0,0,net_win,1.0,96,-8.0
97,1,Basic,98,78,9 J,J,4,J 4 J,24,1,0,0,net_win,1.0,97,-7.0
98,1,Basic,99,78,Q K,A,A,A A K 9,21,1,0,0,net_loss,-1.0,98,-8.0
99,1,Basic,100,78,9 9,A,8,A 8,19,1,0,0,net_loss,-1.0,99,-9.0
100,1,Basic,101,78,2 3,8,8,8 8 K,26,1,0,0,net_win,1.0,100,-8.0
101,2,Simplified,102,78,Q A,2,3,2 3,5,1,0,0,player_blackjack,1.5,1,1.5
102,2,Simplified,103,78,4 Q,8,Q,8 Q,18,1,0,0,net_loss,-1.0,2,0.5
103,2,Simplified,104,78,5 J,2,8,2 8 3 K,23,1,0,0,net_win,1.0,3,1.5
104,2,Simplified,105,78,Q 9,7,A,7 A,18,1,0,0,net_win,1.0,4,2.5
105,2,Simplified,106,78,10 K,10,J,10 J,20,1,0,0,net_push,0.0,5,2.5
106,2,Simplified,107,78,K 9,2,6,2 6 K,18,1,0,0,net_win,1.0,6,3.5
107,2,Simplified,108,78,A 8,2,A,2 A 9 Q,22,1,0,0,net_win,1.0,7,4.5
108,2,Simplified,109,78,J Q,5,6,5 6 A 2 6,20,1,0,0,net_push,0.0,8,4.5
109,2,Simplified,110,78,3 6,5,4,5 4 10,19,1,0,0,net_push,0.0,9,4.5
110,2,Simplified,111,78,3 10,5,A,5 A 2,18,1,0,0,net_loss,-1.0,10,3.5
111,2,Simplified,112,78,3 5,2,9,2 9 J,21,1,0,0,net_loss,-1.0,11,2.5
112,2,Simplified,113,78,K 3,4,J,4 J 9,23,1,0,0,net_win,1.0,12,3.5
113,2,Simplified,114,78,A 9,10,J,10 J,20,1,0,0,net_push,0.0,13,3.5
114,2,Simplified,115,78,K 6,5,2,5 2 3 2 5,17,1,0,0,net_loss,-1.0,14,2.5
115,2,Simplified,116,78,K 5,4,8,4 8 8,20,1,0,0,net_loss,-1.0,15,1.5
116,2,Simplified,117,78,A K,6,4,6 4,10,1,0,0,player_blackjack,1.5,16,3.0
117,2,Simplified,118,78,6 A,7,10,7 10,17,1,0,0,net_push,0.0,17,3.0
118,2,Simplified,119,78,7 9,10,8,10 8,18,1,0,0,net_loss,-1.0,18,2.0
119,2,Simplified,120,78,3 J,4,9,4 9 5,18,1,0,0,net_loss,-1.0,19,1.0
120,2,Simplified,121,78,K 7,10,J,10 J,20,1,0,0,net_loss,-1.0,20,0.0
121,2,Simplified,122,78,Q 8,K,9,K 9,19,1,0,0,net_loss,-1.0,21,-1.0
122,2,Simplified,123,78,A K,4,10,4 10,14,1,0,0,player_blackjack,1.5,22,0.5
123,2,Simplified,124,78,A 6,K,8,K 8,18,1,0,0,net_loss,-1.0,23,-0.5
124,2,Simplified,125,78,J J,Q,5,Q 5 3,18,1,0,0,net_win,1.0,24,0.5
125,2,Simplified,126,78,A K,9,9,9 9,18,1,0,0,player_blackjack,1.5,25,2.0
126,2,Simplified,127,78,4 4,7,A,7 A,18,1,0,0,net_push,0.0,26,2.0
127,2,Simplified,128,78,8 7,6,K,6 K Q,26,1,0,0,net_win,1.0,27,3.0
128,2,Simplified,129,78,9 10,5,4,5 4 J,19,1,0,0,net_push,0.0,28,3.0
129,2,Simplified,130,78,10 4,5,A,5 A 9 5,20,1,0,0,net_loss,-1.0,29,2.0
130,2,Simplified,131,78,K 4,8,9,8 9,17,1,0,0,net_loss,-1.0,30,1.0
131,2,Simplified,132,78,7 2,A,9,A 9,20,1,0,0,net_loss,-1.0,31,0.0
132,2,Simplified,133,78,3 A,5,K,5 K 6,21,1,0,0,net_loss,-1.0,32,-1.0
133,2,Simplified,134,78,Q 4,10,3,10 3 J,23,1,0,0,net_win,1.0,33,0.0
134,2,Simplified,135,78,2 9,4,K,4 K 10,24,1,0,0,net_win,1.0,34,1.0
135,2,Simplified,136,78,7 3,10,J,10 J,20,1,0,0,net_loss,-1.0,35,0.0
136,2,Simplified,137,78,10 K,K,A,K A,21,1,0,0,dealer_blackjack,-1.0,36,-1.0
137,2,Simplified,138,78,9 A,4,6,4 6 3 8,21,1,0,0,net_loss,-1.0,37,-2.0
138,2,Simplified,139,78,8 9,8,6,8 6 K,24,1,0,0,net_win,1.0,38,-1.0
139,2,Simplified,140,78,10 J,K,6,K 6 5,21,1,0,0,net_loss,-1.0,39,-2.0
140,2,Simplified,141,78,K Q,Q,A,Q A,21,1,0,0,dealer_blackjack,-1.0,40,-3.0
141,2,Simplified,142,78,3 K,A,J,A J,21,1,0,0,dealer_blackjack,-1.0,41,-4.0
142,2,Simplified,143,78,J K,7,Q,7 Q,17,1,0,0,net_win,1.0,42,-3.0
143,2,Simplified,144,78,7 7,4,A,4 A 5,20,1,0,0,net_loss,-1.0,43,-4.0
144,2,Simplified,145,78,6 6,8,2,8 2 4 9,23,1,0,0,net_win,1.0,44,-3.0
145,2,Simplified,146,78,9 4,2,10,2 10 A 7,20,1,0,0,net_loss,-1.0,45,-4.0
146,2,Simplified,147,78,5 2,10,5,10 5 5,20,1,0,0,net_loss,-1.0,46,-5.0
147,2,Simplified,148,78,5 10,6,J,6 J 7,23,1,0,0,net_win,1.0,47,-4.0
148,2,Simplified,149,78,4 4,J,3,J 3 6,19,1,0,0,net_push,0.0,48,-4.0
149,2,Simplified,150,78,3 10,10,J,10 J,20,1,0,0,net_loss,-1.0,49,-5.0
150,2,Simplified,151,78,9 J,7,3,7 3 9,19,1,0,0,net_push,0.0,50,-5.0
151,2,Simplified,152,78,K 2,2,8,2 8 Q,20,1,0,0,net_loss,-1.0,51,-6.0
152,2,Simplified,153,78,6 K,10,8,10 8,18,1,0,0,net_loss,-1.0,52,-7.0
153,2,Simplified,154,78,A J,8,9,8 9,17,1,0,0,player_blackjack,1.5,53,-5.5
154,2,Simplified,155,78,A Q,K,7,K 7,17,1,0,0,player_blackjack,1.5,54,-4.0
155,2,Simplified,156,78,8 9,5,10,5 10 K,25,1,0,0,net_win,1.0,55,-3.0
156,2,Simplified,157,78,2 5,9,J,9 J,19,1,0,0,net_loss,-1.0,56,-4.0
157,2,Simplified,158,78,3 K,3,9,3 9 Q,22,1,0,0,net_win,1.0,57,-3.0
158,2,Simplified,159,78,6 J,4,6,4 6 4 10,24,1,0,0,net_win,1.0,58,-2.0
159,2,Simplified,160,78,10 Q,6,Q,6 Q 4,20,1,0,0,net_push,0.0,59,-2.0
160,2,Simplified,161,78,7 6,3,10,3 10 8,21,1,0,0,net_loss,-1.0,60,-3.0
161,2,Simplified,162,78,4 2,J,5,J 5 7,22,1,0,0,net_win,1.0,61,-2.0
162,2,Simplified,163,78,8 2,8,J,8 J,18,1,0,0,net_loss,-1.0,62,-3.0
163,2,Simplified,164,78,Q 5,7,9,7 9 7,23,1,0,0,net_win,1.0,63,-2.0
164,2,Simplified,165,78,2 9,6,3,6 3 9,18,1,0,0,net_win,1.0,64,-1.0
165,2,Simplified,166,78,8 K,3,9,3 9 2 7,21,1,0,0,net_loss,-1.0,65,-2.0
166,2,Simplified,167,78,A 7,9,6,9 6 J,25,1,0,0,net_win,1.0,66,-1.0
167,2,Simplified,168,78,4 A,6,A,6 A,17,1,0,0,net_loss,-1.0,67,-2.0
168,2,Simplified,169,78,A K,Q,2,Q 2,12,1,0,0,player_blackjack,1.5,68,-0.5
169,2,Simplified,170,78,3 3,2,6,2 6 K,18,1,0,0,net_win,1.0,69,0.5
170,2,Simplified,171,78,5 5,10,3,10 3 5,18,1,0,0,net_loss,-1.0,70,-0.5
171,2,Simplified,172,78,4 8,5,2,5 2 Q,17,1,0,0,net_loss,-1.0,71,-1.5
172,2,Simplified,173,78,4 6,K,A,K A,21,1,0,0,dealer_blackjack,-1.0,72,-2.5
173,2,Simplified,174,78,3 10,J,4,J 4 Q,24,1,0,0,net_win,1.0,73,-1.5
174,2,Simplified,175,78,J 8,A,6,A 6,17,1,0,0,net_win,1.0,74,-0.5
175,2,Simplified,176,78,2 4,J,Q,J Q,20,1,0,0,net_loss,-1.0,75,-1.5
176,2,Simplified,177,78,4 8,6,9,6 9 5,20,1,0,0,net_loss,-1.0,76,-2.5
177,2,Simplified,178,78,A 10,9,J,9 J,19,1,0,0,player_blackjack,1.5,77,-1.0
178,2,Simplified,179,78,9 9,9,2,9 2 8,19,1,0,0,net_loss,-1.0,78,-2.0
179,2,Simplified,180,78,7 9,6,9,6 9 4,19,1,0,0,net_loss,-1.0,79,-3.0
180,2,Simplified,181,78,J K,3,4,3 4 J,17,1,0,0,net_win,1.0,80,-2.0
181,2,Simplified,182,78,7 5,7,9,7 9 6,22,1,0,0,net_win,1.0,81,-1.0
182,2,Simplified,183,78,4 A,K,K,K K,20,1,0,0,net_loss,-1.0,82,-2.0
183,2,Simplified,184,78,5 Q,3,J,3 J 10,23,1,0,0,net_win,1.0,83,-1.0
184,2,Simplified,185,78,K A,9,7,9 7,16,1,0,0,player_blackjack,1.5,84,0.5
185,2,Simplified,186,78,Q 5,5,K,5 K 9,24,1,0,0,net_win,1.0,85,1.5
186,2,Simplified,187,78,2 2,3,10,3 10 J,23,1,0,0,net_win,1.0,86,2.5
187,2,Simplified,188,78,4 10,7,5,7 5 7,19,1,0,0,net_loss,-1.0,87,1.5
188,2,Simplified,189,78,J 10,5,4,5 4 K,19,1,0,0,net_win,1.0,88,2.5
189,2,Simplified,190,78,10 3,7,Q,7 Q,17,1,0,0,net_loss,-1.0,89,1.5
190,2,Simplified,191,78,5 5,9,5,9 5 3,17,1,0,0,net_win,1.0,90,2.5
191,2,Simplified,192,78,8 8,7,7,7 7 Q,24,1,0,0,net_win,1.0,91,3.5
192,2,Simplified,193,78,Q 8,7,A,7 A,18,1,0,0,net_push,0.0,92,3.5
193,2,Simplified,194,78,9 K,Q,5,Q 5 6,21,1,0,0,net_loss,-1.0,93,2.5
194,2,Simplified,195,78,10 A,2,8,2 8,10,1,0,0,player_blackjack,1.5,94,4.0
195,2,Simplified,196,78,J 7,4,3,4 3 A,18,1,0,0,net_loss,-1.0,95,3.0
196,2,Simplified,197,78,2 10,J,3,J 3 10,23,1,0,0,net_win,1.0,96,4.0
197,2,Simplified,198,78,10 9,K,5,K 5 K,25,1,0,0,net_win,1.0,97,5.0
198,2,Simplified,199,78,9 10,3,7,3 7 7,17,1,0,0,net_win,1.0,98,6.0
199,2,Simplified,200,78,A J,5,10,5 10,15,1,0,0,player_blackjack,1.5,99,7.5
200,2,Simplified,201,78,A 2,8,7,8 7 K,25,1,0,0,net_win,1.0,100,8.5
201,3,Basic,202,78,A 7,5,2,5 2 6 K,23,1,0,1,net_win,2.0,101,-6.0
202,3,Basic,203,78,J 10,J,4,J 4 K,24,1,0,0,net_win,1.0,102,-5.0
203,3,Basic,204,78,3 10,3,10,3 10 9,22,1,0,0,net_win,1.0,103,-4.0
204,3,Basic,205,78,7 2,6,8,6 8 2 A,17,1,0,1,net_win,2.0,104,-2.0
205,3,Basic,206,78,8 A,Q,9,Q 9,19,1,0,0,net_push,0.0,105,-2.0
206,3,Basic,207,78,4 3,8,8,8 8 K,26,1,0,0,net_win,1.0,106,-1.0
207,3,Basic,208,78,6 7,J,8,J 8,18,1,0,0,net_loss,-1.0,107,-2.0
208,3,Basic,209,78,Q 8,9,2,9 2 8,19,1,0,0,net_loss,-1.0,108,-3.0
209,3,Basic,210,78,5 10,6,3,6 3 8,17,1,0,0,net_loss,-1.0,109,-4.0
210,3,Basic,211,78,10 3,3,8,3 8 6,17,1,0,0,net_loss,-1.0,110,-5.0
211,3,Basic,212,78,J 5,K,9,K 9,19,1,0,0,net_win,1.0,111,-4.0
212,3,Basic,213,78,6 3,9,8,9 8,17,1,0,0,net_win,1.0,112,-3.0
213,3,Basic,214,78,A 6,K,J,K J,20,1,0,0,net_loss,-1.0,113,-4.0
214,3,Basic,215,78,A 3,7,K,7 K,17,1,0,0,net_loss,-1.0,114,-5.0
215,3,Basic,216,78,5 9,4,4,4 4 A,19,1,0,0,net_loss,-1.0,115,-6.0
216,3,Basic,217,78,10 K,5,4,5 4 2 Q,21,1,0,0,net_loss,-1.0,116,-7.0
217,3,Basic,218,78,6 2,7,9,7 9 3,19,1,0,0,net_push,0.0,117,-7.0
218,3,Basic,219,78,6 3,J,10,J 10,20,1,0,0,net_loss,-1.0,118,-8.0
219,3,Basic,220,78,9 A,A,4,A 4 9 4,18,1,0,0,net_win,1.0,119,-7.0
220,3,Basic,221,78,9 8,K,2,K 2 8,20,1,0,0,net_loss,-1.0,120,-8.0
221,3,Basic,222,78,J K,9,J,9 J,19,1,0,0,net_win,1.0,121,-7.0
222,3,Basic,223,78,K 9,10,7,10 7,17,1,0,0,net_win,1.0,122,-6.0
223,3,Basic,224,78,K Q,K,7,K 7,17,1,0,0,net_win,1.0,123,-5.0
224,3,Basic,225,78,4 7,J,10,J 10,20,1,0,1,net_loss,-2.0,124,-7.0
225,3,Basic,226,78,2 7,J,6,J 6 J,26,1,0,0,net_win,1.0,125,-6.0
226,3,Basic,227,78,6 J,Q,4,Q 4,14,1,0,0,net_loss,-1.0,126,-7.0
227,3,Basic,228,78,3 6,7,A,7 A,18,1,0,0,net_loss,-1.0,127,-8.0
228,3,Basic,229,78,10 J,7,6,7 6 8,21,1,0,0,net_loss,-1.0,128,-9.0
229,3,Basic,230,78,5 Q,J,7,J 7,17,1,0,0,net_win,1.0,129,-8.0
230,3,Basic,231,78,2 Q,J,6,J 6,16,1,0,0,net_loss,-1.0,130,-9.0
231,3,Basic,232,78,6 A,K,Q,K Q,20,1,0,0,net_loss,-1.0,131,-10.0
232,3,Basic,233,78,Q A,Q,2,Q 2,12,1,0,0,player_blackjack,1.5,132,-8.5
233,3,Basic,234,78,4 A,5,6,5 6 J,21,1,0,1,net_loss,-2.0,133,-10.5
234,3,Basic,235,78,6 J,7,3,7 3 5 3,18,1,0,0,net_win,1.0,134,-9.5
235,3,Basic,236,78,9 A,Q,9,Q 9,19,1,0,0,net_win,1.0,135,-8.5
236,3,Basic,237,78,J Q,K,K,K K,20,1,0,0,net_push,0.0,136,-8.5
237,3,Basic,238,78,5 6,2,J,2 J 5,17,1,0,1,net_loss,-2.0,137,-10.5
238,3,Basic,239,78,A K,5,9,5 9,14,1,0,0,player_blackjack,1.5,138,-9.0
239,3,Basic,240,78,6 Q,K,K,K K,20,1,0,0,net_loss,-1.0,139,-10.0
240,3,Basic,241,78,8 9,Q,J,Q J,20,1,0,0,net_loss,-1.0,140,-11.0
241,3,Basic,242,78,5 K,3,2,3 2 8 J,23,1,0,0,net_win,1.0,141,-10.0
242,3,Basic,243,78,2 6,7,5,7 5 A 3 6,22,1,0,0,net_win,1.0,142,-9.0
243,3,Basic,244,78,2 Q,4,A,4 A K K,25,1,0,0,net_win,1.0,143,-8.0
244,3,Basic,245,78,2 Q,2,4,2 4 6 A 7,20,1,0,0,net_loss,-1.0,144,-9.0
245,3,Basic,246,78,J 2,4,K,4 K 7,21,1,0,0,net_loss,-1.0,145,-10.0
246,3,Basic,247,78,5 3,9,7,9 7 Q,26,1,0,0,net_win,1.0,146,-9.0
247,3,Basic,248,78,K 7,2,6,2 6 8 Q,26,1,0,0,net_win,1.0,147,-8.0
248,3,Basic,249,78,A Q,2,5,2 5,7,1,0,0,player_blackjack,1.5,148,-6.5
249,3,Basic,250,78,J K,A,7,A 7,18,1,0,0,net_win,1.0,149,-5.5
250,3,Basic,251,78,4 8,6,J,6 J 5,21,1,0,0,net_loss,-1.0,150,-6.5
251,3,Basic,252,78,A 9,3,J,3 J 6,19,1,0,0,net_win,1.0,151,-5.5
252,3,Basic,253,78,10 8,2,A,2 A 4,17,1,0,0,net_win,1.0,152,-4.5
253,3,Basic,254,78,5 8,8,J,8 J,18,1,0,0,net_loss,-1.0,153,-5.5
254,3,Basic,255,78,3 5,10,J,10 J,20,1,0,0,net_loss,-1.0,154,-6.5
255,3,Basic,256,78,10 4,9,9,9 9,18,1,0,0,net_loss,-1.0,155,-7.5
256,3,Basic,257,78,10 4,9,Q,9 Q,19,1,0,0,net_win,1.0,156,-6.5
257,3,Basic,258,78,3 5,J,K,J K,20,1,0,0,net_loss,-1.0,157,-7.5
258,3,Basic,259,78,K 9,2,3,2 3 Q 7,22,1,0,0,net_win,1.0,158,-6.5
259,3,Basic,260,78,J Q,3,K,3 K 8,21,1,0,0,net_loss,-1.0,159,-7.5
260,3,Basic,261,78,Q K,K,Q,K Q,20,1,0,0,net_push,0.0,160,-7.5
261,3,Basic,262,78,8 5,Q,3,Q 3,13,1,0,0,net_loss,-1.0,161,-8.5
262,3,Basic,263,78,3 A,7,7,7 7 9,23,1,0,0,net_win,1.0,162,-7.5
263,3,Basic,264,78,J 4,10,9,10 9,19,1,0,0,net_loss,-1.0,163,-8.5
264,3,Basic,265,78,10 2,K,6,K 6,16,1,0,0,net_loss,-1.0,164,-9.5
265,3,Basic,266,78,6 9,10,Q,10 Q,20,1,0,0,net_loss,-1.0,165,-10.5
266,3,Basic,267,78,8 Q,6,K,6 K 10,26,1,0,0,net_win,1.0,166,-9.5
267,3,Basic,268,78,K 3,Q,K,Q K,20,1,0,0,net_loss,-1.0,167,-10.5
268,3,Basic,269,78,2 K,4,6,4 6 Q,20,1,0,0,net_loss,-1.0,168,-11.5
269,3,Basic,270,78,3 7,J,A,J A,21,1,0,0,dealer_blackjack,-1.0,169,-12.5
270,3,Basic,271,78,10 8,7,K,7 K,17,1,0,0,net_win,1.0,170,-11.5
271,3,Basic,272,78,A Q,7,9,7 9,16,1,0,0,player_blackjack,1.5,171,-10.0
272,3,Basic,273,78,8 J,8,2,8 2 10,20,1,0,0,net_loss,-1.0,172,-11.0
273,3,Basic,274,78,A 10,9,5,9 5,14,1,0,0,player_blackjack,1.5,173,-9.5
274,3,Basic,275,78,6 A,A,3,A 3 8 8,20,1,0,0,net_loss,-1.0,174,-10.5
275,3,Basic,276,78,K 10,A,A,A A 3 Q 3,18,1,0,0,net_win,1.0,175,-9.5
276,3,Basic,277,78,J 10,2,5,2 5 J,17,1,0,0,net_win,1.0,176,-8.5
277,3,Basic,278,78,J 7,8,5,8 5 2 3,18,1,0,0,net_loss,-1.0,177,-9.5
278,3,Basic,279,78,2 J,3,K,3 K,13,1,0,0,net_loss,-1.0,178,-10.5
279,3,Basic,280,78,K 10,A,2,A 2 4,17,1,0,0,net_win,1.0,179,-9.5
280,3,Basic,281,78,7 K,2,8,2 8 4 J,24,1,0,0,net_win,1.0,180,-8.5
281,3,Basic,282,78,K 8,4,A,4 A A K K,26,1,0,0,net_win,1.0,181,-7.5
282,3,Basic,283,78,5 2,7,4,7 4,11,1,0,0,net_loss,-1.0,182,-8.5
283,3,Basic,284,78,K 5,Q,9,Q 9,19,1,0,0,net_loss,-1.0,183,-9.5
284,3,Basic,285,78,3 2,Q,10,Q 10,20,1,0,0,net_push,0.0,184,-9.5
285,3,Basic,286,78,2 J,9,8,9 8,17,1,0,0,net_loss,-1.0,185,-10.5
286,3,Basic,287,78,10 10,9,6,9 6 Q,25,1,0,0,net_win,1.0,186,-9.5
287,3,Basic,288,78,5 9,9,10,9 10,19,1,0,0,net_loss,-1.0,187,-10.5
288,3,Basic,289,78,5 J,9,2,9 2 6,17,1,0,0,net_win,1.0,188,-9.5
289,3,Basic,290,78,J 8,7,9,7 9 3,19,1,0,0,net_loss,-1.0,189,-10.5
290,3,Basic,291,78,4 10,5,K,5 K 5,20,1,0,0,net_loss,-1.0,190,-11.5
291,3,Basic,292,78,K 3,5,Q,5 Q 2,17,1,0,0,net_loss,-1.0,191,-12.5
292,3,Basic,293,78,4 A,3,3,3 3 J 5,21,1,0,0,net_loss,-1.0,192,-13.5
293,3,Basic,294,78,10 6,7,2,7 2,9,1,0,0,net_loss,-1.0,193,-14.5
294,3,Basic,295,78,3 A,8,4,8 4 2 6,20,1,0,0,net_loss,-1.0,194,-15.5
295,3,Basic,296,78,Q 7,8,4,8 4 J,22,1,0,0,net_win,1.0,195,-14.5
296,3,Basic,297,78,5 4,6,Q,6 Q 6,22,1,0,1,net_win,2.0,196,-12.5
297,3,Basic,298,78,K 6,5,2,5 2 10,17,1,0,0,net_loss,-1.0,197,-13.5
298,3,Basic,299,78,2 4,3,A,3 A 9 3 Q,26,1,0,0,net_win,1.0,198,-12.5
299,3,Basic,300,78,5 4,Q,8,Q 8,18,1,0,0,net_win,1.0,199,-11.5
300,3,Basic,301,78,6 4,9,Q,9 Q,19,1,0,1,net_loss,-2.0,200,-13.5
301,4,Simplified,302,78,6 J,10,Q,10 Q,20,1,0,0,net_loss,-1.0,101,7.5
302,4,Simplified,303,78,Q 7,K,7,K 7,17,1,0,0,net_push,0.0,102,7.5
303,4,Simplified,304,78,6 A,2,7,2 7 Q,19,1,0,0,net_loss,-1.0,103,6.5
304,4,Simplified,305,78,2 10,8,3,8 3 3 J,24,1,0,0,net_win,1.0,104,7.5
305,4,Simplified,306,78,5 2,9,4,9 4 6,19,1,0,0,net_loss,-1.0,105,6.5
306,4,Simplified,307,78,K J,A,8,A 8,19,1,0,0,net_win,1.0,106,7.5
307,4,Simplified,308,78,5 2,6,7,6 7 4,17,1,0,0,net_loss,-1.0,107,6.5
308,4,Simplified,309,78,J 3,J,9,J 9,19,1,0,0,net_loss,-1.0,108,5.5
309,4,Simplified,310,78,10 A,10,9,10 9,19,1,0,0,player_blackjack,1.5,109,7.0
310,4,Simplified,311,78,K K,K,5,K 5 6,21,1,0,0,net_loss,-1.0,110,6.0
311,4,Simplified,312,78,9 2,8,8,8 8 K,26,1,0,0,net_win,1.0,111,7.0
312,4,Simplified,313,78,Q 8,8,J,8 J,18,1,0,0,net_push,0.0,112,7.0
313,4,Simplified,314,78,6 8,A,9,A 9,20,1,0,0,net_loss,-1.0,113,6.0
314,4,Simplified,315,78,Q 5,3,A,3 A 3,17,1,0,0,net_loss,-1.0,114,5.0
315,4,Simplified,316,78,9 K,Q,3,Q 3 4,17,1,0,0,net_win,1.0,115,6.0
316,4,Simplified,317,78,A 6,5,A,5 A 4,20,1,0,0,net_win,1.0,116,7.0
317,4,Simplified,318,78,7 9,J,A,J A,21,1,0,0,dealer_blackjack,-1.0,117,6.0
318,4,Simplified,319,78,5 8,6,4,6 4 5 Q,25,1,0,0,net_win,1.0,118,7.0
319,4,Simplified,320,78,A A,10,7,10 7,17,1,0,0,net_win,1.0,119,8.0
320,4,Simplified,321,78,6 6,7,Q,7 Q,17,1,0,0,net_loss,-1.0,120,7.0
321,4,Simplified,322,78,J 6,8,8,8 8 3,19,1,0,0,net_loss,-1.0,121,6.0
322,4,Simplified,323,78,7 7,K,7,K 7,17,1,0,0,net_loss,-1.0,122,5.0
323,4,Simplified,324,78,Q K,3,A,3 A Q 9,23,1,0,0,net_win,1.0,123,6.0
324,4,Simplified,325,78,A 2,7,8,7 8 4,19,1,0,0,net_loss,-1.0,124,5.0
325,4,Simplified,326,78,9 Q,3,Q,3 Q 9,22,1,0,0,net_win,1.0,125,6.0
326,4,Simplified,327,78,8 Q,Q,K,Q K,20,1,0,0,net_loss,-1.0,126,5.0
327,4,Simplified,328,78,8 7,4,10,4 10 7,21,1,0,0,net_loss,-1.0,127,4.0
328,4,Simplified,329,78,3 Q,Q,4,Q 4 J,24,1,0,0,net_win,1.0,128,5.0
329,4,Simplified,330,78,7 4,4,A,4 A 7 8,20,1,0,0,net_win,1.0,129,6.0
330,4,Simplified,331,78,9 K,3,A,3 A 6,20,1,0,0,net_loss,-1.0,130,5.0
331,4,Simplified,332,78,6 2,5,K,5 K 3,18,1,0,0,net_loss,-1.0,131,4.0
332,4,Simplified,333,78,4 7,8,J,8 J,18,1,0,0,net_loss,-1.0,132,3.0
333,4,Simplified,334,78,6 2,Q,9,Q 9,19,1,0,0,net_loss,-1.0,133,2.0
334,4,Simplified,335,78,9 6,2,10,2 10 5,17,1,0,0,net_loss,-1.0,134,1.0
335,4,Simplified,336,78,A A,6,4,6 4 K,20,1,0,0,net_loss,-1.0,135,0.0
336,4,Simplified,337,78,J K,5,9,5 9 5,19,1,0,0,net_win,1.0,136,1.0
337,4,Simplified,338,78,6 A,4,Q,4 Q 3,17,1,0,0,net_push,0.0,137,1.0
338,4,Simplified,339,78,9 3,2,2,2 2 K 5,19,1,0,0,net_loss,-1.0,138,0.0
339,4,Simplified,340,78,3 9,6,K,6 K 9,25,1,0,0,net_win,1.0,139,1.0
340,4,Simplified,341,78,Q A,8,K,8 K,18,1,0,0,player_blackjack,1.5,140,2.5
341,4,Simplified,342,78,A 7,3,3,3 3 Q 9,25,1,0,0,net_win,1.0,141,3.5
342,4,Simplified,343,78,7 5,6,2,6 2 A,19,1,0,0,net_loss,-1.0,142,2.5
343,4,Simplified,344,78,6 J,3,7,3 7 2 2 4,18,1,0,0,net_loss,-1.0,143,1.5
344,4,Simplified,345,78,2 K,10,9,10 9,19,1,0,0,net_loss,-1.0,144,0.5
345,4,Simplified,346,78,A 10,K,10,K 10,20,1,0,0,player_blackjack,1.5,145,2.0
346,4,Simplified,347,78,2 8,3,K,3 K 5,18,1,0,0,net_win,1.0,146,3.0
347,4,Simplified,348,78,A J,6,4,6 4,10,1,0,0,player_blackjack,1.5,147,4.5
348,4,Simplified,349,78,9 4,2,Q,2 Q 9,21,1,0,0,net_loss,-1.0,148,3.5
349,4,Simplified,350,78,3 K,4,4,4 4 Q,18,1,0,0,net_loss,-1.0,149,2.5
350,4,Simplified,351,78,4 A,5,J,5 J 7,22,1,0,0,net_win,1.0,150,3.5
351,4,Simplified,352,78,3 A,Q,J,Q J,20,1,0,0,net_loss,-1.0,151,2.5
352,4,Simplified,353,78,6 Q,3,4,3 4 2 10,19,1,0,0,net_loss,-1.0,152,1.5
353,4,Simplified,354,78,5 9,10,6,10 6 10,26,1,0,0,net_win,1.0,153,2.5
354,4,Simplified,355,78,K 3,7,Q,7 Q,17,1,0,0,net_loss,-1.0,154,1.5
355,4,Simplified,356,78,K 3,9,9,9 9,18,1,0,0,net_loss,-1.0,155,0.5
356,4,Simplified,357,78,K 4,5,6,5 6 K,21,1,0,0,net_loss,-1.0,156,-0.5
357,4,Simplified,358,78,5 7,J,9,J 9,19,1,0,0,net_loss,-1.0,157,-1.5
358,4,Simplified,359,78,4 4,9,K,9 K,19,1,0,0,net_loss,-1.0,158,-2.5
359,4,Simplified,360,78,Q 4,10,K,10 K,20,1,0,0,net_loss,-1.0,159,-3.5
360,4,Simplified,361,78,10 6,2,10,2 10 A 7,20,1,0,0,net_loss,-1.0,160,-4.5
361,4,Simplified,362,78,A J,3,A,3 A,14,1,0,0,player_blackjack,1.5,161,-3.0
362,4,Simplified,363,78,A 8,9,J,9 J,19,1,0,0,net_push,0.0,162,-3.0
363,4,Simplified,364,78,K J,J,7,J 7,17,1,0,0,net_win,1.0,163,-2.0
364,4,Simplified,365,78,3 5,A,9,A 9,20,1,0,0,net_loss,-1.0,164,-3.0
365,4,Simplified,366,78,Q K,K,K,K K,20,1,0,0,net_push,0.0,165,-3.0
366,4,Simplified,367,78,7 5,A,Q,A Q,21,1,0,0,dealer_blackjack,-1.0,166,-4.0
367,4,Simplified,368,78,J J,4,7,4 7 6,17,1,0,0,net_win,1.0,167,-3.0
368,4,Simplified,369,78,3 10,Q,10,Q 10,20,1,0,0,net_loss,-1.0,168,-4.0
369,4,Simplified,370,78,9 3,3,8,3 8 7,18,1,0,0,net_loss,-1.0,169,-5.0
370,4,Simplified,371,78,3 10,7,Q,7 Q,17,1,0,0,net_loss,-1.0,170,-6.0
371,4,Simplified,372,78,3 A,10,8,10 8,18,1,0,0,net_win,1.0,171,-5.0
372,4,Simplified,373,78,A J,Q,3,Q 3,13,1,0,0,player_blackjack,1.5,172,-3.5
373,4,Simplified,374,78,Q 5,3,K,3 K 4,17,1,0,0,net_loss,-1.0,173,-4.5
374,4,Simplified,375,78,6 Q,8,K,8 K,18,1,0,0,net_loss,-1.0,174,-5.5
375,4,Simplified,376,78,9 A,Q,4,Q 4 J,24,1,0,0,net_win,1.0,175,-4.5
376,4,Simplified,377,78,7 9,Q,2,Q 2 6,18,1,0,0,net_loss,-1.0,176,-5.5
377,4,Simplified,378,78,6 10,K,6,K 6 J,26,1,0,0,net_win,1.0,177,-4.5
378,4,Simplified,379,78,2 3,2,4,2 4 3 K,19,1,0,0,net_loss,-1.0,178,-5.5
379,4,Simplified,380,78,9 2,6,10,6 10 3,19,1,0,0,net_loss,-1.0,179,-6.5
380,4,Simplified,381,78,10 A,Q,K,Q K,20,1,0,0,player_blackjack,1.5,180,-5.0
381,4,Simplified,382,78,K 2,10,5,10 5 Q,25,1,0,0,net_win,1.0,181,-4.0
382,4,Simplified,383,78,2 10,4,K,4 K 6,20,1,0,0,net_loss,-1.0,182,-5.0
383,4,Simplified,384,78,7 K,4,2,4 2 10 J,26,1,0,0,net_win,1.0,183,-4.0
384,4,Simplified,385,78,3 8,J,2,J 2 3 A 6,22,1,0,0,net_win,1.0,184,-3.0
385,4,Simplified,386,78,2 3,2,2,2 2 10 8,22,1,0,0,net_win,1.0,185,-2.0
386,4,Simplified,387,78,K 8,2,4,2 4 6 J,22,1,0,0,net_win,1.0,186,-1.0
387,4,Simplified,388,78,5 5,2,9,2 9 7,18,1,0,0,net_win,1.0,187,0.0
388,4,Simplified,389,78,10 4,3,K,3 K 7,20,1,0,0,net_loss,-1.0,188,-1.0
389,4,Simplified,390,78,Q Q,10,7,10 7,17,1,0,0,net_win,1.0,189,0.0
390,4,Simplified,391,78,8 K,3,9,3 9 J,22,1,0,0,net_win,1.0,190,1.0
391,4,Simplified,392,78,A J,4,2,4 2,6,1,0,0,player_blackjack,1.5,191,2.5
392,4,Simplified,393,78,K 7,K,8,K 8,18,1,0,0,net_loss,-1.0,192,1.5
393,4,Simplified,394,78,10 5,6,8,6 8 5,19,1,0,0,net_loss,-1.0,193,0.5
394,4,Simplified,395,78,4 7,5,A,5 A 2,18,1,0,0,net_win,1.0,194,1.5
395,4,Simplified,396,78,A J,6,9,6 9,15,1,0,0,player_blackjack,1.5,195,3.0
396,4,Simplified,397,78,J 3,8,Q,8 Q,18,1,0,0,net_loss,-1.0,196,2.0
397,4,Simplified,398,78,9 K,4,J,4 J 8,22,1,0,0,net_win,1.0,197,3.0
398,4,Simplified,399,78,2 8,5,9,5 9 K,24,1,0,0,net_win,1.0,198,4.0
399,4,Simplified,400,78,4 4,5,7,5 7 7,19,1,0,0,net_loss,-1.0,199,3.0
400,4,Simplified,401,78,10 6,A,Q,A Q,21,1,0,0,dealer_blackjack,-1.0,200,2.0
401,5,Basic,402,78,9 Q,K,3,K 3 2 A A,17,1,0,0,net_win,1.0,201,-12.5
402,5,Basic,403,78,9 J,J,Q,J Q,20,1,0,0,net_loss,-1.0,202,-13.5
403,5,Basic,404,78,10 4,A,8,A 8,19,1,0,0,net_loss,-1.0,203,-14.5
404,5,Basic,405,78,7 10,A,J,A J,21,1,0,0,dealer_blackjack,-1.0,204,-15.5
405,5,Basic,406,78,6 6,5,4,5 4 9,18,2,1,1,net_loss,-3.0,205,-18.5
406,5,Basic,407,78,7 6,9,9,9 9,18,1,0,0,net_loss,-1.0,206,-19.5
407,5,Basic,408,78,6 Q,A,6,A 6,17,1,0,0,net_loss,-1.0,207,-20.5
408,5,Basic,409,78,6 10,J,4,J 4 10,24,1,0,0,net_win,1.0,208,-19.5
409,5,Basic,410,78,J 2,10,8,10 8,18,1,0,0,net_loss,-1.0,209,-20.5
410,5,Basic,411,78,K 8,6,6,6 6 6,18,1,0,0,net_push,0.0,210,-20.5
411,5,Basic,412,78,4 3,5,10,5 10 K,25,1,0,0,net_win,1.0,211,-19.5
412,5,Basic,413,78,2 6,4,3,4 3 5 J,22,1,0,0,net_win,1.0,212,-18.5
413,5,Basic,414,78,4 K,10,7,10 7,17,1,0,0,net_win,1.0,213,-17.5
414,5,Basic,415,78,4 Q,10,8,10 8,18,1,0,0,net_loss,-1.0,214,-18.5
415,5,Basic,416,78,3 K,K,K,K K,20,1,0,0,net_loss,-1.0,215,-19.5
416,5,Basic,417,78,J 10,9,3,9 3 2 J,24,1,0,0,net_win,1.0,216,-18.5
417,5,Basic,418,78,3 9,3,7,3 7 2 4 10,26,1,0,0,net_win,1.0,217,-17.5
418,5,Basic,419,78,7 Q,9,2,9 2 K,21,1,0,0,net_loss,-1.0,218,-18.5
419,5,Basic,420,78,Q K,8,8,8 8 6,22,1,0,0,net_win,1.0,219,-17.5
420,5,Basic,421,78,9 4,10,A,10 A,21,1,0,0,dealer_blackjack,-1.0,220,-18.5
421,5,Basic,422,78,5 K,10,Q,10 Q,20,1,0,0,net_loss,-1.0,221,-19.5
422,5,Basic,423,78,6 9,9,7,9 7,16,1,0,0,net_loss,-1.0,222,-20.5
423,5,Basic,424,78,3 J,7,2,7 2 2 K,21,1,0,0,net_loss,-1.0,223,-21.5
424,5,Basic,425,78,Q 2,6,Q,6 Q A,17,1,0,0,net_loss,-1.0,224,-22.5
425,5,Basic,426,78,Q 8,6,3,6 3 5 10,24,1,0,0,net_win,1.0,225,-21.5
426,5,Basic,427,78,9 3,9,9,9 9,18,1,0,0,net_loss,-1.0,226,-22.5
427,5,Basic,428,78,3 A,2,J,2 J J,22,1,0,0,net_win,1.0,227,-21.5
428,5,Basic,429,78,10 5,9,5,9 5 5,19,1,0,0,net_loss,-1.0,228,-22.5
429,5,Basic,430,78,8 7,4,7,4 7 6,17,1,0,0,net_loss,-1.0,229,-23.5
430,5,Basic,431,78,10 9,2,3,2 3 4 7 8,24,1,0,0,net_win,1.0,230,-22.5
431,5,Basic,432,78,A 10,8,8,8 8,16,1,0,0,player_blackjack,1.5,231,-21.0
432,5,Basic,433,78,10 J,6,J,6 J 2,18,1,0,0,net_win,1.0,232,-20.0
433,5,Basic,434,78,2 Q,A,3,A 3 6,20,1,0,0,net_loss,-1.0,233,-21.0
434,5,Basic,435,78,9 A,2,9,2 9 J,21,1,0,0,net_loss,-1.0,234,-22.0
435,5,Basic,436,78,2 7,3,4,3 4 3 3 3 6,22,1,0,1,net_win,2.0,235,-20.0
436,5,Basic,437,78,4 8,K,5,K 5,15,1,0,0,net_loss,-1.0,236,-21.0
437,5,Basic,438,78,J 7,3,K,3 K 5,18,1,0,0,net_loss,-1.0,237,-22.0
438,5,Basic,439,78,5 K,7,3,7 3,10,1,0,0,net_loss,-1.0,238,-23.0
439,5,Basic,440,78,6 8,10,A,10 A,21,1,0,0,dealer_blackjack,-1.0,239,-24.0
440,5,Basic,441,78,3 J,7,J,7 J,17,1,0,0,net_loss,-1.0,240,-25.0
441,5,Basic,442,78,A 8,4,9,4 9 A 4,18,1,0,0,net_win,1.0,241,-24.0
442,5,Basic,443,78,7 7,2,2,2 2 2 A,17,2,1,1,net_win,3.0,242,-21.0
443,5,Basic,444,78,4 9,Q,3,Q 3,13,1,0,0,net_loss,-1.0,243,-22.0
444,5,Basic,445,78,3 A,2,9,2 9 6,17,1,0,0,net_win,1.0,244,-21.0
445,5,Basic,446,78,7 3,6,10,6 10 K,26,1,0,1,net_win,2.0,245,-19.0
446,5,Basic,447,78,10 5,K,8,K 8,18,1,0,0,net_loss,-1.0,246,-20.0
447,5,Basic,448,78,10 9,8,7,8 7 K,25,1,0,0,net_win,1.0,247,-19.0
448,5,Basic,449,78,4 K,K,2,K 2,12,1,0,0,net_loss,-1.0,248,-20.0
449,5,Basic,450,78,9 6,8,7,8 7 8,23,1,0,0,net_win,1.0,249,-19.0
450,5,Basic,451,78,Q 5,7,5,7 5 10,22,1,0,0,net_win,1.0,250,-18.0
451,5,Basic,452,78,Q 5,2,4,2 4 3 A,20,1,0,0,net_loss,-1.0,251,-19.0
452,5,Basic,453,78,A 8,K,4,K 4 6,20,1,0,0,net_loss,-1.0,252,-20.0
453,5,Basic,454,78,10 Q,9,9,9 9,18,1,0,0,net_win,1.0,253,-19.0
454,5,Basic,455,78,8 K,6,7,6 7 J,23,1,0,0,net_win,1.0,254,-18.0
455,5,Basic,456,78,5 8,4,7,4 7 7,18,1,0,0,net_loss,-1.0,255,-19.0
456,5,Basic,457,78,K J,2,8,2 8 6 Q,26,1,0,0,net_win,1.0,256,-18.0
457,5,Basic,458,78,10 2,6,4,6 4 A,21,1,0,0,net_loss,-1.0,257,-19.0
458,5,Basic,459,78,A 3,7,2,7 2,9,1,0,0,net_loss,-1.0,258,-20.0
459,5,Basic,460,78,5 2,10,7,10 7,17,1,0,0,net_win,1.0,259,-19.0
460,5,Basic,461,78,4 7,J,J,J J,20,1,0,1,net_loss,-2.0,260,-21.0
461,5,Basic,462,78,A 7,7,J,7 J,17,1,0,0,net_win,1.0,261,-20.0
462,5,Basic,463,78,10 7,9,5,9 5 3,17,1,0,0,net_push,0.0,262,-20.0
463,5,Basic,464,78,8 10,J,Q,J Q,20,1,0,0,net_loss,-1.0,263,-21.0
464,5,Basic,465,78,Q 10,8,A,8 A,19,1,0,0,net_win,1.0,264,-20.0
465,5,Basic,466,78,J 8,9,J,9 J,19,1,0,0,net_loss,-1.0,265,-21.0
466,5,Basic,467,78,J 4,9,10,9 10,19,1,0,0,net_win,1.0,266,-20.0
467,5,Basic,468,78,3 2,5,4,5 4 K,19,1,0,0,net_loss,-1.0,267,-21.0
468,5,Basic,469,78,5 K,4,5,4 5 A,20,1,0,0,net_loss,-1.0,268,-22.0
469,5,Basic,470,78,6 K,A,A,A A,12,1,0,0,net_loss,-1.0,269,-23.0
470,5,Basic,471,78,10 4,4,10,4 10 K,24,1,0,0,net_win,1.0,270,-22.0
471,5,Basic,472,78,10 J,7,4,7 4 8,19,1,0,0,net_win,1.0,271,-21.0
472,5,Basic,473,78,K J,7,Q,7 Q,17,1,0,0,net_win,1.0,272,-20.0
473,5,Basic,474,78,2 7,8,3,8 3 8,19,1,0,0,net_loss,-1.0,273,-21.0
474,5,Basic,475,78,2 9,A,3,A 3,14,1,0,0,net_loss,-1.0,274,-22.0
475,5,Basic,476,78,9 6,2,J,2 J 6,18,1,0,0,net_loss,-1.0,275,-23.0
476,5,Basic,477,78,5 8,7,5,7 5 7,19,1,0,0,net_loss,-1.0,276,-24.0
477,5,Basic,478,78,J 10,5,4,5 4 2 8,19,1,0,0,net_win,1.0,277,-23.0
478,5,Basic,479,78,3 8,2,8,2 8 J,20,1,0,1,net_loss,-2.0,278,-25.0
479,5,Basic,480,78,Q 7,9,10,9 10,19,1,0,0,net_loss,-1.0,279,-26.0
480,5,Basic,481,78,J 5,K,7,K 7,17,1,0,0,net_win,1.0,280,-25.0
481,5,Basic,482,78,9 10,J,6,J 6 Q,26,1,0,0,net_win,1.0,281,-24.0
482,5,Basic,483,78,7 J,Q,7,Q 7,17,1,0,0,net_push,0.0,282,-24.0
483,5,Basic,484,78,Q 4,9,2,9 2,11,1,0,0,net_loss,-1.0,283,-25.0
484,5,Basic,485,78,2 5,8,2,8 2 7,17,1,0,0,net_push,0.0,284,-25.0
485,5,Basic,486,78,6 2,4,10,4 10 4,18,1,0,0,net_loss,-1.0,285,-26.0
486,5,Basic,487,78,6 Q,4,3,4 3 4 Q,21,1,0,0,net_loss,-1.0,286,-27.0
487,5,Basic,488,78,6 6,7,7,7 7,14,1,0,0,net_loss,-1.0,287,-28.0
488,5,Basic,489,78,8 3,A,3,A 3,14,1,0,0,net_loss,-1.0,288,-29.0
489,5,Basic,490,78,3 6,2,3,2 3 K A 4,20,1,0,0,net_loss,-1.0,289,-30.0
490,5,Basic,491,78,8 7,4,A,4 A 5,20,1,0,0,net_loss,-1.0,290,-31.0
491,5,Basic,492,78,8 Q,9,4,9 4 A 5,19,1,0,0,net_loss,-1.0,291,-32.0
492,5,Basic,493,78,9 3,2,J,2 J,12,1,0,0,net_loss,-1.0,292,-33.0
493,5,Basic,494,78,10 6,10,A,10 A,21,1,0,0,dealer_blackjack,-1.0,293,-34.0
494,5,Basic,495,78,6 6,6,Q,6 Q 4,20,2,1,1,net_loss,-3.0,294,-37.0
495,5,Basic,496,78,Q Q,9,6,9 6 5,20,1,0,0,net_push,0.0,295,-37.0
496,5,Basic,497,78,6 7,J,7,J 7,17,1,0,0,net_loss,-1.0,296,-38.0
497,5,Basic,498,78,2 7,Q,Q,Q Q,20,1,0,0,net_loss,-1.0,297,-39.0
498,5,Basic,499,78,8 J,A,4,A 4 8 A 4,18,1,0,0,net_push,0.0,298,-39.0
499,5,Basic,500,78,2 A,7,9,7 9 7,23,1,0,0,net_win,1.0,299,-38.0
500,5,Basic,501,78,10 6,4,2,4 2 3 5 7,21,1,0,0,net_loss,-1.0,300,-39.0
501,6,Simplified,502,78,J K,K,10,K 10,20,1,0,0,net_push,0.0,201,2.0
502,6,Simplified,503,78,5 2,8,9,8 9,17,1,0,0,net_loss,-1.0,202,1.0
503,6,Simplified,504,78,4 3,6,2,6 2 8 8,24,1,0,0,net_win,1.0,203,2.0
504,6,Simplified,505,78,5 3,5,Q,5 Q K,25,1,0,0,net_win,1.0,204,3.0
505,6,Simplified,506,78,6 A,6,9,6 9 9,24,1,0,0,net_win,1.0,205,4.0
506,6,Simplified,507,78,6 J,K,8,K 8,18,1,0,0,net_loss,-1.0,206,3.0
507,6,Simplified,508,78,9 10,9,6,9 6 4,19,1,0,0,net_push,0.0,207,3.0
508,6,Simplified,509,78,5 8,K,7,K 7,17,1,0,0,net_loss,-1.0,208,2.0
509,6,Simplified,510,78,9 K,5,6,5 6 5 6,22,1,0,0,net_win,1.0,209,3.0
510,6,Simplified,511,78,6 J,5,5,5 5 K,20,1,0,0,net_loss,-1.0,210,2.0
511,6,Simplified,512,78,5 2,5,3,5 3 6 7,21,1,0,0,net_loss,-1.0,211,1.0
512,6,Simplified,513,78,6 J,5,8,5 8 9,22,1,0,0,net_win,1.0,212,2.0
513,6,Simplified,514,78,9 K,K,K,K K,20,1,0,0,net_loss,-1.0,213,1.0
514,6,Simplified,515,78,4 9,J,5,J 5 2,17,1,0,0,net_loss,-1.0,214,0.0
515,6,Simplified,516,78,2 7,J,4,J 4 9,23,1,0,0,net_win,1.0,215,1.0
516,6,Simplified,517,78,7 K,7,5,7 5 J,22,1,0,0,net_win,1.0,216,2.0
517,6,Simplified,518,78,8 5,4,Q,4 Q K,24,1,0,0,net_win,1.0,217,3.0
518,6,Simplified,519,78,8 6,9,9,9 9,18,1,0,0,net_loss,-1.0,218,2.0
519,6,Simplified,520,78,8 J,8,5,8 5 9,22,1,0,0,net_win,1.0,219,3.0
520,6,Simplified,521,78,5 7,A,9,A 9,20,1,0,0,net_loss,-1.0,220,2.0
521,6,Simplified,522,78,5 Q,9,9,9 9,18,1,0,0,net_loss,-1.0,221,1.0
522,6,Simplified,523,78,5 4,Q,4,Q 4 3,17,1,0,0,net_win,1.0,222,2.0
523,6,Simplified,524,78,5 A,6,3,6 3 7 2,18,1,0,0,net_win,1.0,223,3.0
524,6,Simplified,525,78,4 5,A,9,A 9,20,1,0,0,net_loss,-1.0,224,2.0
525,6,Simplified,526,78,9 7,3,Q,3 Q 10,23,1,0,0,net_win,1.0,225,3.0
526,6,Simplified,527,78,6 9,Q,4,Q 4 4,18,1,0,0,net_loss,-1.0,226,2.0
527,6,Simplified,528,78,9 K,9,9,9 9,18,1,0,0,net_win,1.0,227,3.0
528,6,Simplified,529,78,5 5,K,6,K 6 9,25,1,0,0,net_win,1.0,228,4.0
529,6,Simplified,530,78,2 K,5,2,5 2 J,17,1,0,0,net_loss,-1.0,229,3.0
530,6,Simplified,531,78,6 Q,8,K,8 K,18,1,0,0,net_loss,-1.0,230,2.0
531,6,Simplified,532,78,6 2,K,6,K 6 9,25,1,0,0,net_win,1.0,231,3.0
532,6,Simplified,533,78,6 7,8,10,8 10,18,1,0,0,net_loss,-1.0,232,2.0
533,6,Simplified,534,78,K 7,6,10,6 10 2,18,1,0,0,net_loss,-1.0,233,1.0
534,6,Simplified,535,78,3 A,6,10,6 10 A,17,1,0,0,net_loss,-1.0,234,0.0
535,6,Simplified,536,78,2 K,10,9,10 9,19,1,0,0,net_loss,-1.0,235,-1.0
536,6,Simplified,537,78,2 2,4,5,4 5 9,18,1,0,0,net_loss,-1.0,236,-2.0
537,6,Simplified,538,78,Q Q,3,A,3 A 4,18,1,0,0,net_win,1.0,237,-1.0
538,6,Simplified,539,78,9 K,6,3,6 3 6 5,20,1,0,0,net_loss,-1.0,238,-2.0
539,6,Simplified,540,78,J 8,3,10,3 10 8,21,1,0,0,net_loss,-1.0,239,-3.0
540,6,Simplified,541,78,3 K,6,5,6 5 9,20,1,0,0,net_loss,-1.0,240,-4.0
541,6,Simplified,542,78,8 9,A,2,A 2 6,19,1,0,0,net_loss,-1.0,241,-5.0
542,6,Simplified,543,78,K 2,9,J,9 J,19,1,0,0,net_loss,-1.0,242,-6.0
543,6,Simplified,544,78,9 10,K,10,K 10,20,1,0,0,net_loss,-1.0,243,-7.0
544,6,Simplified,545,78,5 5,2,Q,2 Q K,22,1,0,0,net_win,1.0,244,-6.0
545,6,Simplified,546,78,2 9,7,10,7 10,17,1,0,0,net_loss,-1.0,245,-7.0
546,6,Simplified,547,78,10 4,5,K,5 K 5,20,1,0,0,net_loss,-1.0,246,-8.0
547,6,Simplified,548,78,J A,4,J,4 J,14,1,0,0,player_blackjack,1.5,247,-6.5
548,6,Simplified,549,78,A Q,6,3,6 3,9,1,0,0,player_blackjack,1.5,248,-5.0
549,6,Simplified,550,78,J J,3,3,3 3 9 A 6,22,1,0,0,net_win,1.0,249,-4.0
550,6,Simplified,551,78,8 2,4,Q,4 Q A K,25,1,0,0,net_win,1.0,250,-3.0
551,6,Simplified,552,78,K 6,J,9,J 9,19,1,0,0,net_loss,-1.0,251,-4.0
552,6,Simplified,553,78,Q J,7,A,7 A,18,1,0,0,net_win,1.0,252,-3.0
553,6,Simplified,554,78,4 9,7,9,7 9 4,20,1,0,0,net_loss,-1.0,253,-4.0
554,6,Simplified,555,78,7 5,K,3,K 3 9,22,1,0,0,net_win,1.0,254,-3.0
555,6,Simplified,556,78,7 8,6,3,6 3 5 J,24,1,0,0,net_win,1.0,255,-2.0
556,6,Simplified,557,78,J 9,10,2,10 2 7,19,1,0,0,net_push,0.0,256,-2.0
557,6,Simplified,558,78,7 5,10,Q,10 Q,20,1,0,0,net_loss,-1.0,257,-3.0
558,6,Simplified,559,78,6 10,7,3,7 3 2 4 A,17,1,0,0,net_loss,-1.0,258,-4.0
559,6,Simplified,560,78,9 3,5,K,5 K 2,17,1,0,0,net_loss,-1.0,259,-5.0
560,6,Simplified,561,78,J Q,2,7,2 7 5 A 9,24,1,0,0,net_win,1.0,260,-4.0
561,6,Simplified,562,78,10 2,4,A,4 A 6,21,1,0,0,net_loss,-1.0,261,-5.0
562,6,Simplified,563,78,5 6,Q,6,Q 6 4,20,1,0,0,net_loss,-1.0,262,-6.0
563,6,Simplified,564,78,3 8,Q,10,Q 10,20,1,0,0,net_win,1.0,263,-5.0
564,6,Simplified,565,78,A 5,J,K,J K,20,1,0,0,net_loss,-1.0,264,-6.0
565,6,Simplified,566,78,Q 3,A,5,A 5 K K,26,1,0,0,net_win,1.0,265,-5.0
566,6,Simplified,567,78,4 9,10,3,10 3 9,22,1,0,0,net_win,1.0,266,-4.0
567,6,Simplified,568,78,J A,10,A,10 A,21,1,0,0,push_blackjack,0.0,267,-4.0
568,6,Simplified,569,78,10 J,K,K,K K,20,1,0,0,net_push,0.0,268,-4.0
569,6,Simplified,570,78,9 A,A,7,A 7,18,1,0,0,net_win,1.0,269,-3.0
570,6,Simplified,571,78,A 5,10,A,10 A,21,1,0,0,dealer_blackjack,-1.0,270,-4.0
571,6,Simplified,572,78,8 A,5,8,5 8 J,23,1,0,0,net_win,1.0,271,-3.0
572,6,Simplified,573,78,9 7,J,J,J J,20,1,0,0,net_loss,-1.0,272,-4.0
573,6,Simplified,574,78,2 7,K,9,K 9,19,1,0,0,net_push,0.0,273,-4.0
574,6,Simplified,575,78,4 4,2,J,2 J 7,19,1,0,0,net_loss,-1.0,274,-5.0
575,6,Simplified,576,78,2 6,7,3,7 3 Q,20,1,0,0,net_loss,-1.0,275,-6.0
576,6,Simplified,577,78,Q A,2,8,2 8,10,1,0,0,player_blackjack,1.5,276,-4.5
577,6,Simplified,578,78,7 K,8,J,8 J,18,1,0,0,net_loss,-1.0,277,-5.5
578,6,Simplified,579,78,10 2,7,J,7 J,17,1,0,0,net_loss,-1.0,278,-6.5
579,6,Simplified,580,78,2 3,3,A,3 A Q 4,18,1,0,0,net_win,1.0,279,-5.5
580,6,Simplified,581,78,8 J,9,4,9 4 3 10,26,1,0,0,net_win,1.0,280,-4.5
581,6,Simplified,582,78,A A,5,3,5 3 K,18,1,0,0,net_loss,-1.0,281,-5.5
582,6,Simplified,583,78,8 5,6,2,6 2 4 Q,22,1,0,0,net_win,1.0,282,-4.5
583,6,Simplified,584,78,3 6,2,K,2 K 6,18,1,0,0,net_loss,-1.0,283,-5.5
584,6,Simplified,585,78,6 K,6,Q,6 Q 4,20,1,0,0,net_loss,-1.0,284,-6.5
585,6,Simplified,586,78,10 7,A,4,A 4 10 3,18,1,0,0,net_loss,-1.0,285,-7.5
586,6,Simplified,587,78,Q 7,9,K,9 K,19,1,0,0,net_loss,-1.0,286,-8.5
587,6,Simplified,588,78,8 8,A,9,A 9,20,1,0,0,net_loss,-1.0,287,-9.5
588,6,Simplified,589,78,8 3,10,10,10 10,20,1,0,0,net_win,1.0,288,-8.5
589,6,Simplified,590,78,5 J,9,Q,9 Q,19,1,0,0,net_loss,-1.0,289,-9.5
590,6,Simplified,591,78,J J,2,6,2 6 6 A 2,17,1,0,0,net_win,1.0,290,-8.5
591,6,Simplified,592,78,9 K,J,5,J 5 J,25,1,0,0,net_win,1.0,291,-7.5
592,6,Simplified,593,78,9 J,7,K,7 K,17,1,0,0,net_win,1.0,292,-6.5
593,6,Simplified,594,78,10 3,9,K,9 K,19,1,0,0,net_loss,-1.0,293,-7.5
594,6,Simplified,595,78,4 5,9,A,9 A,20,1,0,0,net_loss,-1.0,294,-8.5
595,6,Simplified,596,78,2 5,9,3,9 3 2 9,23,1,0,0,net_win,1.0,295,-7.5
596,6,Simplified,597,78,9 K,2,3,2 3 10 4,19,1,0,0,net_push,0.0,296,-7.5
597,6,Simplified,598,78,J 7,8,A,8 A,19,1,0,0,net_loss,-1.0,297,-8.5
598,6,Simplified,599,78,6 7,8,K,8 K,18,1,0,0,net_loss,-1.0,298,-9.5
599,6,Simplified,600,78,3 8,K,10,K 10,20,1,0,0,net_loss,-1.0,299,-10.5
600,6,Simplified,601,78,A 8,10,8,10 8,18,1,0,0,net_win,1.0,300,-9.5
601,7,Basic,602,78,8 8,J,2,J 2 A 2 K,25,2,1,1,net_win,3.0,301,-36.0
602,7,Basic,603,78,5 10,4,A,4 A 5,20,1,0,0,net_loss,-1.0,302,-37.0
603,7,Basic,604,78,10 7,3,Q,3 Q A K,24,1,0,0,net_win,1.0,303,-36.0
604,7,Basic,605,78,Q K,A,10,A 10,21,1,0,0,dealer_blackjack,-1.0,304,-37.0
605,7,Basic,606,78,5 4,5,J,5 J Q,25,1,0,1,net_win,2.0,305,-35.0
606,7,Basic,607,78,K K,9,8,9 8,17,1,0,0,net_win,1.0,306,-34.0
607,7,Basic,608,78,8 7,4,9,4 9 7,20,1,0,0,net_loss,-1.0,307,-35.0
608,7,Basic,609,78,10 3,3,7,3 7 8,18,1,0,0,net_loss,-1.0,308,-36.0
609,7,Basic,610,78,8 A,4,K,4 K 9,23,1,0,0,net_win,1.0,309,-35.0
610,7,Basic,611,78,A Q,A,J,A J,21,1,0,0,push_blackjack,0.0,310,-35.0
611,7,Basic,612,78,J A,Q,A,Q A,21,1,0,0,push_blackjack,0.0,311,-35.0
612,7,Basic,613,78,3 8,4,2,4 2 9 7,22,1,0,1,net_win,2.0,312,-33.0
613,7,Basic,614,78,10 3,5,9,5 9 K,24,1,0,0,net_win,1.0,313,-32.0
614,7,Basic,615,78,4 5,K,8,K 8,18,1,0,0,net_win,1.0,314,-31.0
615,7,Basic,616,78,8 2,6,5,6 5 3 3,17,1,0,1,net_loss,-2.0,315,-33.0
616,7,Basic,617,78,4 8,4,9,4 9 Q,23,1,0,0,net_win,1.0,316,-32.0
617,7,Basic,618,78,4 3,J,7,J 7,17,1,0,0,net_loss,-1.0,317,-33.0
618,7,Basic,619,78,8 5,4,J,4 J 5,19,1,0,0,net_loss,-1.0,318,-34.0
619,7,Basic,620,78,2 7,K,10,K 10,20,1,0,0,net_loss,-1.0,319,-35.0
620,7,Basic,621,78,9 5,9,6,9 6,15,1,0,0,net_loss,-1.0,320,-36.0
621,7,Basic,622,78,Q 5,5,A,5 A 9 7,22,1,0,0,net_win,1.0,321,-35.0
622,7,Basic,623,78,A 10,9,A,9 A,20,1,0,0,player_blackjack,1.5,322,-33.5
623,7,Basic,624,78,K 5,A,10,A 10,21,1,0,0,dealer_blackjack,-1.0,323,-34.5
624,7,Basic,625,78,2 7,8,6,8 6 10,24,1,0,0,net_win,1.0,324,-33.5
625,7,Basic,626,78,J 3,5,7,5 7 7,19,1,0,0,net_loss,-1.0,325,-34.5
626,7,Basic,627,78,10 9,A,9,A 9,20,1,0,0,net_loss,-1.0,326,-35.5
627,7,Basic,628,78,3 7,4,10,4 10 9,23,1,0,1,net_win,2.0,327,-33.5
628,7,Basic,629,78,8 5,Q,7,Q 7,17,1,0,0,net_win,1.0,328,-32.5
629,7,Basic,630,78,3 4,J,4,J 4 9,23,1,0,0,net_win,1.0,329,-31.5
630,7,Basic,631,78,K Q,5,Q,5 Q 9,24,1,0,0,net_win,1.0,330,-30.5
631,7,Basic,632,78,K 7,4,10,4 10 J,24,1,0,0,net_win,1.0,331,-29.5
632,7,Basic,633,78,10 2,J,K,J K,20,1,0,0,net_win,1.0,332,-28.5
633,7,Basic,634,78,3 2,7,8,7 8 7,22,1,0,0,net_win,1.0,333,-27.5
634,7,Basic,635,78,6 4,J,5,J 5,15,1,0,0,net_loss,-1.0,334,-28.5
635,7,Basic,636,78,5 K,8,7,8 7,15,1,0,0,net_loss,-1.0,335,-29.5
636,7,Basic,637,78,4 8,A,3,A 3,14,1,0,0,net_loss,-1.0,336,-30.5
637,7,Basic,638,78,Q A,10,5,10 5,15,1,0,0,player_blackjack,1.5,337,-29.0
638,7,Basic,639,78,10 Q,4,3,4 3 5 K,22,1,0,0,net_win,1.0,338,-28.0
639,7,Basic,640,78,2 A,Q,10,Q 10,20,1,0,0,net_push,0.0,339,-28.0
640,7,Basic,641,78,A 10,4,6,4 6,10,1,0,0,player_blackjack,1.5,340,-26.5
641,7,Basic,642,78,6 K,9,3,9 3,12,1,0,0,net_loss,-1.0,341,-27.5
642,7,Basic,643,78,4 6,K,J,K J,20,1,0,0,net_push,0.0,342,-27.5
643,7,Basic,644,78,A 9,4,A,4 A 3,18,1,0,0,net_win,1.0,343,-26.5
644,7,Basic,645,78,A Q,7,8,7 8,15,1,0,0,player_blackjack,1.5,344,-25.0
645,7,Basic,646,78,A A,K,A,K A,21,1,0,0,dealer_blackjack,-1.0,345,-26.0
646,7,Basic,647,78,K 3,A,8,A 8,19,1,0,0,net_win,1.0,346,-25.0
647,7,Basic,648,78,J K,Q,2,Q 2 8,20,1,0,0,net_push,0.0,347,-25.0
648,7,Basic,649,78,8 J,Q,Q,Q Q,20,1,0,0,net_loss,-1.0,348,-26.0
649,7,Basic,650,78,2 5,8,A,8 A,19,1,0,0,net_win,1.0,349,-25.0
650,7,Basic,651,78,4 9,A,J,A J,21,1,0,0,dealer_blackjack,-1.0,350,-26.0
651,7,Basic,652,78,4 7,10,3,10 3 9,22,1,0,1,net_win,2.0,351,-24.0
652,7,Basic,653,78,3 Q,Q,2,Q 2,12,1,0,0,net_loss,-1.0,352,-25.0
653,7,Basic,654,78,K 3,2,5,2 5 6 J,23,1,0,0,net_win,1.0,353,-24.0
654,7,Basic,655,78,K K,J,9,J 9,19,1,0,0,net_win,1.0,354,-23.0
655,7,Basic,656,78,4 3,K,5,K 5,15,1,0,0,net_loss,-1.0,355,-24.0
656,7,Basic,657,78,5 4,4,J,4 J J,24,1,0,1,net_win,2.0,356,-22.0
657,7,Basic,658,78,J 4,4,9,4 9 Q,23,1,0,0,net_win,1.0,357,-21.0
658,7,Basic,659,78,8 Q,A,A,A A 6,18,1,0,0,net_push,0.0,358,-21.0
659,7,Basic,660,78,J 6,Q,7,Q 7,17,1,0,0,net_loss,-1.0,359,-22.0
660,7,Basic,661,78,K 7,4,8,4 8 10,22,1,0,0,net_win,1.0,360,-21.0
661,7,Basic,662,78,K 3,K,K,K K,20,1,0,0,net_loss,-1.0,361,-22.0
662,7,Basic,663,78,6 2,K,9,K 9,19,1,0,0,net_win,1.0,362,-21.0
663,7,Basic,664,78,5 3,6,2,6 2 6 7,21,1,0,0,net_loss,-1.0,363,-22.0
664,7,Basic,665,78,4 6,J,4,J 4 3,17,1,0,0,net_win,1.0,364,-21.0
665,7,Basic,666,78,A 2,9,6,9 6 Q,25,1,0,0,net_win,1.0,365,-20.0
666,7,Basic,667,78,5 9,10,Q,10 Q,20,1,0,0,net_loss,-1.0,366,-21.0
667,7,Basic,668,78,J 6,A,3,A 3 5,19,1,0,0,net_win,1.0,367,-20.0
668,7,Basic,669,78,3 K,6,4,6 4 3 4,17,1,0,0,net_loss,-1.0,368,-21.0
669,7,Basic,670,78,2 10,A,A,A A,12,1,0,0,net_loss,-1.0,369,-22.0
670,7,Basic,671,78,7 K,2,8,2 8 9,19,1,0,0,net_loss,-1.0,370,-23.0
671,7,Basic,672,78,3 5,J,9,J 9,19,1,0,0,net_loss,-1.0,371,-24.0
672,7,Basic,673,78,J 2,10,J,10 J,20,1,0,0,net_loss,-1.0,372,-25.0
673,7,Basic,674,78,8 5,5,4,5 4 2 2 2 6,21,1,0,0,net_loss,-1.0,373,-26.0
674,7,Basic,675,78,5 4,A,A,A A 8,20,1,0,0,net_loss,-1.0,374,-27.0
675,7,Basic,676,78,4 2,7,J,7 J,17,1,0,0,net_loss,-1.0,375,-28.0
676,7,Basic,677,78,K Q,A,9,A 9,20,1,0,0,net_push,0.0,376,-28.0
677,7,Basic,678,78,Q 9,Q,4,Q 4 10,24,1,0,0,net_win,1.0,377,-27.0
678,7,Basic,679,78,7 5,8,10,8 10,18,1,0,0,net_loss,-1.0,378,-28.0
679,7,Basic,680,78,4 Q,6,9,6 9 5,20,1,0,0,net_loss,-1.0,379,-29.0
680,7,Basic,681,78,K 2,J,K,J K,20,1,0,0,net_loss,-1.0,380,-30.0
681,7,Basic,682,78,3 5,10,J,10 J,20,1,0,0,net_win,1.0,381,-29.0
682,7,Basic,683,78,A 3,7,9,7 9,16,1,0,0,net_loss,-1.0,382,-30.0
683,7,Basic,684,78,4 A,6,9,6 9 9,24,1,0,1,net_win,2.0,383,-28.0
684,7,Basic,685,78,A 2,3,9,3 9 4 8,24,1,0,0,net_win,1.0,384,-27.0
685,7,Basic,686,78,5 9,K,A,K A,21,1,0,0,dealer_blackjack,-1.0,385,-28.0
686,7,Basic,687,78,A 10,Q,5,Q 5,15,1,0,0,player_blackjack,1.5,386,-26.5
687,7,Basic,688,78,7 4,9,9,9 9,18,1,0,1,net_loss,-2.0,387,-28.5
688,7,Basic,689,78,J 8,K,6,K 6 5,21,1,0,0,net_loss,-1.0,388,-29.5
689,7,Basic,690,78,10 Q,5,2,5 2 3 10,20,1,0,0,net_push,0.0,389,-29.5
690,7,Basic,691,78,A J,6,K,6 K,16,1,0,0,player_blackjack,1.5,390,-28.0
691,7,Basic,692,78,4 10,5,K,5 K 7,22,1,0,0,net_win,1.0,391,-27.0
692,7,Basic,693,78,5 7,9,6,9 6 3,18,1,0,0,net_win,1.0,392,-26.0
693,7,Basic,694,78,10 2,8,4,8 4 2 9,23,1,0,0,net_win,1.0,393,-25.0
694,7,Basic,695,78,A A,5,5,5 5 7,17,2,1,0,net_loss,-2.0,394,-27.0
695,7,Basic,696,78,10 J,5,A,5 A K 5,21,1,0,0,net_loss,-1.0,395,-28.0
696,7,Basic,697,78,A Q,9,5,9 5,14,1,0,0,player_blackjack,1.5,396,-26.5
697,7,Basic,698,78,6 8,J,9,J 9,19,1,0,0,net_loss,-1.0,397,-27.5
698,7,Basic,699,78,7 3,5,5,5 5 Q,20,1,0,1,net_push,0.0,398,-27.5
699,7,Basic,700,78,8 8,7,A,7 A,18,2,1,1,net_win,2.0,399,-25.5
700,7,Basic,701,78,5 A,8,Q,8 Q,18,1,0,0,net_loss,-1.0,400,-26.5
701,8,Simplified,702,78,A 10,Q,5,Q 5,15,1,0,0,player_blackjack,1.5,301,-8.0
702,8,Simplified,703,78,4 7,2,A,2 A K 9,22,1,0,0,net_win,1.0,302,-7.0
703,8,Simplified,704,78,5 10,2,3,2 3 A 9 Q,25,1,0,0,net_win,1.0,303,-6.0
704,8,Simplified,705,78,K J,2,10,2 10 8,20,1,0,0,net_push,0.0,304,-6.0
705,8,Simplified,706,78,K 6,2,5,2 5 6 3 10,26,1,0,0,net_win,1.0,305,-5.0
706,8,Simplified,707,78,Q 9,2,J,2 J A 4,17,1,0,0,net_win,1.0,306,-4.0
707,8,Simplified,708,78,8 5,8,2,8 2 6 K,26,1,0,0,net_win,1.0,307,-3.0
708,8,Simplified,709,78,Q Q,A,10,A 10,21,1,0,0,dealer_blackjack,-1.0,308,-4.0
709,8,Simplified,710,78,9 A,10,4,10 4 2 9,25,1,0,0,net_win,1.0,309,-3.0
710,8,Simplified,711,78,K 3,A,10,A 10,21,1,0,0,dealer_blackjack,-1.0,310,-4.0
711,8,Simplified,712,78,8 3,3,J,3 J 4,17,1,0,0,net_loss,-1.0,311,-5.0
712,8,Simplified,713,78,K 4,6,10,6 10 10,26,1,0,0,net_win,1.0,312,-4.0
713,8,Simplified,714,78,7 5,8,5,8 5 3 5,21,1,0,0,net_loss,-1.0,313,-5.0
714,8,Simplified,715,78,K 4,8,A,8 A,19,1,0,0,net_loss,-1.0,314,-6.0
715,8,Simplified,716,78,7 2,9,5,9 5 6,20,1,0,0,net_loss,-1.0,315,-7.0
716,8,Simplified,717,78,10 2,6,Q,6 Q 6,22,1,0,0,net_win,1.0,316,-6.0
717,8,Simplified,718,78,6 5,Q,6,Q 6 8,24,1,0,0,net_win,1.0,317,-5.0
718,8,Simplified,719,78,Q 4,7,Q,7 Q,17,1,0,0,net_loss,-1.0,318,-6.0
719,8,Simplified,720,78,3 4,3,A,3 A A 9 10,24,1,0,0,net_win,1.0,319,-5.0
720,8,Simplified,721,78,10 10,5,9,5 9 8,22,1,0,0,net_win,1.0,320,-4.0
721,8,Simplified,722,78,8 J,A,5,A 5 10 4,20,1,0,0,net_loss,-1.0,321,-5.0
722,8,Simplified,723,78,10 3,K,10,K 10,20,1,0,0,net_loss,-1.0,322,-6.0
723,8,Simplified,724,78,A 5,5,10,5 10 6,21,1,0,0,net_loss,-1.0,323,-7.0
724,8,Simplified,725,78,K 5,4,3,4 3 3 8,18,1,0,0,net_loss,-1.0,324,-8.0
725,8,Simplified,726,78,4 7,8,J,8 J,18,1,0,0,net_loss,-1.0,325,-9.0
726,8,Simplified,727,78,9 A,4,2,4 2 4 7,17,1,0,0,net_win,1.0,326,-8.0
727,8,Simplified,728,78,4 2,6,6,6 6 10,22,1,0,0,net_win,1.0,327,-7.0
728,8,Simplified,729,78,3 7,2,4,2 4 J A,17,1,0,0,net_win,1.0,328,-6.0
729,8,Simplified,730,78,5 6,K,7,K 7,17,1,0,0,net_loss,-1.0,329,-7.0
730,8,Simplified,731,78,8 3,10,2,10 2 8,20,1,0,0,net_loss,-1.0,330,-8.0
731,8,Simplified,732,78,8 2,10,Q,10 Q,20,1,0,0,net_loss,-1.0,331,-9.0
732,8,Simplified,733,78,10 K,2,10,2 10 8,20,1,0,0,net_push,0.0,332,-9.0
733,8,Simplified,734,78,3 6,6,5,6 5 5 10,26,1,0,0,net_win,1.0,333,-8.0
734,8,Simplified,735,78,8 J,6,8,6 8 J,24,1,0,0,net_win,1.0,334,-7.0
735,8,Simplified,736,78,10 3,J,K,J K,20,1,0,0,net_loss,-1.0,335,-8.0
736,8,Simplified,737,78,J 10,6,9,6 9 J,25,1,0,0,net_win,1.0,336,-7.0
737,8,Simplified,738,78,8 3,Q,2,Q 2 4 J,26,1,0,0,net_win,1.0,337,-6.0
738,8,Simplified,739,78,3 8,A,3,A 3 7,21,1,0,0,net_loss,-1.0,338,-7.0
739,8,Simplified,740,78,Q A,3,Q,3 Q,13,1,0,0,player_blackjack,1.5,339,-5.5
740,8,Simplified,741,78,7 4,K,K,K K,20,1,0,0,net_loss,-1.0,340,-6.5
741,8,Simplified,742,78,2 7,6,6,6 6 7,19,1,0,0,net_loss,-1.0,341,-7.5
742,8,Simplified,743,78,J K,6,9,6 9 7,22,1,0,0,net_win,1.0,342,-6.5
743,8,Simplified,744,78,8 Q,K,3,K 3 9,22,1,0,0,net_win,1.0,343,-5.5
744,8,Simplified,745,78,J 10,5,8,5 8 4,17,1,0,0,net_win,1.0,344,-4.5
745,8,Simplified,746,78,4 10,7,J,7 J,17,1,0,0,net_loss,-1.0,345,-5.5
746,8,Simplified,747,78,2 10,6,5,6 5 Q,21,1,0,0,net_loss,-1.0,346,-6.5
747,8,Simplified,748,78,6 A,9,6,9 6 K,25,1,0,0,net_win,1.0,347,-5.5
748,8,Simplified,749,78,8 J,8,5,8 5 2 6,21,1,0,0,net_loss,-1.0,348,-6.5
749,8,Simplified,750,78,8 9,Q,6,Q 6 10,26,1,0,0,net_win,1.0,349,-5.5
750,8,Simplified,751,78,7 J,5,2,5 2 Q,17,1,0,0,net_push,0.0,350,-5.5
751,8,Simplified,752,78,5 7,A,8,A 8,19,1,0,0,net_loss,-1.0,351,-6.5
752,8,Simplified,753,78,9 7,6,10,6 10 3,19,1,0,0,net_loss,-1.0,352,-7.5
753,8,Simplified,754,78,A 2,2,7,2 7 4 J,23,1,0,0,net_win,1.0,353,-6.5
754,8,Simplified,755,78,7 5,7,10,7 10,17,1,0,0,net_loss,-1.0,354,-7.5
755,8,Simplified,756,78,9 J,Q,9,Q 9,19,1,0,0,net_push,0.0,355,-7.5
756,8,Simplified,757,78,9 5,6,2,6 2 4 A A K,24,1,0,0,net_win,1.0,356,-6.5
757,8,Simplified,758,78,5 3,3,9,3 9 A 2 3,18,1,0,0,net_loss,-1.0,357,-7.5
758,8,Simplified,759,78,J 9,3,10,3 10 10,23,1,0,0,net_win,1.0,358,-6.5
759,8,Simplified,760,78,6 9,Q,9,Q 9,19,1,0,0,net_loss,-1.0,359,-7.5
760,8,Simplified,761,78,6 5,2,9,2 9 10,21,1,0,0,net_push,0.0,360,-7.5
761,8,Simplified,762,78,8 2,5,2,5 2 10,17,1,0,0,net_loss,-1.0,361,-8.5
762,8,Simplified,763,78,9 J,Q,8,Q 8,18,1,0,0,net_win,1.0,362,-7.5
763,8,Simplified,764,78,5 5,Q,K,Q K,20,1,0,0,net_push,0.0,363,-7.5
764,8,Simplified,765,78,2 4,3,5,3 5 A,19,1,0,0,net_push,0.0,364,-7.5
765,8,Simplified,766,78,9 K,Q,5,Q 5 5,20,1,0,0,net_loss,-1.0,365,-8.5
766,8,Simplified,767,78,Q J,3,K,3 K Q,23,1,0,0,net_win,1.0,366,-7.5
767,8,Simplified,768,78,6 5,7,K,7 K,17,1,0,0,net_loss,-1.0,367,-8.5
768,8,Simplified,769,78,4 7,10,5,10 5 3,18,1,0,0,net_loss,-1.0,368,-9.5
769,8,Simplified,770,78,Q 4,5,J,5 J 9,24,1,0,0,net_win,1.0,369,-8.5
770,8,Simplified,771,78,2 8,2,3,2 3 Q 5,20,1,0,0,net_loss,-1.0,370,-9.5
771,8,Simplified,772,78,A Q,10,Q,10 Q,20,1,0,0,player_blackjack,1.5,371,-8.0
772,8,Simplified,773,78,5 8,2,3,2 3 J J,25,1,0,0,net_win,1.0,372,-7.0
773,8,Simplified,774,78,8 9,3,K,3 K A 6,20,1,0,0,net_loss,-1.0,373,-8.0
774,8,Simplified,775,78,2 5,J,K,J K,20,1,0,0,net_loss,-1.0,374,-9.0
775,8,Simplified,776,78,6 J,3,7,3 7 A,21,1,0,0,net_loss,-1.0,375,-10.0
776,8,Simplified,777,78,3 8,6,2,6 2 A,19,1,0,0,net_win,1.0,376,-9.0
777,8,Simplified,778,78,3 2,7,6,7 6 5,18,1,0,0,net_loss,-1.0,377,-10.0
778,8,Simplified,779,78,J 4,3,Q,3 Q 3 A,17,1,0,0,net_loss,-1.0,378,-11.0
779,8,Simplified,780,78,6 9,2,8,2 8 A,21,1,0,0,net_loss,-1.0,379,-12.0
780,8,Simplified,781,78,K 2,3,10,3 10 10,23,1,0,0,net_win,1.0,380,-11.0
781,8,Simplified,782,78,5 2,K,10,K 10,20,1,0,0,net_loss,-1.0,381,-12.0
782,8,Simplified,783,78,4 Q,9,Q,9 Q,19,1,0,0,net_loss,-1.0,382,-13.0
783,8,Simplified,784,78,8 6,A,8,A 8,19,1,0,0,net_loss,-1.0,383,-14.0
784,8,Simplified,785,78,2 Q,A,8,A 8,19,1,0,0,net_loss,-1.0,384,-15.0
785,8,Simplified,786,78,K J,5,J,5 J 3,18,1,0,0,net_win,1.0,385,-14.0
786,8,Simplified,787,78,6 Q,3,J,3 J 5,18,1,0,0,net_loss,-1.0,386,-15.0
787,8,Simplified,788,78,5 7,A,K,A K,21,1,0,0,dealer_blackjack,-1.0,387,-16.0
788,8,Simplified,789,78,2 9,6,K,6 K J,26,1,0,0,net_win,1.0,388,-15.0
789,8,Simplified,790,78,4 2,8,A,8 A,19,1,0,0,net_loss,-1.0,389,-16.0
790,8,Simplified,791,78,6 7,K,A,K A,21,1,0,0,dealer_blackjack,-1.0,390,-17.0
791,8,Simplified,792,78,8 10,K,J,K J,20,1,0,0,net_loss,-1.0,391,-18.0
792,8,Simplified,793,78,4 2,A,9,A 9,20,1,0,0,net_push,0.0,392,-18.0
793,8,Simplified,794,78,10 4,6,2,6 2 6 J,24,1,0,0,net_win,1.0,393,-17.0
794,8,Simplified,795,78,9 4,J,4,J 4 J,24,1,0,0,net_win,1.0,394,-16.0
795,8,Simplified,796,78,6 A,8,K,8 K,18,1,0,0,net_push,0.0,395,-16.0
796,8,Simplified,797,78,10 5,7,6,7 6 4,17,1,0,0,net_loss,-1.0,396,-17.0
797,8,Simplified,798,78,2 4,5,J,5 J K,25,1,0,0,net_win,1.0,397,-16.0
798,8,Simplified,799,78,6 4,6,9,6 9 6,21,1,0,0,net_loss,-1.0,398,-17.0
799,8,Simplified,800,78,A 9,5,8,5 8 5,18,1,0,0,net_win,1.0,399,-16.0
800,8,Simplified,801,78,7 5,5,8,5 8 3 A,17,1,0,0,net_loss,-1.0,400,-17.0
801,9,Basic,802,78,A A,9,5,9 5 4,18,2,1,0,net_push,0.0,401,-26.5
802,9,Basic,803,78,8 5,Q,9,Q 9,19,1,0,0,net_loss,-1.0,402,-27.5
803,9,Basic,804,78,A 4,K,9,K 9,19,1,0,0,net_win,1.0,403,-26.5
804,9,Basic,805,78,3 3,10,10,10 10,20,1,0,0,net_loss,-1.0,404,-27.5
805,9,Basic,806,78,9 A,6,10,6 10 8,24,1,0,0,net_win,1.0,405,-26.5
806,9,Basic,807,78,Q J,7,Q,7 Q,17,1,0,0,net_win,1.0,406,-25.5
807,9,Basic,808,78,9 8,3,A,3 A K J,24,1,0,0,net_win,1.0,407,-24.5
808,9,Basic,809,78,J J,3,J,3 J 2 5,20,1,0,0,net_push,0.0,408,-24.5
809,9,Basic,810,78,3 Q,5,A,5 A Q 2,18,1,0,0,net_loss,-1.0,409,-25.5
810,9,Basic,811,78,8 8,A,5,A 5 9 9,24,4,3,0,net_win,4.0,410,-21.5
811,9,Basic,812,78,Q 3,10,K,10 K,20,1,0,0,net_push,0.0,411,-21.5
812,9,Basic,813,78,K 8,4,9,4 9 K,23,1,0,0,net_win,1.0,412,-20.5
813,9,Basic,814,78,J 4,6,10,6 10 Q,26,1,0,0,net_win,1.0,413,-19.5
814,9,Basic,815,78,J J,Q,3,Q 3 6,19,1,0,0,net_win,1.0,414,-18.5
815,9,Basic,816,78,K K,6,4,6 4 10,20,1,0,0,net_push,0.0,415,-18.5
816,9,Basic,817,78,3 8,4,Q,4 Q 6,20,1,0,1,net_loss,-2.0,416,-20.5
817,9,Basic,818,78,4 8,2,10,2 10 3 7,22,1,0,0,net_win,1.0,417,-19.5
818,9,Basic,819,78,7 10,6,2,6 2 A,19,1,0,0,net_loss,-1.0,418,-20.5
819,9,Basic,820,78,4 9,Q,2,Q 2,12,1,0,0,net_loss,-1.0,419,-21.5
820,9,Basic,821,78,A 2,A,J,A J,21,1,0,0,dealer_blackjack,-1.0,420,-22.5
821,9,Basic,822,78,Q 2,7,Q,7 Q,17,1,0,0,net_loss,-1.0,421,-23.5
822,9,Basic,823,78,2 9,8,3,8 3 10,21,1,0,1,net_loss,-2.0,422,-25.5
823,9,Basic,824,78,2 J,2,Q,2 Q A A 8,22,1,0,0,net_win,1.0,423,-24.5
824,9,Basic,825,78,9 J,4,A,4 A 10 A 4,20,1,0,0,net_loss,-1.0,424,-25.5
825,9,Basic,826,78,A 2,4,2,4 2 2 3 3 8,22,1,0,0,net_win,1.0,425,-24.5
826,9,Basic,827,78,10 8,K,7,K 7,17,1,0,0,net_win,1.0,426,-23.5
827,9,Basic,828,78,Q A,3,4,3 4,7,1,0,0,player_blackjack,1.5,427,-22.0
828,9,Basic,829,78,7 8,7,K,7 K,17,1,0,0,net_loss,-1.0,428,-23.0
829,9,Basic,830,78,2 A,3,K,3 K 2 Q,25,1,0,0,net_win,1.0,429,-22.0
830,9,Basic,831,78,A 8,8,Q,8 Q,18,1,0,0,net_win,1.0,430,-21.0
831,9,Basic,832,78,K 10,4,4,4 4 6 A 7,22,1,0,0,net_win,1.0,431,-20.0
832,9,Basic,833,78,K J,Q,10,Q 10,20,1,0,0,net_push,0.0,432,-20.0
833,9,Basic,834,78,2 3,K,7,K 7,17,1,0,0,net_win,1.0,433,-19.0
834,9,Basic,835,78,3 10,8,9,8 9,17,1,0,0,net_push,0.0,434,-19.0
835,9,Basic,836,78,8 A,3,6,3 6 9,18,1,0,0,net_win,1.0,435,-18.0
836,9,Basic,837,78,4 6,10,8,10 8,18,1,0,0,net_loss,-1.0,436,-19.0
837,9,Basic,838,78,7 8,7,6,7 6 5,18,1,0,0,net_push,0.0,437,-19.0
838,9,Basic,839,78,3 A,J,8,J 8,18,1,0,0,net_loss,-1.0,438,-20.0
839,9,Basic,840,78,3 9,J,4,J 4 10,24,1,0,0,net_win,1.0,439,-19.0
840,9,Basic,841,78,A 4,K,4,K 4 7,21,1,0,0,net_push,0.0,440,-19.0
841,9,Basic,842,78,K 6,3,5,3 5 7 3,18,1,0,0,net_loss,-1.0,441,-20.0
842,9,Basic,843,78,K 3,4,9,4 9 7,20,1,0,0,net_loss,-1.0,442,-21.0
843,9,Basic,844,78,8 Q,2,A,2 A Q 5,18,1,0,0,net_push,0.0,443,-21.0
844,9,Basic,845,78,K 3,4,Q,4 Q 10,24,1,0,0,net_win,1.0,444,-20.0
845,9,Basic,846,78,3 Q,8,Q,8 Q,18,1,0,0,net_loss,-1.0,445,-21.0
846,9,Basic,847,78,9 A,K,A,K A,21,1,0,0,dealer_blackjack,-1.0,446,-22.0
847,9,Basic,848,78,6 Q,K,9,K 9,19,1,0,0,net_loss,-1.0,447,-23.0
848,9,Basic,849,78,7 4,9,2,9 2 8,19,1,0,1,net_win,2.0,448,-21.0
849,9,Basic,850,78,Q 8,A,4,A 4 3,18,1,0,0,net_push,0.0,449,-21.0
850,9,Basic,851,78,Q K,3,3,3 3 7 8,21,1,0,0,net_loss,-1.0,450,-22.0
851,9,Basic,852,78,K 9,5,K,5 K 8,23,1,0,0,net_win,1.0,451,-21.0
852,9,Basic,853,78,A 8,4,K,4 K J,24,1,0,0,net_win,1.0,452,-20.0
853,9,Basic,854,78,7 K,8,2,8 2 K,20,1,0,0,net_loss,-1.0,453,-21.0
854,9,Basic,855,78,K A,6,10,6 10,16,1,0,0,player_blackjack,1.5,454,-19.5
855,9,Basic,856,78,10 6,9,2,9 2,11,1,0,0,net_loss,-1.0,455,-20.5
856,9,Basic,857,78,A 3,Q,Q,Q Q,20,1,0,0,net_loss,-1.0,456,-21.5
857,9,Basic,858,78,K 6,7,8,7 8 K,25,1,0,0,net_win,1.0,457,-20.5
858,9,Basic,859,78,6 5,10,A,10 A,21,1,0,0,dealer_blackjack,-1.0,458,-21.5
859,9,Basic,860,78,8 10,A,6,A 6,17,1,0,0,net_win,1.0,459,-20.5
860,9,Basic,861,78,A 2,3,7,3 7 2 8,20,1,0,0,net_loss,-1.0,460,-21.5
861,9,Basic,862,78,10 4,8,3,8 3,11,1,0,0,net_loss,-1.0,461,-22.5
862,9,Basic,863,78,J 8,Q,9,Q 9,19,1,0,0,net_loss,-1.0,462,-23.5
863,9,Basic,864,78,3 J,Q,3,Q 3,13,1,0,0,net_loss,-1.0,463,-24.5
864,9,Basic,865,78,2 K,4,5,4 5 6 3,18,1,0,0,net_loss,-1.0,464,-25.5
865,9,Basic,866,78,J 4,J,10,J 10,20,1,0,0,net_win,1.0,465,-24.5
866,9,Basic,867,78,8 5,K,K,K K,20,1,0,0,net_loss,-1.0,466,-25.5
867,9,Basic,868,78,8 10,8,5,8 5 K,23,1,0,0,net_win,1.0,467,-24.5
868,9,Basic,869,78,3 K,4,9,4 9 5,18,1,0,0,net_loss,-1.0,468,-25.5
869,9,Basic,870,78,10 J,A,4,A 4 7 3 10,25,1,0,0,net_win,1.0,469,-24.5
870,9,Basic,871,78,K 5,K,J,K J,20,1,0,0,net_loss,-1.0,470,-25.5
871,9,Basic,872,78,J K,A,4,A 4 A 10 A,17,1,0,0,net_win,1.0,471,-24.5
872,9,Basic,873,78,A 3,K,K,K K,20,1,0,0,net_loss,-1.0,472,-25.5
873,9,Basic,874,78,6 A,6,5,6 5 2 K,23,1,0,1,net_win,2.0,473,-23.5
874,9,Basic,875,78,4 8,K,A,K A,21,1,0,0,dealer_blackjack,-1.0,474,-24.5
875,9,Basic,876,78,4 5,4,7,4 7 2 9,22,1,0,1,net_win,2.0,475,-22.5
876,9,Basic,877,78,2 7,4,9,4 9 6,19,1,0,1,net_loss,-2.0,476,-24.5
877,9,Basic,878,78,10 A,7,8,7 8,15,1,0,0,player_blackjack,1.5,477,-23.0
878,9,Basic,879,78,K K,Q,K,Q K,20,1,0,0,net_push,0.0,478,-23.0
879,9,Basic,880,78,5 Q,K,A,K A,21,1,0,0,dealer_blackjack,-1.0,479,-24.0
880,9,Basic,881,78,6 3,7,10,7 10,17,1,0,0,net_win,1.0,480,-23.0
881,9,Basic,882,78,J 10,K,10,K 10,20,1,0,0,net_push,0.0,481,-23.0
882,9,Basic,883,78,9 A,7,8,7 8 2,17,1,0,0,net_win,1.0,482,-22.0
883,9,Basic,884,78,Q J,4,A,4 A 6,21,1,0,0,net_loss,-1.0,483,-23.0
884,9,Basic,885,78,K K,5,5,5 5 3 10,23,1,0,0,net_win,1.0,484,-22.0
885,9,Basic,886,78,2 4,9,8,9 8,17,1,0,0,net_loss,-1.0,485,-23.0
886,9,Basic,887,78,Q 2,4,8,4 8 2 2 A,17,1,0,0,net_loss,-1.0,486,-24.0
887,9,Basic,888,78,6 K,2,9,2 9 J,21,1,0,0,net_loss,-1.0,487,-25.0
888,9,Basic,889,78,7 9,8,K,8 K,18,1,0,0,net_loss,-1.0,488,-26.0
889,9,Basic,890,78,10 Q,Q,10,Q 10,20,1,0,0,net_push,0.0,489,-26.0
890,9,Basic,891,78,4 6,6,Q,6 Q 5,21,1,0,1,net_push,0.0,490,-26.0
891,9,Basic,892,78,J 6,5,4,5 4 2 K,21,1,0,0,net_loss,-1.0,491,-27.0
892,9,Basic,893,78,2 A,6,J,6 J 9,25,1,0,1,net_win,2.0,492,-25.0
893,9,Basic,894,78,2 7,A,7,A 7,18,1,0,0,net_loss,-1.0,493,-26.0
894,9,Basic,895,78,7 6,10,3,10 3,13,1,0,0,net_loss,-1.0,494,-27.0
895,9,Basic,896,78,8 Q,6,9,6 9 6,21,1,0,0,net_loss,-1.0,495,-28.0
896,9,Basic,897,78,Q 2,6,7,6 7 2 K,25,1,0,0,net_win,1.0,496,-27.0
897,9,Basic,898,78,4 4,J,4,J 4 6,20,1,0,0,net_loss,-1.0,497,-28.0
898,9,Basic,899,78,5 2,8,8,8 8 K,26,1,0,0,net_win,1.0,498,-27.0
899,9,Basic,900,78,A 2,4,J,4 J 8,22,1,0,0,net_win,1.0,499,-26.0
900,9,Basic,901,78,K 7,4,5,4 5 4 A 3,17,1,0,0,net_push,0.0,500,-26.0
901,10,Simplified,902,78,J J,A,A,A A 9,21,1,0,0,net_loss,-1.0,401,-18.0
902,10,Simplified,903,78,K 7,9,K,9 K,19,1,0,0,net_loss,-1.0,402,-19.0
903,10,Simplified,904,78,Q 8,4,8,4 8 Q,22,1,0,0,net_win,1.0,403,-18.0
904,10,Simplified,905,78,6 K,8,J,8 J,18,1,0,0,net_loss,-1.0,404,-19.0
905,10,Simplified,906,78,4 2,9,Q,9 Q,19,1,0,0,net_loss,-1.0,405,-20.0
906,10,Simplified,907,78,6 K,7,A,7 A,18,1,0,0,net_loss,-1.0,406,-21.0
907,10,Simplified,908,78,8 2,9,4,9 4 10,23,1,0,0,net_win,1.0,407,-20.0
908,10,Simplified,909,78,8 7,2,5,2 5 8 A 9,25,1,0,0,net_win,1.0,408,-19.0
909,10,Simplified,910,78,5 5,A,10,A 10,21,1,0,0,dealer_blackjack,-1.0,409,-20.0
910,10,Simplified,911,78,Q 7,7,2,7 2 7 10,26,1,0,0,net_win,1.0,410,-19.0
911,10,Simplified,912,78,2 8,9,K,9 K,19,1,0,0,net_loss,-1.0,411,-20.0
912,10,Simplified,913,78,6 J,J,10,J 10,20,1,0,0,net_loss,-1.0,412,-21.0
913,10,Simplified,914,78,2 J,10,7,10 7,17,1,0,0,net_loss,-1.0,413,-22.0
914,10,Simplified,915,78,6 6,9,A,9 A,20,1,0,0,net_loss,-1.0,414,-23.0
915,10,Simplified,916,78,9 10,Q,A,Q A,21,1,0,0,dealer_blackjack,-1.0,415,-24.0
916,10,Simplified,917,78,J K,K,J,K J,20,1,0,0,net_push,0.0,416,-24.0
917,10,Simplified,918,78,4 4,5,4,5 4 3 9,21,1,0,0,net_loss,-1.0,417,-25.0
918,10,Simplified,919,78,K 2,2,2,2 2 4 8 Q,26,1,0,0,net_win,1.0,418,-24.0
919,10,Simplified,920,78,8 6,Q,9,Q 9,19,1,0,0,net_loss,-1.0,419,-25.0
920,10,Simplified,921,78,Q 3,Q,8,Q 8,18,1,0,0,net_loss,-1.0,420,-26.0
921,10,Simplified,922,78,Q J,3,8,3 8 A Q,22,1,0,0,net_win,1.0,421,-25.0
922,10,Simplified,923,78,J 8,3,K,3 K 7,20,1,0,0,net_loss,-1.0,422,-26.0
923,10,Simplified,924,78,4 8,3,K,3 K K,23,1,0,0,net_win,1.0,423,-25.0
924,10,Simplified,925,78,6 A,2,3,2 3 Q 2,17,1,0,0,net_loss,-1.0,424,-26.0
925,10,Simplified,926,78,A 9,A,9,A 9,20,1,0,0,net_push,0.0,425,-26.0
926,10,Simplified,927,78,6 9,A,A,A A Q 3 J,25,1,0,0,net_win,1.0,426,-25.0
927,10,Simplified,928,78,7 K,5,5,5 5 A,21,1,0,0,net_loss,-1.0,427,-26.0
928,10,Simplified,929,78,4 5,J,7,J 7,17,1,0,0,net_win,1.0,428,-25.0
929,10,Simplified,930,78,Q 4,Q,9,Q 9,19,1,0,0,net_loss,-1.0,429,-26.0
930,10,Simplified,931,78,3 7,5,7,5 7 3 2,17,1,0,0,net_win,1.0,430,-25.0
931,10,Simplified,932,78,7 6,8,8,8 8 10,26,1,0,0,net_win,1.0,431,-24.0
932,10,Simplified,933,78,10 9,K,9,K 9,19,1,0,0,net_push,0.0,432,-24.0
933,10,Simplified,934,78,8 J,2,9,2 9 6,17,1,0,0,net_win,1.0,433,-23.0
934,10,Simplified,935,78,6 5,K,8,K 8,18,1,0,0,net_loss,-1.0,434,-24.0
935,10,Simplified,936,78,10 4,10,8,10 8,18,1,0,0,net_loss,-1.0,435,-25.0
936,10,Simplified,937,78,A J,9,5,9 5,14,1,0,0,player_blackjack,1.5,436,-23.5
937,10,Simplified,938,78,2 10,6,A,6 A,17,1,0,0,net_loss,-1.0,437,-24.5
938,10,Simplified,939,78,7 7,6,J,6 J 10,26,1,0,0,net_win,1.0,438,-23.5
939,10,Simplified,940,78,6 5,5,10,5 10 K,25,1,0,0,net_win,1.0,439,-22.5
940,10,Simplified,941,78,4 6,4,9,4 9 7,20,1,0,0,net_loss,-1.0,440,-23.5
941,10,Simplified,942,78,9 3,5,Q,5 Q A 10,26,1,0,0,net_win,1.0,441,-22.5
942,10,Simplified,943,78,J 9,J,5,J 5 7,22,1,0,0,net_win,1.0,442,-21.5
943,10,Simplified,944,78,2 K,7,8,7 8 10,25,1,0,0,net_win,1.0,443,-20.5
944,10,Simplified,945,78,7 5,2,2,2 2 Q 3,17,1,0,0,net_loss,-1.0,444,-21.5
945,10,Simplified,946,78,10 K,5,A,5 A 3,19,1,0,0,net_win,1.0,445,-20.5
946,10,Simplified,947,78,K K,J,10,J 10,20,1,0,0,net_push,0.0,446,-20.5
947,10,Simplified,948,78,K 6,3,7,3 7 6 Q,26,1,0,0,net_win,1.0,447,-19.5
948,10,Simplified,949,78,4 10,7,A,7 A,18,1,0,0,net_loss,-1.0,448,-20.5
949,10,Simplified,950,78,8 10,A,6,A 6,17,1,0,0,net_win,1.0,449,-19.5
950,10,Simplified,951,78,A 4,8,A,8 A,19,1,0,0,net_win,1.0,450,-18.5
951,10,Simplified,952,78,5 Q,2,8,2 8 A,21,1,0,0,net_loss,-1.0,451,-19.5
952,10,Simplified,953,78,2 Q,8,10,8 10,18,1,0,0,net_loss,-1.0,452,-20.5
953,10,Simplified,954,78,8 6,8,3,8 3 4 6,21,1,0,0,net_loss,-1.0,453,-21.5
954,10,Simplified,955,78,5 10,2,9,2 9 A K,22,1,0,0,net_win,1.0,454,-20.5
955,10,Simplified,956,78,K Q,4,7,4 7 9,20,1,0,0,net_push,0.0,455,-20.5
956,10,Simplified,957,78,8 3,7,J,7 J,17,1,0,0,net_win,1.0,456,-19.5
957,10,Simplified,958,78,10 9,4,2,4 2 10 7,23,1,0,0,net_win,1.0,457,-18.5
958,10,Simplified,959,78,4 9,Q,3,Q 3 Q,23,1,0,0,net_win,1.0,458,-17.5
959,10,Simplified,960,78,Q 2,3,8,3 8 5 7,23,1,0,0,net_win,1.0,459,-16.5
960,10,Simplified,961,78,6 A,8,A,8 A,19,1,0,0,net_loss,-1.0,460,-17.5
961,10,Simplified,962,78,J 10,K,5,K 5 8,23,1,0,0,net_win,1.0,461,-16.5
962,10,Simplified,963,78,5 4,4,9,4 9 3 3,19,1,0,0,net_loss,-1.0,462,-17.5
963,10,Simplified,964,78,8 8,Q,7,Q 7,17,1,0,0,net_loss,-1.0,463,-18.5
964,10,Simplified,965,78,7 J,8,A,8 A,19,1,0,0,net_loss,-1.0,464,-19.5
965,10,Simplified,966,78,8 K,Q,6,Q 6 A,17,1,0,0,net_win,1.0,465,-18.5
966,10,Simplified,967,78,A Q,4,10,4 10,14,1,0,0,player_blackjack,1.5,466,-17.0
967,10,Simplified,968,78,4 4,5,A,5 A 6 K,22,1,0,0,net_win,1.0,467,-16.0
968,10,Simplified,969,78,5 2,2,9,2 9 K,21,1,0,0,net_loss,-1.0,468,-17.0
969,10,Simplified,970,78,K 3,10,9,10 9,19,1,0,0,net_loss,-1.0,469,-18.0
970,10,Simplified,971,78,3 Q,8,4,8 4 A 7,20,1,0,0,net_loss,-1.0,470,-19.0
971,10,Simplified,972,78,5 K,Q,J,Q J,20,1,0,0,net_loss,-1.0,471,-20.0
972,10,Simplified,973,78,2 7,J,5,J 5 3,18,1,0,0,net_win,1.0,472,-19.0
973,10,Simplified,974,78,A 9,K,3,K 3 8,21,1,0,0,net_loss,-1.0,473,-20.0
974,10,Simplified,975,78,10 4,3,J,3 J 5,18,1,0,0,net_loss,-1.0,474,-21.0
975,10,Simplified,976,78,A 5,Q,3,Q 3 7,20,1,0,0,net_loss,-1.0,475,-22.0
976,10,Simplified,977,78,Q 8,J,10,J 10,20,1,0,0,net_loss,-1.0,476,-23.0
977,10,Simplified,978,78,2 5,5,3,5 3 A,19,1,0,0,net_loss,-1.0,477,-24.0
978,10,Simplified,979,78,Q K,4,Q,4 Q 9,23,1,0,0,net_win,1.0,478,-23.0
979,10,Simplified,980,78,7 4,J,7,J 7,17,1,0,0,net_win,1.0,479,-22.0
980,10,Simplified,981,78,2 7,7,8,7 8 2,17,1,0,0,net_win,1.0,480,-21.0
981,10,Simplified,982,78,J 7,10,4,10 4 8,22,1,0,0,net_win,1.0,481,-20.0
982,10,Simplified,983,78,J 2,2,8,2 8 8,18,1,0,0,net_loss,-1.0,482,-21.0
983,10,Simplified,984,78,2 2,6,K,6 K 6,22,1,0,0,net_win,1.0,483,-20.0
984,10,Simplified,985,78,10 A,J,7,J 7,17,1,0,0,player_blackjack,1.5,484,-18.5
985,10,Simplified,986,78,3 3,4,2,4 2 K 6,22,1,0,0,net_win,1.0,485,-17.5
986,10,Simplified,987,78,9 6,3,5,3 5 3 Q,21,1,0,0,net_loss,-1.0,486,-18.5
987,10,Simplified,988,78,6 2,8,2,8 2 K,20,1,0,0,net_loss,-1.0,487,-19.5
988,10,Simplified,989,78,K 6,J,5,J 5 2,17,1,0,0,net_loss,-1.0,488,-20.5
989,10,Simplified,990,78,K Q,5,K,5 K A 7,23,1,0,0,net_win,1.0,489,-19.5
990,10,Simplified,991,78,8 Q,Q,3,Q 3 9,22,1,0,0,net_win,1.0,490,-18.5
991,10,Simplified,992,78,2 7,K,4,K 4 9,23,1,0,0,net_win,1.0,491,-17.5
992,10,Simplified,993,78,5 4,3,10,3 10 8,21,1,0,0,net_loss,-1.0,492,-18.5
993,10,Simplified,994,78,Q 4,5,8,5 8 4,17,1,0,0,net_loss,-1.0,493,-19.5
994,10,Simplified,995,78,5 5,K,K,K K,20,1,0,0,net_push,0.0,494,-19.5
995,10,Simplified,996,78,K A,5,9,5 9,14,1,0,0,player_blackjack,1.5,495,-18.0
996,10,Simplified,997,78,A 4,J,9,J 9,19,1,0,0,net_push,0.0,496,-18.0
997,10,Simplified,998,78,6 7,10,2,10 2 A A 6,20,1,0,0,net_loss,-1.0,497,-19.0
998,10,Simplified,999,78,5 8,9,2,9 2 9,20,1,0,0,net_loss,-1.0,498,-20.0
999,10,Simplified,1000,78,Q 3,10,7,10 7,17,1,0,0,net_loss,-1.0,499,-21.0
1000,10,Simplified,1001,78,3 K,K,3,K 3 10,23,1,0,0,net_win,1.0,500,-20.0
1001,11,Basic,1002,78,10 5,10,2,10 2,12,1,0,0,net_loss,-1.0,501,-27.0
1002,11,Basic,1003,78,3 4,7,Q,7 Q,17,1,0,0,net_win,1.0,502,-26.0
1003,11,Basic,1004,78,A 10,J,A,J A,21,1,0,0,push_blackjack,0.0,503,-26.0
1004,11,Basic,1005,78,5 4,3,Q,3 Q 5,18,1,0,1,net_push,0.0,504,-26.0
1005,11,Basic,1006,78,K 5,10,A,10 A,21,1,0,0,dealer_blackjack,-1.0,505,-27.0
1006,11,Basic,1007,78,3 2,K,2,K 2,12,1,0,0,net_loss,-1.0,506,-28.0
1007,11,Basic,1008,78,7 7,Q,9,Q 9,19,1,0,0,net_loss,-1.0,507,-29.0
1008,11,Basic,1009,78,J 10,8,6,8 6 6,20,1,0,0,net_push,0.0,508,-29.0
1009,11,Basic,1010,78,A 10,10,10,10 10,20,1,0,0,player_blackjack,1.5,509,-27.5
1010,11,Basic,1011,78,4 J,K,K,K K,20,1,0,0,net_loss,-1.0,510,-28.5
1011,11,Basic,1012,78,9 4,Q,6,Q 6 5,21,1,0,0,net_loss,-1.0,511,-29.5
1012,11,Basic,1013,78,7 8,4,9,4 9 5,18,1,0,0,net_loss,-1.0,512,-30.5
1013,11,Basic,1014,78,5 9,3,4,3 4 3 6 8,24,1,0,0,net_win,1.0,513,-29.5
1014,11,Basic,1015,78,A 4,4,A,4 A 10 J,25,1,0,1,net_win,2.0,514,-27.5
1015,11,Basic,1016,78,A 9,A,Q,A Q,21,1,0,0,dealer_blackjack,-1.0,515,-28.5
1016,11,Basic,1017,78,9 J,A,7,A 7,18,1,0,0,net_win,1.0,516,-27.5
1017,11,Basic,1018,78,7 10,5,J,5 J 6,21,1,0,0,net_loss,-1.0,517,-28.5
1018,11,Basic,1019,78,7 9,J,4,J 4,14,1,0,0,net_loss,-1.0,518,-29.5
1019,11,Basic,1020,78,Q 9,5,3,5 3 9,17,1,0,0,net_win,1.0,519,-28.5
1020,11,Basic,1021,78,J 9,A,9,A 9,20,1,0,0,net_loss,-1.0,520,-29.5
1021,11,Basic,1022,78,7 4,4,8,4 8 J,22,1,0,1,net_win,2.0,521,-27.5
1022,11,Basic,1023,78,J 4,9,2,9 2 K,21,1,0,0,net_loss,-1.0,522,-28.5
1023,11,Basic,1024,78,6 2,2,K,2 K 10,22,1,0,0,net_win,1.0,523,-27.5
1024,11,Basic,1025,78,8 10,J,5,J 5 10,25,1,0,0,net_win,1.0,524,-26.5
1025,11,Basic,1026,78,7 3,2,10,2 10 4 K,26,1,0,1,net_win,2.0,525,-24.5
1026,11,Basic,1027,78,8 4,4,J,4 J 5,19,1,0,0,net_loss,-1.0,526,-25.5
1027,11,Basic,1028,78,K 10,4,3,4 3 2 4 9,22,1,0,0,net_win,1.0,527,-24.5
1028,11,Basic,1029,78,8 3,2,9,2 9 10,21,1,0,1,net_loss,-2.0,528,-26.5
1029,11,Basic,1030,78,3 2,K,9,K 9,19,1,0,0,net_loss,-1.0,529,-27.5
1030,11,Basic,1031,78,3 4,9,K,9 K,19,1,0,0,net_loss,-1.0,530,-28.5
1031,11,Basic,1032,78,Q 7,8,7,8 7 K,25,1,0,0,net_win,1.0,531,-27.5
1032,11,Basic,1033,78,A 8,2,10,2 10 2 2 4,20,1,0,0,net_loss,-1.0,532,-28.5
1033,11,Basic,1034,78,3 3,6,Q,6 Q 4,20,2,1,0,net_loss,-2.0,533,-30.5
1034,11,Basic,1035,78,9 9,J,10,J 10,20,1,0,0,net_loss,-1.0,534,-31.5
1035,11,Basic,1036,78,7 6,5,10,5 10 3,18,1,0,0,net_loss,-1.0,535,-32.5
1036,11,Basic,1037,78,J 3,5,10,5 10 4,19,1,0,0,net_loss,-1.0,536,-33.5
1037,11,Basic,1038,78,J 6,A,K,A K,21,1,0,0,dealer_blackjack,-1.0,537,-34.5
1038,11,Basic,1039,78,7 9,6,7,6 7 2 3,18,1,0,0,net_loss,-1.0,538,-35.5
1039,11,Basic,1040,78,9 Q,K,3,K 3 7,20,1,0,0,net_loss,-1.0,539,-36.5
1040,11,Basic,1041,78,4 Q,J,8,J 8,18,1,0,0,net_loss,-1.0,540,-37.5
1041,11,Basic,1042,78,K 9,K,Q,K Q,20,1,0,0,net_loss,-1.0,541,-38.5
1042,11,Basic,1043,78,8 J,5,K,5 K 6,21,1,0,0,net_loss,-1.0,542,-39.5
1043,11,Basic,1044,78,9 A,6,2,6 2 A,19,1,0,0,net_win,1.0,543,-38.5
1044,11,Basic,1045,78,6 8,8,J,8 J,18,1,0,0,net_loss,-1.0,544,-39.5
1045,11,Basic,1046,78,6 K,10,5,10 5,15,1,0,0,net_loss,-1.0,545,-40.5
1046,11,Basic,1047,78,9 8,5,2,5 2 8 2,17,1,0,0,net_push,0.0,546,-40.5
1047,11,Basic,1048,78,9 7,4,10,4 10 4,18,1,0,0,net_loss,-1.0,547,-41.5
1048,11,Basic,1049,78,10 5,J,8,J 8,18,1,0,0,net_loss,-1.0,548,-42.5
1049,11,Basic,1050,78,9 2,7,J,7 J,17,1,0,1,net_loss,-2.0,549,-44.5
1050,11,Basic,1051,78,Q 8,5,Q,5 Q 8,23,1,0,0,net_win,1.0,550,-43.5
1051,11,Basic,1052,78,10 4,A,A,A A,12,1,0,0,net_loss,-1.0,551,-44.5
1052,11,Basic,1053,78,10 4,10,10,10 10,20,1,0,0,net_loss,-1.0,552,-45.5
1053,11,Basic,1054,78,4 5,Q,7,Q 7,17,1,0,0,net_win,1.0,553,-44.5
1054,11,Basic,1055,78,8 A,A,4,A 4 5,20,1,0,0,net_loss,-1.0,554,-45.5
1055,11,Basic,1056,78,9 A,5,6,5 6 9,20,1,0,0,net_push,0.0,555,-45.5
1056,11,Basic,1057,78,8 8,Q,K,Q K,20,2,1,0,net_loss,-2.0,556,-47.5
1057,11,Basic,1058,78,J 6,5,J,5 J 9,24,1,0,0,net_win,1.0,557,-46.5
1058,11,Basic,1059,78,3 A,8,J,8 J,18,1,0,0,net_push,0.0,558,-46.5
1059,11,Basic,1060,78,A 7,5,10,5 10 J,25,1,0,1,net_win,2.0,559,-44.5
1060,11,Basic,1061,78,3 5,9,8,9 8,17,1,0,0,net_win,1.0,560,-43.5
1061,11,Basic,1062,78,5 2,8,10,8 10,18,1,0,0,net_win,1.0,561,-42.5
1062,11,Basic,1063,78,8 K,4,9,4 9 10,23,1,0,0,net_win,1.0,562,-41.5
1063,11,Basic,1064,78,2 6,4,8,4 8 Q,22,1,0,0,net_win,1.0,563,-40.5
1064,11,Basic,1065,78,2 5,6,10,6 10 8,24,1,0,0,net_win,1.0,564,-39.5
1065,11,Basic,1066,78,8 2,9,K,9 K,19,1,0,1,net_win,2.0,565,-37.5
1066,11,Basic,1067,78,J 9,K,3,K 3 4,17,1,0,0,net_win,1.0,566,-36.5
1067,11,Basic,1068,78,9 K,3,4,3 4 3 7,17,1,0,0,net_win,1.0,567,-35.5
1068,11,Basic,1069,78,9 8,K,K,K K,20,1,0,0,net_loss,-1.0,568,-36.5
1069,11,Basic,1070,78,7 5,6,K,6 K J,26,1,0,0,net_win,1.0,569,-35.5
1070,11,Basic,1071,78,Q 7,J,10,J 10,20,1,0,0,net_loss,-1.0,570,-36.5
1071,11,Basic,1072,78,3 K,10,J,10 J,20,1,0,0,net_loss,-1.0,571,-37.5
1072,11,Basic,1073,78,2 5,10,J,10 J,20,1,0,0,net_loss,-1.0,572,-38.5
1073,11,Basic,1074,78,7 8,6,5,6 5 6,17,1,0,0,net_loss,-1.0,573,-39.5
1074,11,Basic,1075,78,6 6,3,7,3 7 2 6,18,2,1,2,net_push,0.0,574,-39.5
1075,11,Basic,1076,78,K A,8,K,8 K,18,1,0,0,player_blackjack,1.5,575,-38.0
1076,11,Basic,1077,78,8 8,J,Q,J Q,20,2,1,0,net_loss,-2.0,576,-40.0
1077,11,Basic,1078,78,8 5,3,8,3 8 3 5,19,1,0,0,net_loss,-1.0,577,-41.0
1078,11,Basic,1079,78,5 2,7,8,7 8 6,21,1,0,0,net_loss,-1.0,578,-42.0
1079,11,Basic,1080,78,Q 3,5,Q,5 Q 10,25,1,0,0,net_win,1.0,579,-41.0
1080,11,Basic,1081,78,8 J,8,8,8 8 3,19,1,0,0,net_loss,-1.0,580,-42.0
1081,11,Basic,1082,78,9 10,6,Q,6 Q 8,24,1,0,0,net_win,1.0,581,-41.0
1082,11,Basic,1083,78,10 9,5,9,5 9 J,24,1,0,0,net_win,1.0,582,-40.0
1083,11,Basic,1084,78,J 9,2,9,2 9 8,19,1,0,0,net_push,0.0,583,-40.0
1084,11,Basic,1085,78,10 9,A,10,A 10,21,1,0,0,dealer_blackjack,-1.0,584,-41.0
1085,11,Basic,1086,78,K 7,2,4,2 4 4 J,20,1,0,0,net_loss,-1.0,585,-42.0
1086,11,Basic,1087,78,A 6,7,K,7 K,17,1,0,0,net_loss,-1.0,586,-43.0
1087,11,Basic,1088,78,J 8,A,2,A 2 9 8,20,1,0,0,net_loss,-1.0,587,-44.0
1088,11,Basic,1089,78,Q 2,3,7,3 7 6 A,17,1,0,0,net_win,1.0,588,-43.0
1089,11,Basic,1090,78,6 7,2,5,2 5 Q,17,1,0,0,net_loss,-1.0,589,-44.0
1090,11,Basic,1091,78,5 8,K,7,K 7,17,1,0,0,net_win,1.0,590,-43.0
1091,11,Basic,1092,78,3 4,7,6,7 6 J,23,1,0,0,net_win,1.0,591,-42.0
1092,11,Basic,1093,78,4 2,5,A,5 A 9 K,25,1,0,0,net_win,1.0,592,-41.0
1093,11,Basic,1094,78,6 Q,3,J,3 J 6,19,1,0,0,net_loss,-1.0,593,-42.0
1094,11,Basic,1095,78,3 4,10,2,10 2 Q,22,1,0,0,net_win,1.0,594,-41.0
1095,11,Basic,1096,78,7 8,2,10,2 10 3 2,17,1,0,0,net_loss,-1.0,595,-42.0
1096,11,Basic,1097,78,7 6,7,J,7 J,17,1,0,0,net_loss,-1.0,596,-43.0
1097,11,Basic,1098,78,2 A,9,4,9 4,13,1,0,0,net_loss,-1.0,597,-44.0
1098,11,Basic,1099,78,A Q,5,3,5 3,8,1,0,0,player_blackjack,1.5,598,-42.5
1099,11,Basic,1100,78,5 3,10,8,10 8,18,1,0,0,net_push,0.0,599,-42.5
1100,11,Basic,1101,78,8 10,K,10,K 10,20,1,0,0,net_loss,-1.0,600,-43.5
1101,12,Simplified,1102,78,Q Q,8,7,8 7 Q,25,1,0,0,net_win,1.0,501,-19.0
1102,12,Simplified,1103,78,3 Q,2,6,2 6 K,18,1,0,0,net_loss,-1.0,502,-20.0
1103,12,Simplified,1104,78,3 6,2,7,2 7 4 J,23,1,0,0,net_win,1.0,503,-19.0
1104,12,Simplified,1105,78,K 7,4,10,4 10 8,22,1,0,0,net_win,1.0,504,-18.0
1105,12,Simplified,1106,78,8 4,7,Q,7 Q,17,1,0,0,net_loss,-1.0,505,-19.0
1106,12,Simplified,1107,78,A 3,9,3,9 3 K,22,1,0,0,net_win,1.0,506,-18.0
1107,12,Simplified,1108,78,J 10,9,J,9 J,19,1,0,0,net_win,1.0,507,-17.0
1108,12,Simplified,1109,78,5 2,4,Q,4 Q 5,19,1,0,0,net_loss,-1.0,508,-18.0
1109,12,Simplified,1110,78,10 2,K,K,K K,20,1,0,0,net_loss,-1.0,509,-19.0
1110,12,Simplified,1111,78,3 K,9,A,9 A,20,1,0,0,net_loss,-1.0,510,-20.0
1111,12,Simplified,1112,78,7 7,5,J,5 J A Q,26,1,0,0,net_win,1.0,511,-19.0
1112,12,Simplified,1113,78,6 Q,9,K,9 K,19,1,0,0,net_loss,-1.0,512,-20.0
1113,12,Simplified,1114,78,2 6,J,10,J 10,20,1,0,0,net_loss,-1.0,513,-21.0
1114,12,Simplified,1115,78,5 K,7,8,7 8 5,20,1,0,0,net_loss,-1.0,514,-22.0
1115,12,Simplified,1116,78,10 4,10,10,10 10,20,1,0,0,net_loss,-1.0,515,-23.0
1116,12,Simplified,1117,78,J 3,6,9,6 9 5,20,1,0,0,net_loss,-1.0,516,-24.0
1117,12,Simplified,1118,78,7 5,9,K,9 K,19,1,0,0,net_loss,-1.0,517,-25.0
1118,12,Simplified,1119,78,Q 2,6,K,6 K J,26,1,0,0,net_win,1.0,518,-24.0
1119,12,Simplified,1120,78,4 J,8,2,8 2 J,20,1,0,0,net_loss,-1.0,519,-25.0
1120,12,Simplified,1121,78,3 4,5,7,5 7 8,20,1,0,0,net_loss,-1.0,520,-26.0
1121,12,Simplified,1122,78,K J,Q,9,Q 9,19,1,0,0,net_win,1.0,521,-25.0
1122,12,Simplified,1123,78,J 6,J,8,J 8,18,1,0,0,net_loss,-1.0,522,-26.0
1123,12,Simplified,1124,78,9 6,2,Q,2 Q 10,22,1,0,0,net_win,1.0,523,-25.0
1124,12,Simplified,1125,78,3 Q,8,6,8 6 2 K,26,1,0,0,net_win,1.0,524,-24.0
1125,12,Simplified,1126,78,4 A,5,4,5 4 J,19,1,0,0,net_push,0.0,525,-24.0
1126,12,Simplified,1127,78,9 7,J,Q,J Q,20,1,0,0,net_loss,-1.0,526,-25.0
1127,12,Simplified,1128,78,7 6,8,A,8 A,19,1,0,0,net_loss,-1.0,527,-26.0
1128,12,Simplified,1129,78,4 6,Q,A,Q A,21,1,0,0,dealer_blackjack,-1.0,528,-27.0
1129,12,Simplified,1130,78,3 10,10,8,10 8,18,1,0,0,net_loss,-1.0,529,-28.0
1130,12,Simplified,1131,78,6 Q,6,Q,6 Q 10,26,1,0,0,net_win,1.0,530,-27.0
1131,12,Simplified,1132,78,Q 8,J,6,J 6 K,26,1,0,0,net_win,1.0,531,-26.0
1132,12,Simplified,1133,78,8 6,2,5,2 5 6 J,23,1,0,0,net_win,1.0,532,-25.0
1133,12,Simplified,1134,78,7 3,10,J,10 J,20,1,0,0,net_loss,-1.0,533,-26.0
1134,12,Simplified,1135,78,4 3,7,3,7 3 6 2,18,1,0,0,net_loss,-1.0,534,-27.0
1135,12,Simplified,1136,78,10 J,6,7,6 7 A 8,22,1,0,0,net_win,1.0,535,-26.0
1136,12,Simplified,1137,78,10 9,3,8,3 8 5 4,20,1,0,0,net_loss,-1.0,536,-27.0
1137,12,Simplified,1138,78,4 K,6,9,6 9 9,24,1,0,0,net_win,1.0,537,-26.0
1138,12,Simplified,1139,78,6 4,5,10,5 10 3,18,1,0,0,net_loss,-1.0,538,-27.0
1139,12,Simplified,1140,78,10 10,7,J,7 J,17,1,0,0,net_win,1.0,539,-26.0
1140,12,Simplified,1141,78,10 8,2,K,2 K 3 8,23,1,0,0,net_win,1.0,540,-25.0
1141,12,Simplified,1142,78,Q 7,9,6,9 6 8,23,1,0,0,net_win,1.0,541,-24.0
1142,12,Simplified,1143,78,7 2,9,4,9 4 J,23,1,0,0,net_win,1.0,542,-23.0
1143,12,Simplified,1144,78,2 5,7,7,7 7 8,22,1,0,0,net_win,1.0,543,-22.0
1144,12,Simplified,1145,78,7 J,8,8,8 8 6,22,1,0,0,net_win,1.0,544,-21.0
1145,12,Simplified,1146,78,10 7,4,10,4 10 J,24,1,0,0,net_win,1.0,545,-20.0
1146,12,Simplified,1147,78,3 8,9,10,9 10,19,1,0,0,net_loss,-1.0,546,-21.0
1147,12,Simplified,1148,78,A 5,2,8,2 8 5 6,21,1,0,0,net_push,0.0,547,-21.0
1148,12,Simplified,1149,78,6 10,5,J,5 J 5,20,1,0,0,net_loss,-1.0,548,-22.0
1149,12,Simplified,1150,78,8 K,4,8,4 8 4 8,24,1,0,0,net_win,1.0,549,-21.0
1150,12,Simplified,1151,78,9 Q,2,2,2 2 A 7 4 6,22,1,0,0,net_win,1.0,550,-20.0
1151,12,Simplified,1152,78,J K,3,8,3 8 2 10,23,1,0,0,net_win,1.0,551,-19.0
1152,12,Simplified,1153,78,Q 5,K,3,K 3 6,19,1,0,0,net_loss,-1.0,552,-20.0
1153,12,Simplified,1154,78,9 2,7,J,7 J,17,1,0,0,net_push,0.0,553,-20.0
1154,12,Simplified,1155,78,J J,K,Q,K Q,20,1,0,0,net_push,0.0,554,-20.0
1155,12,Simplified,1156,78,A J,J,7,J 7,17,1,0,0,player_blackjack,1.5,555,-18.5
1156,12,Simplified,1157,78,7 10,9,K,9 K,19,1,0,0,net_loss,-1.0,556,-19.5
1157,12,Simplified,1158,78,2 J,Q,2,Q 2 7,19,1,0,0,net_loss,-1.0,557,-20.5
1158,12,Simplified,1159,78,10 4,3,Q,3 Q J,23,1,0,0,net_win,1.0,558,-19.5
1159,12,Simplified,1160,78,A J,10,8,10 8,18,1,0,0,player_blackjack,1.5,559,-18.0
1160,12,Simplified,1161,78,2 Q,10,2,10 2 J,22,1,0,0,net_win,1.0,560,-17.0
1161,12,Simplified,1162,78,2 2,9,9,9 9,18,1,0,0,net_win,1.0,561,-16.0
1162,12,Simplified,1163,78,9 5,Q,10,Q 10,20,1,0,0,net_loss,-1.0,562,-17.0
1163,12,Simplified,1164,78,4 J,10,3,10 3 7,20,1,0,0,net_loss,-1.0,563,-18.0
1164,12,Simplified,1165,78,A A,2,5,2 5 K,17,1,0,0,net_loss,-1.0,564,-19.0
1165,12,Simplified,1166,78,5 6,J,Q,J Q,20,1,0,0,net_win,1.0,565,-18.0
1166,12,Simplified,1167,78,J 10,2,4,2 4 A,17,1,0,0,net_win,1.0,566,-17.0
1167,12,Simplified,1168,78,Q 4,9,9,9 9,18,1,0,0,net_loss,-1.0,567,-18.0
1168,12,Simplified,1169,78,K 8,Q,A,Q A,21,1,0,0,dealer_blackjack,-1.0,568,-19.0
1169,12,Simplified,1170,78,Q J,6,6,6 6 7,19,1,0,0,net_win,1.0,569,-18.0
1170,12,Simplified,1171,78,6 4,K,10,K 10,20,1,0,0,net_loss,-1.0,570,-19.0
1171,12,Simplified,1172,78,5 6,2,K,2 K 3 9,24,1,0,0,net_win,1.0,571,-18.0
1172,12,Simplified,1173,78,9 2,3,7,3 7 2 8,20,1,0,0,net_loss,-1.0,572,-19.0
1173,12,Simplified,1174,78,K J,9,K,9 K,19,1,0,0,net_win,1.0,573,-18.0
1174,12,Simplified,1175,78,4 5,7,8,7 8 8,23,1,0,0,net_win,1.0,574,-17.0
1175,12,Simplified,1176,78,10 10,5,A,5 A 6 J,22,1,0,0,net_win,1.0,575,-16.0
1176,12,Simplified,1177,78,K J,8,9,8 9,17,1,0,0,net_win,1.0,576,-15.0
1177,12,Simplified,1178,78,2 Q,4,5,4 5 4 9,22,1,0,0,net_win,1.0,577,-14.0
1178,12,Simplified,1179,78,A 9,7,A,7 A,18,1,0,0,net_win,1.0,578,-13.0
1179,12,Simplified,1180,78,A 6,Q,K,Q K,20,1,0,0,net_loss,-1.0,579,-14.0
1180,12,Simplified,1181,78,8 Q,A,J,A J,21,1,0,0,dealer_blackjack,-1.0,580,-15.0
1181,12,Simplified,1182,78,4 K,7,8,7 8 6,21,1,0,0,net_loss,-1.0,581,-16.0
1182,12,Simplified,1183,78,10 J,10,2,10 2 7,19,1,0,0,net_win,1.0,582,-15.0
1183,12,Simplified,1184,78,8 J,Q,10,Q 10,20,1,0,0,net_loss,-1.0,583,-16.0
1184,12,Simplified,1185,78,10 2,2,9,2 9 5 9,25,1,0,0,net_win,1.0,584,-15.0
1185,12,Simplified,1186,78,3 10,4,6,4 6 J,20,1,0,0,net_loss,-1.0,585,-16.0
1186,12,Simplified,1187,78,Q 9,10,A,10 A,21,1,0,0,dealer_blackjack,-1.0,586,-17.0
1187,12,Simplified,1188,78,6 Q,9,A,9 A,20,1,0,0,net_loss,-1.0,587,-18.0
1188,12,Simplified,1189,78,4 A,10,10,10 10,20,1,0,0,net_loss,-1.0,588,-19.0
1189,12,Simplified,1190,78,A J,A,5,A 5,16,1,0,0,player_blackjack,1.5,589,-17.5
1190,12,Simplified,1191,78,6 K,A,9,A 9,20,1,0,0,net_loss,-1.0,590,-18.5
1191,12,Simplified,1192,78,4 2,Q,Q,Q Q,20,1,0,0,net_loss,-1.0,591,-19.5
1192,12,Simplified,1193,78,5 9,3,6,3 6 6 9,24,1,0,0,net_win,1.0,592,-18.5
1193,12,Simplified,1194,78,Q 7,5,3,5 3 5 4,17,1,0,0,net_push,0.0,593,-18.5
1194,12,Simplified,1195,78,K Q,Q,2,Q 2 9,21,1,0,0,net_loss,-1.0,594,-19.5
1195,12,Simplified,1196,78,7 10,5,9,5 9 4,18,1,0,0,net_loss,-1.0,595,-20.5
1196,12,Simplified,1197,78,8 9,J,5,J 5 J,25,1,0,0,net_win,1.0,596,-19.5
1197,12,Simplified,1198,78,5 3,7,K,7 K,17,1,0,0,net_loss,-1.0,597,-20.5
1198,12,Simplified,1199,78,J Q,4,K,4 K 9,23,1,0,0,net_win,1.0,598,-19.5
1199,12,Simplified,1200,78,7 4,K,J,K J,20,1,0,0,net_loss,-1.0,599,-20.5
1200,12,Simplified,1201,78,2 K,8,Q,8 Q,18,1,0,0,net_loss,-1.0,600,-21.5
1201,13,Basic,1202,78,K 8,6,7,6 7 3 J,26,1,0,0,net_win,1.0,601,-42.5
1202,13,Basic,1203,78,2 4,10,Q,10 Q,20,1,0,0,net_loss,-1.0,602,-43.5
1203,13,Basic,1204,78,J 2,5,3,5 3 A,19,1,0,0,net_loss,-1.0,603,-44.5
1204,13,Basic,1205,78,8 5,J,9,J 9,19,1,0,0,net_loss,-1.0,604,-45.5
1205,13,Basic,1206,78,6 9,4,J,4 J 2 J,26,1,0,0,net_win,1.0,605,-44.5
1206,13,Basic,1207,78,3 Q,8,5,8 5,13,1,0,0,net_loss,-1.0,606,-45.5
1207,13,Basic,1208,78,7 2,Q,9,Q 9,19,1,0,0,net_loss,-1.0,607,-46.5
1208,13,Basic,1209,78,5 K,5,6,5 6 8,19,1,0,0,net_loss,-1.0,608,-47.5
1209,13,Basic,1210,78,5 3,2,8,2 8 2 9,21,1,0,0,net_loss,-1.0,609,-48.5
1210,13,Basic,1211,78,Q K,7,K,7 K,17,1,0,0,net_win,1.0,610,-47.5
1211,13,Basic,1212,78,K K,K,8,K 8,18,1,0,0,net_win,1.0,611,-46.5
1212,13,Basic,1213,78,J K,5,J,5 J 4,19,1,0,0,net_win,1.0,612,-45.5
1213,13,Basic,1214,78,J 6,Q,3,Q 3,13,1,0,0,net_loss,-1.0,613,-46.5
1214,13,Basic,1215,78,6 10,Q,Q,Q Q,20,1,0,0,net_loss,-1.0,614,-47.5
1215,13,Basic,1216,78,2 A,7,9,7 9 9,25,1,0,0,net_win,1.0,615,-46.5
1216,13,Basic,1217,78,5 6,6,8,6 8 Q,24,1,0,1,net_win,2.0,616,-44.5
1217,13,Basic,1218,78,6 3,K,Q,K Q,20,1,0,0,net_loss,-1.0,617,-45.5
1218,13,Basic,1219,78,K J,7,A,7 A,18,1,0,0,net_win,1.0,618,-44.5
1219,13,Basic,1220,78,8 5,10,3,10 3 2 Q,25,1,0,0,net_win,1.0,619,-43.5
1220,13,Basic,1221,78,7 7,8,6,8 6 2 9,25,1,0,0,net_win,1.0,620,-42.5
1221,13,Basic,1222,78,2 9,K,8,K 8,18,1,0,1,net_loss,-2.0,621,-44.5
1222,13,Basic,1223,78,2 Q,10,5,10 5 2,17,1,0,0,net_win,1.0,622,-43.5
1223,13,Basic,1224,78,J 5,Q,9,Q 9,19,1,0,0,net_loss,-1.0,623,-44.5
1224,13,Basic,1225,78,K 5,10,7,10 7,17,1,0,0,net_push,0.0,624,-44.5
1225,13,Basic,1226,78,3 4,J,9,J 9,19,1,0,0,net_loss,-1.0,625,-45.5
1226,13,Basic,1227,78,4 10,K,7,K 7,17,1,0,0,net_win,1.0,626,-44.5
1227,13,Basic,1228,78,Q J,8,Q,8 Q,18,1,0,0,net_win,1.0,627,-43.5
1228,13,Basic,1229,78,Q A,4,8,4 8,12,1,0,0,player_blackjack,1.5,628,-42.0
1229,13,Basic,1230,78,9 2,10,Q,10 Q,20,1,0,1,net_win,2.0,629,-40.0
1230,13,Basic,1231,78,2 5,J,10,J 10,20,1,0,0,net_loss,-1.0,630,-41.0
1231,13,Basic,1232,78,7 A,K,J,K J,20,1,0,0,net_push,0.0,631,-41.0
1232,13,Basic,1233,78,K 7,J,4,J 4 10,24,1,0,0,net_win,1.0,632,-40.0
1233,13,Basic,1234,78,6 3,K,10,K 10,20,1,0,0,net_push,0.0,633,-40.0
1234,13,Basic,1235,78,8 K,9,Q,9 Q,19,1,0,0,net_loss,-1.0,634,-41.0
1235,13,Basic,1236,78,10 3,10,Q,10 Q,20,1,0,0,net_push,0.0,635,-41.0
1236,13,Basic,1237,78,7 6,3,10,3 10 5,18,1,0,0,net_loss,-1.0,636,-42.0
1237,13,Basic,1238,78,5 10,7,8,7 8 9,24,1,0,0,net_win,1.0,637,-41.0
1238,13,Basic,1239,78,4 5,6,J,6 J Q,26,1,0,1,net_win,2.0,638,-39.0
1239,13,Basic,1240,78,8 4,J,6,J 6,16,1,0,0,net_loss,-1.0,639,-40.0
1240,13,Basic,1241,78,6 4,3,8,3 8 4 6,21,1,0,1,net_loss,-2.0,640,-42.0
1241,13,Basic,1242,78,J 10,5,Q,5 Q 4,19,1,0,0,net_win,1.0,641,-41.0
1242,13,Basic,1243,78,4 J,6,J,6 J 7,23,1,0,0,net_win,1.0,642,-40.0
1243,13,Basic,1244,78,7 6,3,J,3 J 10,23,1,0,0,net_win,1.0,643,-39.0
1244,13,Basic,1245,78,A 3,A,9,A 9,20,1,0,0,net_loss,-1.0,644,-40.0
1245,13,Basic,1246,78,9 4,J,9,J 9,19,1,0,0,net_loss,-1.0,645,-41.0
1246,13,Basic,1247,78,7 Q,3,3,3 3 5 7,18,1,0,0,net_loss,-1.0,646,-42.0
1247,13,Basic,1248,78,7 10,7,6,7 6 4,17,1,0,0,net_push,0.0,647,-42.0
1248,13,Basic,1249,78,J 5,8,Q,8 Q,18,1,0,0,net_win,1.0,648,-41.0
1249,13,Basic,1250,78,K 7,8,5,8 5 K,23,1,0,0,net_win,1.0,649,-40.0
1250,13,Basic,1251,78,8 9,10,2,10 2 5,17,1,0,0,net_push,0.0,650,-40.0
1251,13,Basic,1252,78,7 2,3,J,3 J 8,21,1,0,1,net_loss,-2.0,651,-42.0
1252,13,Basic,1253,78,10 Q,8,2,8 2 6 9,25,1,0,0,net_win,1.0,652,-41.0
1253,13,Basic,1254,78,8 J,2,8,2 8 6 10,26,1,0,0,net_win,1.0,653,-40.0
1254,13,Basic,1255,78,A Q,5,J,5 J,15,1,0,0,player_blackjack,1.5,654,-38.5
1255,13,Basic,1256,78,A 9,7,Q,7 Q,17,1,0,0,net_win,1.0,655,-37.5
1256,13,Basic,1257,78,K A,5,J,5 J,15,1,0,0,player_blackjack,1.5,656,-36.0
1257,13,Basic,1258,78,J 8,2,9,2 9 7,18,1,0,0,net_push,0.0,657,-36.0
1258,13,Basic,1259,78,3 K,Q,A,Q A,21,1,0,0,dealer_blackjack,-1.0,658,-37.0
1259,13,Basic,1260,78,5 3,2,5,2 5 10,17,1,0,0,net_loss,-1.0,659,-38.0
1260,13,Basic,1261,78,J 8,Q,6,Q 6 10,26,1,0,0,net_win,1.0,660,-37.0
1261,13,Basic,1262,78,2 A,4,4,4 4 K,18,1,0,0,net_win,1.0,661,-36.0
1262,13,Basic,1263,78,5 7,4,7,4 7 10,21,1,0,0,net_loss,-1.0,662,-37.0
1263,13,Basic,1264,78,4 10,6,10,6 10 10,26,1,0,0,net_win,1.0,663,-36.0
1264,13,Basic,1265,78,5 6,10,9,10 9,19,1,0,1,net_win,2.0,664,-34.0
1265,13,Basic,1266,78,8 J,6,2,6 2 Q,18,1,0,0,net_push,0.0,665,-34.0
1266,13,Basic,1267,78,9 8,Q,4,Q 4 6,20,1,0,0,net_loss,-1.0,666,-35.0
1267,13,Basic,1268,78,Q J,7,7,7 7 Q,24,1,0,0,net_win,1.0,667,-34.0
1268,13,Basic,1269,78,7 Q,3,K,3 K 9,22,1,0,0,net_win,1.0,668,-33.0
1269,13,Basic,1270,78,9 4,6,6,6 6 2 3,17,1,0,0,net_loss,-1.0,669,-34.0
1270,13,Basic,1271,78,4 A,3,J,3 J K,23,1,0,0,net_win,1.0,670,-33.0
1271,13,Basic,1272,78,6 10,A,2,A 2,13,1,0,0,net_loss,-1.0,671,-34.0
1272,13,Basic,1273,78,4 4,8,9,8 9,17,1,0,0,net_win,1.0,672,-33.0
1273,13,Basic,1274,78,9 8,A,9,A 9,20,1,0,0,net_loss,-1.0,673,-34.0
1274,13,Basic,1275,78,8 4,7,4,7 4,11,1,0,0,net_loss,-1.0,674,-35.0
1275,13,Basic,1276,78,2 4,7,10,7 10,17,1,0,0,net_win,1.0,675,-34.0
1276,13,Basic,1277,78,A 5,2,Q,2 Q A A 9,23,1,0,0,net_win,1.0,676,-33.0
1277,13,Basic,1278,78,J 9,A,K,A K,21,1,0,0,dealer_blackjack,-1.0,677,-34.0
1278,13,Basic,1279,78,K 5,2,7,2 7 J,19,1,0,0,net_loss,-1.0,678,-35.0
1279,13,Basic,1280,78,3 J,3,Q,3 Q 6,19,1,0,0,net_loss,-1.0,679,-36.0
1280,13,Basic,1281,78,4 4,J,A,J A,21,1,0,0,dealer_blackjack,-1.0,680,-37.0
1281,13,Basic,1282,78,K A,2,3,2 3,5,1,0,0,player_blackjack,1.5,681,-35.5
1282,13,Basic,1283,78,7 7,10,8,10 8,18,1,0,0,net_loss,-1.0,682,-36.5
1283,13,Basic,1284,78,3 9,2,Q,2 Q Q,22,1,0,0,net_win,1.0,683,-35.5
1284,13,Basic,1285,78,2 5,9,7,9 7,16,1,0,0,net_loss,-1.0,684,-36.5
1285,13,Basic,1286,78,Q 3,7,K,7 K,17,1,0,0,net_win,1.0,685,-35.5
1286,13,Basic,1287,78,A 4,4,8,4 8 Q,22,1,0,1,net_win,2.0,686,-33.5
1287,13,Basic,1288,78,3 2,6,A,6 A,17,1,0,0,net_win,1.0,687,-32.5
1288,13,Basic,1289,78,K Q,Q,A,Q A,21,1,0,0,dealer_blackjack,-1.0,688,-33.5
1289,13,Basic,1290,78,K A,3,8,3 8,11,1,0,0,player_blackjack,1.5,689,-32.0
1290,13,Basic,1291,78,Q K,Q,2,Q 2 5,17,1,0,0,net_win,1.0,690,-31.0
1291,13,Basic,1292,78,J J,5,A,5 A 10 2,18,1,0,0,net_win,1.0,691,-30.0
1292,13,Basic,1293,78,A 9,9,4,9 4 7,20,1,0,0,net_push,0.0,692,-30.0
1293,13,Basic,1294,78,6 8,J,A,J A,21,1,0,0,dealer_blackjack,-1.0,693,-31.0
1294,13,Basic,1295,78,Q 8,A,5,A 5 10 A,17,1,0,0,net_win,1.0,694,-30.0
1295,13,Basic,1296,78,6 4,2,9,2 9 J,21,1,0,1,net_loss,-2.0,695,-32.0
1296,13,Basic,1297,78,A 3,7,6,7 6 J,23,1,0,0,net_win,1.0,696,-31.0
1297,13,Basic,1298,78,K 10,Q,3,Q 3 3 3,19,1,0,0,net_win,1.0,697,-30.0
1298,13,Basic,1299,78,J A,10,8,10 8,18,1,0,0,player_blackjack,1.5,698,-28.5
1299,13,Basic,1300,78,Q 6,A,J,A J,21,1,0,0,dealer_blackjack,-1.0,699,-29.5
1300,13,Basic,1301,78,10 Q,7,Q,7 Q,17,1,0,0,net_win,1.0,700,-28.5
1301,14,Simplified,1302,78,4 A,2,J,2 J 6,18,1,0,0,net_loss,-1.0,601,-22.5
1302,14,Simplified,1303,78,2 6,K,5,K 5 10,25,1,0,0,net_win,1.0,602,-21.5
1303,14,Simplified,1304,78,8 7,3,10,3 10 A Q,24,1,0,0,net_win,1.0,603,-20.5
1304,14,Simplified,1305,78,4 6,7,3,7 3 4 A Q,25,1,0,0,net_win,1.0,604,-19.5
1305,14,Simplified,1306,78,5 10,6,K,6 K 10,26,1,0,0,net_win,1.0,605,-18.5
1306,14,Simplified,1307,78,2 6,4,8,4 8 10,22,1,0,0,net_win,1.0,606,-17.5
1307,14,Simplified,1308,78,5 J,10,10,10 10,20,1,0,0,net_loss,-1.0,607,-18.5
1308,14,Simplified,1309,78,6 8,K,4,K 4 A 5,20,1,0,0,net_loss,-1.0,608,-19.5
1309,14,Simplified,1310,78,6 K,10,J,10 J,20,1,0,0,net_loss,-1.0,609,-20.5
1310,14,Simplified,1311,78,2 5,4,4,4 4 A,19,1,0,0,net_loss,-1.0,610,-21.5
1311,14,Simplified,1312,78,3 7,6,10,6 10 3,19,1,0,0,net_win,1.0,611,-20.5
1312,14,Simplified,1313,78,5 J,9,3,9 3 10,22,1,0,0,net_win,1.0,612,-19.5
1313,14,Simplified,1314,78,6 9,8,2,8 2 A,21,1,0,0,net_loss,-1.0,613,-20.5
1314,14,Simplified,1315,78,9 5,9,2,9 2 3 9,23,1,0,0,net_win,1.0,614,-19.5
1315,14,Simplified,1316,78,5 Q,J,9,J 9,19,1,0,0,net_loss,-1.0,615,-20.5
1316,14,Simplified,1317,78,2 9,10,J,10 J,20,1,0,0,net_loss,-1.0,616,-21.5
1317,14,Simplified,1318,78,7 5,K,4,K 4 4,18,1,0,0,net_loss,-1.0,617,-22.5
1318,14,Simplified,1319,78,Q 6,7,Q,7 Q,17,1,0,0,net_loss,-1.0,618,-23.5
1319,14,Simplified,1320,78,3 9,7,7,7 7 3,17,1,0,0,net_loss,-1.0,619,-24.5
1320,14,Simplified,1321,78,2 7,3,A,3 A 5,19,1,0,0,net_loss,-1.0,620,-25.5
1321,14,Simplified,1322,78,K Q,4,6,4 6 10,20,1,0,0,net_push,0.0,621,-25.5
1322,14,Simplified,1323,78,J J,5,8,5 8 A 10,24,1,0,0,net_win,1.0,622,-24.5
1323,14,Simplified,1324,78,3 K,9,9,9 9,18,1,0,0,net_loss,-1.0,623,-25.5
1324,14,Simplified,1325,78,5 8,J,J,J J,20,1,0,0,net_loss,-1.0,624,-26.5
1325,14,Simplified,1326,78,J 8,10,K,10 K,20,1,0,0,net_loss,-1.0,625,-27.5
1326,14,Simplified,1327,78,J 6,3,2,3 2 9 A J,25,1,0,0,net_win,1.0,626,-26.5
1327,14,Simplified,1328,78,5 4,5,9,5 9 9,23,1,0,0,net_win,1.0,627,-25.5
1328,14,Simplified,1329,78,Q 10,10,9,10 9,19,1,0,0,net_win,1.0,628,-24.5
1329,14,Simplified,1330,78,4 2,J,A,J A,21,1,0,0,dealer_blackjack,-1.0,629,-25.5
1330,14,Simplified,1331,78,8 J,10,9,10 9,19,1,0,0,net_loss,-1.0,630,-26.5
1331,14,Simplified,1332,78,A 2,10,Q,10 Q,20,1,0,0,net_win,1.0,631,-25.5
1332,14,Simplified,1333,78,K 4,7,4,7 4 9,20,1,0,0,net_loss,-1.0,632,-26.5
1333,14,Simplified,1334,78,5 K,K,A,K A,21,1,0,0,dealer_blackjack,-1.0,633,-27.5
1334,14,Simplified,1335,78,5 Q,A,A,A A 7,19,1,0,0,net_loss,-1.0,634,-28.5
1335,14,Simplified,1336,78,5 9,4,K,4 K 7,21,1,0,0,net_loss,-1.0,635,-29.5
1336,14,Simplified,1337,78,6 4,5,Q,5 Q J,25,1,0,0,net_win,1.0,636,-28.5
1337,14,Simplified,1338,78,9 Q,6,3,6 3 K,19,1,0,0,net_push,0.0,637,-28.5
1338,14,Simplified,1339,78,6 10,2,K,2 K 3 9,24,1,0,0,net_win,1.0,638,-27.5
1339,14,Simplified,1340,78,9 10,3,J,3 J 2 3,18,1,0,0,net_win,1.0,639,-26.5
1340,14,Simplified,1341,78,7 8,3,7,3 7 A,21,1,0,0,net_loss,-1.0,640,-27.5
1341,14,Simplified,1342,78,J K,3,5,3 5 2 A,21,1,0,0,net_loss,-1.0,641,-28.5
1342,14,Simplified,1343,78,7 4,10,J,10 J,20,1,0,0,net_loss,-1.0,642,-29.5
1343,14,Simplified,1344,78,J 2,K,8,K 8,18,1,0,0,net_loss,-1.0,643,-30.5
1344,14,Simplified,1345,78,7 Q,5,3,5 3 Q,18,1,0,0,net_loss,-1.0,644,-31.5
1345,14,Simplified,1346,78,10 8,9,6,9 6 6,21,1,0,0,net_loss,-1.0,645,-32.5
1346,14,Simplified,1347,78,2 2,8,4,8 4 10,22,1,0,0,net_win,1.0,646,-31.5
1347,14,Simplified,1348,78,J 5,5,K,5 K Q,25,1,0,0,net_win,1.0,647,-30.5
1348,14,Simplified,1349,78,6 Q,5,9,5 9 Q,24,1,0,0,net_win,1.0,648,-29.5
1349,14,Simplified,1350,78,10 5,A,3,A 3 8 4 10,26,1,0,0,net_win,1.0,649,-28.5
1350,14,Simplified,1351,78,10 5,7,5,7 5 A K,23,1,0,0,net_win,1.0,650,-27.5
1351,14,Simplified,1352,78,8 6,7,Q,7 Q,17,1,0,0,net_loss,-1.0,651,-28.5
1352,14,Simplified,1353,78,4 7,A,4,A 4 6,21,1,0,0,net_loss,-1.0,652,-29.5
1353,14,Simplified,1354,78,6 4,Q,8,Q 8,18,1,0,0,net_win,1.0,653,-28.5
1354,14,Simplified,1355,78,J Q,2,7,2 7 3 2 7,21,1,0,0,net_loss,-1.0,654,-29.5
1355,14,Simplified,1356,78,10 9,7,4,7 4 6,17,1,0,0,net_win,1.0,655,-28.5
1356,14,Simplified,1357,78,8 Q,8,Q,8 Q,18,1,0,0,net_push,0.0,656,-28.5
1357,14,Simplified,1358,78,4 2,10,Q,10 Q,20,1,0,0,net_loss,-1.0,657,-29.5
1358,14,Simplified,1359,78,4 A,5,5,5 5 2 K,22,1,0,0,net_win,1.0,658,-28.5
1359,14,Simplified,1360,78,3 6,9,2,9 2 5 Q,26,1,0,0,net_win,1.0,659,-27.5
1360,14,Simplified,1361,78,Q 4,A,9,A 9,20,1,0,0,net_loss,-1.0,660,-28.5
1361,14,Simplified,1362,78,10 2,9,9,9 9,18,1,0,0,net_loss,-1.0,661,-29.5
1362,14,Simplified,1363,78,Q K,Q,3,Q 3 A 9,23,1,0,0,net_win,1.0,662,-28.5
1363,14,Simplified,1364,78,2 6,10,5,10 5 9,24,1,0,0,net_win,1.0,663,-27.5
1364,14,Simplified,1365,78,10 7,8,4,8 4 5,17,1,0,0,net_push,0.0,664,-27.5
1365,14,Simplified,1366,78,10 9,K,A,K A,21,1,0,0,dealer_blackjack,-1.0,665,-28.5
1366,14,Simplified,1367,78,3 J,6,Q,6 Q 7,23,1,0,0,net_win,1.0,666,-27.5
1367,14,Simplified,1368,78,6 J,K,A,K A,21,1,0,0,dealer_blackjack,-1.0,667,-28.5
1368,14,Simplified,1369,78,9 2,K,4,K 4 3,17,1,0,0,net_win,1.0,668,-27.5
1369,14,Simplified,1370,78,8 K,10,J,10 J,20,1,0,0,net_loss,-1.0,669,-28.5
1370,14,Simplified,1371,78,K J,Q,Q,Q Q,20,1,0,0,net_push,0.0,670,-28.5
1371,14,Simplified,1372,78,K 3,A,7,A 7,18,1,0,0,net_loss,-1.0,671,-29.5
1372,14,Simplified,1373,78,8 3,J,4,J 4 6,20,1,0,0,net_loss,-1.0,672,-30.5
1373,14,Simplified,1374,78,7 Q,8,A,8 A,19,1,0,0,net_loss,-1.0,673,-31.5
1374,14,Simplified,1375,78,3 10,5,J,5 J A 8,24,1,0,0,net_win,1.0,674,-30.5
1375,14,Simplified,1376,78,7 A,2,A,2 A 10 Q,23,1,0,0,net_win,1.0,675,-29.5
1376,14,Simplified,1377,78,8 10,3,9,3 9 3 4,19,1,0,0,net_loss,-1.0,676,-30.5
1377,14,Simplified,1378,78,3 J,10,9,10 9,19,1,0,0,net_loss,-1.0,677,-31.5
1378,14,Simplified,1379,78,5 8,2,3,2 3 A 10 Q,26,1,0,0,net_win,1.0,678,-30.5
1379,14,Simplified,1380,78,2 A,10,2,10 2 7,19,1,0,0,net_loss,-1.0,679,-31.5
1380,14,Simplified,1381,78,8 2,2,9,2 9 2 7,20,1,0,0,net_loss,-1.0,680,-32.5
1381,14,Simplified,1382,78,5 6,9,3,9 3 5,17,1,0,0,net_win,1.0,681,-31.5
1382,14,Simplified,1383,78,Q 10,5,3,5 3 2 4 7,21,1,0,0,net_loss,-1.0,682,-32.5
1383,14,Simplified,1384,78,J 8,A,3,A 3 Q 3,17,1,0,0,net_win,1.0,683,-31.5
1384,14,Simplified,1385,78,10 5,5,5,5 5 10,20,1,0,0,net_loss,-1.0,684,-32.5
1385,14,Simplified,1386,78,5 K,8,10,8 10,18,1,0,0,net_loss,-1.0,685,-33.5
1386,14,Simplified,1387,78,J A,A,7,A 7,18,1,0,0,player_blackjack,1.5,686,-32.0
1387,14,Simplified,1388,78,9 6,4,A,4 A Q K,25,1,0,0,net_win,1.0,687,-31.0
1388,14,Simplified,1389,78,7 J,2,9,2 9 J,21,1,0,0,net_loss,-1.0,688,-32.0
1389,14,Simplified,1390,78,A J,A,5,A 5,16,1,0,0,player_blackjack,1.5,689,-30.5
1390,14,Simplified,1391,78,3 K,6,J,6 J 9,25,1,0,0,net_win,1.0,690,-29.5
1391,14,Simplified,1392,78,3 8,K,J,K J,20,1,0,0,net_loss,-1.0,691,-30.5
1392,14,Simplified,1393,78,3 10,7,K,7 K,17,1,0,0,net_loss,-1.0,692,-31.5
1393,14,Simplified,1394,78,4 3,6,2,6 2 4 A 6,19,1,0,0,net_loss,-1.0,693,-32.5
1394,14,Simplified,1395,78,4 J,6,9,6 9 6,21,1,0,0,net_loss,-1.0,694,-33.5
1395,14,Simplified,1396,78,Q 10,2,J,2 J J,22,1,0,0,net_win,1.0,695,-32.5
1396,14,Simplified,1397,78,2 8,J,6,J 6 4,20,1,0,0,net_loss,-1.0,696,-33.5
1397,14,Simplified,1398,78,9 4,3,7,3 7 J,20,1,0,0,net_loss,-1.0,697,-34.5
1398,14,Simplified,1399,78,5 4,10,2,10 2 6,18,1,0,0,net_win,1.0,698,-33.5
1399,14,Simplified,1400,78,K 5,9,9,9 9,18,1,0,0,net_loss,-1.0,699,-34.5
1400,14,Simplified,1401,78,6 6,8,K,8 K,18,1,0,0,net_loss,-1.0,700,-35.5
1401,15,Basic,1402,78,2 10,J,10,J 10,20,1,0,0,net_loss,-1.0,701,-29.5
1402,15,Basic,1403,78,6 J,7,A,7 A,18,1,0,0,net_win,1.0,702,-28.5
1403,15,Basic,1404,78,A 6,4,K,4 K J,24,1,0,1,net_win,2.0,703,-26.5
1404,15,Basic,1405,78,3 K,6,10,6 10 4,20,1,0,0,net_loss,-1.0,704,-27.5
1405,15,Basic,1406,78,A 3,8,3,8 3 9,20,1,0,0,net_loss,-1.0,705,-28.5
1406,15,Basic,1407,78,2 4,5,K,5 K K,25,1,0,0,net_win,1.0,706,-27.5
1407,15,Basic,1408,78,9 6,Q,4,Q 4 8,22,1,0,0,net_win,1.0,707,-26.5
1408,15,Basic,1409,78,4 2,9,J,9 J,19,1,0,0,net_push,0.0,708,-26.5
1409,15,Basic,1410,78,J 5,9,7,9 7,16,1,0,0,net_loss,-1.0,709,-27.5
1410,15,Basic,1411,78,Q 10,9,7,9 7 10,26,1,0,0,net_win,1.0,710,-26.5
1411,15,Basic,1412,78,4 6,K,9,K 9,19,1,0,0,net_win,1.0,711,-25.5
1412,15,Basic,1413,78,7 7,4,8,4 8 3 10,25,2,1,2,net_win,4.0,712,-21.5
1413,15,Basic,1414,78,J Q,2,3,2 3 10 K,25,1,0,0,net_win,1.0,713,-20.5
1414,15,Basic,1415,78,2 K,9,K,9 K,19,1,0,0,net_loss,-1.0,714,-21.5
1415,15,Basic,1416,78,J 3,8,A,8 A,19,1,0,0,net_loss,-1.0,715,-22.5
1416,15,Basic,1417,78,J 5,4,9,4 9 A 4,18,1,0,0,net_loss,-1.0,716,-23.5
1417,15,Basic,1418,78,3 4,6,8,6 8 7,21,1,0,0,net_loss,-1.0,717,-24.5
1418,15,Basic,1419,78,J 4,2,6,2 6 9,17,1,0,0,net_loss,-1.0,718,-25.5
1419,15,Basic,1420,78,A 4,4,9,4 9 8,21,1,0,1,net_push,0.0,719,-25.5
1420,15,Basic,1421,78,Q 8,3,5,3 5 10,18,1,0,0,net_push,0.0,720,-25.5
1421,15,Basic,1422,78,2 2,4,4,4 4 8 8,24,2,1,0,net_win,2.0,721,-23.5
1422,15,Basic,1423,78,8 Q,5,K,5 K J,25,1,0,0,net_win,1.0,722,-22.5
1423,15,Basic,1424,78,2 7,2,9,2 9 Q,21,1,0,0,net_loss,-1.0,723,-23.5
1424,15,Basic,1425,78,Q K,9,6,9 6 6,21,1,0,0,net_loss,-1.0,724,-24.5
1425,15,Basic,1426,78,6 8,A,K,A K,21,1,0,0,dealer_blackjack,-1.0,725,-25.5
1426,15,Basic,1427,78,4 K,A,A,A A,12,1,0,0,net_loss,-1.0,726,-26.5
1427,15,Basic,1428,78,5 2,9,A,9 A,20,1,0,0,net_loss,-1.0,727,-27.5
1428,15,Basic,1429,78,8 6,10,K,10 K,20,1,0,0,net_loss,-1.0,728,-28.5
1429,15,Basic,1430,78,8 8,A,6,A 6,17,2,1,0,net_win,1.0,729,-27.5
1430,15,Basic,1431,78,3 J,2,5,2 5 8 7,22,1,0,0,net_win,1.0,730,-26.5
1431,15,Basic,1432,78,Q 6,A,Q,A Q,21,1,0,0,dealer_blackjack,-1.0,731,-27.5
1432,15,Basic,1433,78,J K,K,A,K A,21,1,0,0,dealer_blackjack,-1.0,732,-28.5
1433,15,Basic,1434,78,A 5,3,2,3 2 9 Q,24,1,0,0,net_win,1.0,733,-27.5
1434,15,Basic,1435,78,9 4,K,9,K 9,19,1,0,0,net_loss,-1.0,734,-28.5
1435,15,Basic,1436,78,A Q,4,9,4 9,13,1,0,0,player_blackjack,1.5,735,-27.0
1436,15,Basic,1437,78,10 J,9,3,9 3 4 6,22,1,0,0,net_win,1.0,736,-26.0
1437,15,Basic,1438,78,9 2,9,5,9 5 7,21,1,0,1,net_loss,-2.0,737,-28.0
1438,15,Basic,1439,78,8 9,J,Q,J Q,20,1,0,0,net_loss,-1.0,738,-29.0
1439,15,Basic,1440,78,K Q,7,Q,7 Q,17,1,0,0,net_win,1.0,739,-28.0
1440,15,Basic,1441,78,9 8,Q,7,Q 7,17,1,0,0,net_push,0.0,740,-28.0
1441,15,Basic,1442,78,3 2,3,6,3 6 3 5,17,1,0,0,net_loss,-1.0,741,-29.0
1442,15,Basic,1443,78,4 10,7,9,7 9,16,1,0,0,net_loss,-1.0,742,-30.0
1443,15,Basic,1444,78,9 Q,Q,K,Q K,20,1,0,0,net_loss,-1.0,743,-31.0
1444,15,Basic,1445,78,J A,2,K,2 K,12,1,0,0,player_blackjack,1.5,744,-29.5
1445,15,Basic,1446,78,5 J,8,6,8 6 K,24,1,0,0,net_win,1.0,745,-28.5
1446,15,Basic,1447,78,J 6,6,6,6 6 K,22,1,0,0,net_win,1.0,746,-27.5
1447,15,Basic,1448,78,7 A,Q,8,Q 8,18,1,0,0,net_loss,-1.0,747,-28.5
1448,15,Basic,1449,78,2 A,J,7,J 7,17,1,0,0,net_push,0.0,748,-28.5
1449,15,Basic,1450,78,8 6,J,8,J 8,18,1,0,0,net_loss,-1.0,749,-29.5
1450,15,Basic,1451,78,Q K,9,2,9 2 J,21,1,0,0,net_loss,-1.0,750,-30.5
1451,15,Basic,1452,78,3 2,Q,Q,Q Q,20,1,0,0,net_loss,-1.0,751,-31.5
1452,15,Basic,1453,78,10 5,K,J,K J,20,1,0,0,net_win,1.0,752,-30.5
1453,15,Basic,1454,78,Q 5,9,2,9 2,11,1,0,0,net_loss,-1.0,753,-31.5
1454,15,Basic,1455,78,8 2,Q,J,Q J,20,1,0,0,net_loss,-1.0,754,-32.5
1455,15,Basic,1456,78,10 J,4,A,4 A Q J,25,1,0,0,net_win,1.0,755,-31.5
1456,15,Basic,1457,78,Q 4,K,J,K J,20,1,0,0,net_win,1.0,756,-30.5
1457,15,Basic,1458,78,6 K,3,2,3 2 10 7,22,1,0,0,net_win,1.0,757,-29.5
1458,15,Basic,1459,78,9 9,10,A,10 A,21,1,0,0,dealer_blackjack,-1.0,758,-30.5
1459,15,Basic,1460,78,4 K,4,8,4 8 10,22,1,0,0,net_win,1.0,759,-29.5
1460,15,Basic,1461,78,2 4,2,Q,2 Q J,22,1,0,0,net_win,1.0,760,-28.5
1461,15,Basic,1462,78,A 5,A,K,A K,21,1,0,0,dealer_blackjack,-1.0,761,-29.5
1462,15,Basic,1463,78,8 A,6,3,6 3 J,19,1,0,1,net_push,0.0,762,-29.5
1463,15,Basic,1464,78,J K,A,8,A 8,19,1,0,0,net_win,1.0,763,-28.5
1464,15,Basic,1465,78,Q 8,3,3,3 3 A,17,1,0,0,net_win,1.0,764,-27.5
1465,15,Basic,1466,78,4 4,2,9,2 9 10,21,1,0,0,net_loss,-1.0,765,-28.5
1466,15,Basic,1467,78,3 Q,9,8,9 8,17,1,0,0,net_loss,-1.0,766,-29.5
1467,15,Basic,1468,78,4 8,Q,10,Q 10,20,1,0,0,net_loss,-1.0,767,-30.5
1468,15,Basic,1469,78,8 A,A,4,A 4 5,20,1,0,0,net_loss,-1.0,768,-31.5
1469,15,Basic,1470,78,A K,10,5,10 5,15,1,0,0,player_blackjack,1.5,769,-30.0
1470,15,Basic,1471,78,J J,Q,Q,Q Q,20,1,0,0,net_push,0.0,770,-30.0
1471,15,Basic,1472,78,7 8,J,4,J 4 Q,24,1,0,0,net_win,1.0,771,-29.0
1472,15,Basic,1473,78,10 9,4,9,4 9 A 5,19,1,0,0,net_push,0.0,772,-29.0
1473,15,Basic,1474,78,8 J,2,K,2 K 10,22,1,0,0,net_win,1.0,773,-28.0
1474,15,Basic,1475,78,2 5,2,3,2 3 6 K,21,1,0,0,net_loss,-1.0,774,-29.0
1475,15,Basic,1476,78,5 A,J,6,J 6 9,25,1,0,0,net_win,1.0,775,-28.0
1476,15,Basic,1477,78,5 10,Q,A,Q A,21,1,0,0,dealer_blackjack,-1.0,776,-29.0
1477,15,Basic,1478,78,10 K,6,Q,6 Q 4,20,1,0,0,net_push,0.0,777,-29.0
1478,15,Basic,1479,78,9 7,9,3,9 3,12,1,0,0,net_loss,-1.0,778,-30.0
1479,15,Basic,1480,78,8 7,K,5,K 5,15,1,0,0,net_loss,-1.0,779,-31.0
1480,15,Basic,1481,78,7 6,Q,5,Q 5 9,24,1,0,0,net_win,1.0,780,-30.0
1481,15,Basic,1482,78,5 8,2,J,2 J 8,20,1,0,0,net_loss,-1.0,781,-31.0
1482,15,Basic,1483,78,3 Q,6,3,6 3 2 8,19,1,0,0,net_loss,-1.0,782,-32.0
1483,15,Basic,1484,78,Q 3,9,9,9 9,18,1,0,0,net_win,1.0,783,-31.0
1484,15,Basic,1485,78,Q 8,3,5,3 5 4 K,22,1,0,0,net_win,1.0,784,-30.0
1485,15,Basic,1486,78,6 6,5,7,5 7 9,21,2,1,0,net_loss,-2.0,785,-32.0
1486,15,Basic,1487,78,A 8,3,Q,3 Q 4,17,1,0,0,net_win,1.0,786,-31.0
1487,15,Basic,1488,78,A 3,J,7,J 7,17,1,0,0,net_win,1.0,787,-30.0
1488,15,Basic,1489,78,7 Q,K,5,K 5 K,25,1,0,0,net_win,1.0,788,-29.0
1489,15,Basic,1490,78,K K,A,5,A 5 9 4,19,1,0,0,net_win,1.0,789,-28.0
1490,15,Basic,1491,78,7 A,6,K,6 K 5,21,1,0,1,net_loss,-2.0,790,-30.0
1491,15,Basic,1492,78,Q 3,K,8,K 8,18,1,0,0,net_loss,-1.0,791,-31.0
1492,15,Basic,1493,78,K 7,Q,5,Q 5 10,25,1,0,0,net_win,1.0,792,-30.0
1493,15,Basic,1494,78,5 2,10,A,10 A,21,1,0,0,dealer_blackjack,-1.0,793,-31.0
1494,15,Basic,1495,78,5 K,J,4,J 4 Q,24,1,0,0,net_win,1.0,794,-30.0
1495,15,Basic,1496,78,2 4,10,7,10 7,17,1,0,0,net_win,1.0,795,-29.0
1496,15,Basic,1497,78,7 9,10,7,10 7,17,1,0,0,net_win,1.0,796,-28.0
1497,15,Basic,1498,78,3 5,A,Q,A Q,21,1,0,0,dealer_blackjack,-1.0,797,-29.0
1498,15,Basic,1499,78,2 10,4,8,4 8 Q,22,1,0,0,net_win,1.0,798,-28.0
1499,15,Basic,1500,78,J 8,Q,9,Q 9,19,1,0,0,net_loss,-1.0,799,-29.0
1500,15,Basic,1501,78,4 10,5,4,5 4 3 6,18,1,0,0,net_loss,-1.0,800,-30.0
1501,16,Simplified,1502,78,10 6,9,6,9 6 J,25,1,0,0,net_win,1.0,701,-34.5
1502,16,Simplified,1503,78,J 6,9,8,9 8,17,1,0,0,net_loss,-1.0,702,-35.5
1503,16,Simplified,1504,78,7 4,7,10,7 10,17,1,0,0,net_loss,-1.0,703,-36.5
1504,16,Simplified,1505,78,Q 10,8,J,8 J,18,1,0,0,net_win,1.0,704,-35.5
1505,16,Simplified,1506,78,8 2,2,6,2 6 Q,18,1,0,0,net_win,1.0,705,-34.5
1506,16,Simplified,1507,78,A 4,K,Q,K Q,20,1,0,0,net_loss,-1.0,706,-35.5
1507,16,Simplified,1508,78,A K,6,4,6 4,10,1,0,0,player_blackjack,1.5,707,-34.0
1508,16,Simplified,1509,78,A 4,6,7,6 7 Q,23,1,0,0,net_win,1.0,708,-33.0
1509,16,Simplified,1510,78,5 10,2,10,2 10 8,20,1,0,0,net_loss,-1.0,709,-34.0
1510,16,Simplified,1511,78,6 Q,4,J,4 J J,24,1,0,0,net_win,1.0,710,-33.0
1511,16,Simplified,1512,78,10 10,A,Q,A Q,21,1,0,0,dealer_blackjack,-1.0,711,-34.0
1512,16,Simplified,1513,78,9 Q,7,4,7 4 J,21,1,0,0,net_loss,-1.0,712,-35.0
1513,16,Simplified,1514,78,2 7,7,9,7 9 10,26,1,0,0,net_win,1.0,713,-34.0
1514,16,Simplified,1515,78,4 A,3,9,3 9 5,17,1,0,0,net_loss,-1.0,714,-35.0
1515,16,Simplified,1516,78,6 3,5,Q,5 Q A 7,23,1,0,0,net_win,1.0,715,-34.0
1516,16,Simplified,1517,78,10 4,10,K,10 K,20,1,0,0,net_loss,-1.0,716,-35.0
1517,16,Simplified,1518,78,8 2,K,2,K 2 7,19,1,0,0,net_loss,-1.0,717,-36.0
1518,16,Simplified,1519,78,3 8,3,Q,3 Q 7,20,1,0,0,net_loss,-1.0,718,-37.0
1519,16,Simplified,1520,78,3 9,K,K,K K,20,1,0,0,net_loss,-1.0,719,-38.0
1520,16,Simplified,1521,78,J 8,A,3,A 3 Q 9,23,1,0,0,net_win,1.0,720,-37.0
1521,16,Simplified,1522,78,Q K,3,3,3 3 A,17,1,0,0,net_win,1.0,721,-36.0
1522,16,Simplified,1523,78,6 3,A,2,A 2 10 8,21,1,0,0,net_loss,-1.0,722,-37.0
1523,16,Simplified,1524,78,K K,5,K,5 K 8,23,1,0,0,net_win,1.0,723,-36.0
1524,16,Simplified,1525,78,A 6,2,K,2 K 4 10,26,1,0,0,net_win,1.0,724,-35.0
1525,16,Simplified,1526,78,A 2,8,J,8 J,18,1,0,0,net_win,1.0,725,-34.0
1526,16,Simplified,1527,78,6 5,4,4,4 4 Q,18,1,0,0,net_push,0.0,726,-34.0
1527,16,Simplified,1528,78,K A,3,10,3 10,13,1,0,0,player_blackjack,1.5,727,-32.5
1528,16,Simplified,1529,78,3 Q,8,K,8 K,18,1,0,0,net_loss,-1.0,728,-33.5
1529,16,Simplified,1530,78,4 10,Q,A,Q A,21,1,0,0,dealer_blackjack,-1.0,729,-34.5
1530,16,Simplified,1531,78,J J,9,2,9 2 Q,21,1,0,0,net_loss,-1.0,730,-35.5
1531,16,Simplified,1532,78,10 J,8,K,8 K,18,1,0,0,net_win,1.0,731,-34.5
1532,16,Simplified,1533,78,6 8,J,K,J K,20,1,0,0,net_loss,-1.0,732,-35.5
1533,16,Simplified,1534,78,Q 5,8,7,8 7 Q,25,1,0,0,net_win,1.0,733,-34.5
1534,16,Simplified,1535,78,6 A,6,A,6 A,17,1,0,0,net_loss,-1.0,734,-35.5
1535,16,Simplified,1536,78,8 J,3,6,3 6 J,19,1,0,0,net_loss,-1.0,735,-36.5
1536,16,Simplified,1537,78,A Q,2,6,2 6,8,1,0,0,player_blackjack,1.5,736,-35.0
1537,16,Simplified,1538,78,7 2,5,9,5 9 2 Q,26,1,0,0,net_win,1.0,737,-34.0
1538,16,Simplified,1539,78,2 10,3,8,3 8 10,21,1,0,0,net_loss,-1.0,738,-35.0
1539,16,Simplified,1540,78,4 K,7,A,7 A,18,1,0,0,net_loss,-1.0,739,-36.0
1540,16,Simplified,1541,78,7 3,6,K,6 K 7,23,1,0,0,net_win,1.0,740,-35.0
1541,16,Simplified,1542,78,3 3,6,4,6 4 8,18,1,0,0,net_loss,-1.0,741,-36.0
1542,16,Simplified,1543,78,7 A,5,A,5 A J 2,18,1,0,0,net_push,0.0,742,-36.0
1543,16,Simplified,1544,78,10 7,J,K,J K,20,1,0,0,net_loss,-1.0,743,-37.0
1544,16,Simplified,1545,78,K 4,A,3,A 3 5,19,1,0,0,net_loss,-1.0,744,-38.0
1545,16,Simplified,1546,78,2 4,7,9,7 9 3,19,1,0,0,net_loss,-1.0,745,-39.0
1546,16,Simplified,1547,78,8 7,J,6,J 6 3,19,1,0,0,net_loss,-1.0,746,-40.0
1547,16,Simplified,1548,78,4 4,3,J,3 J 7,20,1,0,0,net_loss,-1.0,747,-41.0
1548,16,Simplified,1549,78,7 J,10,8,10 8,18,1,0,0,net_loss,-1.0,748,-42.0
1549,16,Simplified,1550,78,10 8,9,3,9 3 10,22,1,0,0,net_win,1.0,749,-41.0
1550,16,Simplified,1551,78,9 9,3,J,3 J 5,18,1,0,0,net_push,0.0,750,-41.0
1551,16,Simplified,1552,78,4 6,7,6,7 6 5,18,1,0,0,net_win,1.0,751,-40.0
1552,16,Simplified,1553,78,9 9,5,8,5 8 2 7,22,1,0,0,net_win,1.0,752,-39.0
1553,16,Simplified,1554,78,8 K,9,8,9 8,17,1,0,0,net_win,1.0,753,-38.0
1554,16,Simplified,1555,78,4 Q,7,7,7 7 Q,24,1,0,0,net_win,1.0,754,-37.0
1555,16,Simplified,1556,78,J K,10,8,10 8,18,1,0,0,net_win,1.0,755,-36.0
1556,16,Simplified,1557,78,10 6,K,4,K 4 Q,24,1,0,0,net_win,1.0,756,-35.0
1557,16,Simplified,1558,78,K A,6,7,6 7,13,1,0,0,player_blackjack,1.5,757,-33.5
1558,16,Simplified,1559,78,K 8,J,8,J 8,18,1,0,0,net_push,0.0,758,-33.5
1559,16,Simplified,1560,78,J 9,8,10,8 10,18,1,0,0,net_win,1.0,759,-32.5
1560,16,Simplified,1561,78,5 A,J,A,J A,21,1,0,0,dealer_blackjack,-1.0,760,-33.5
1561,16,Simplified,1562,78,K 4,J,3,J 3 2 K,25,1,0,0,net_win,1.0,761,-32.5
1562,16,Simplified,1563,78,K J,3,8,3 8 4 9,24,1,0,0,net_win,1.0,762,-31.5
1563,16,Simplified,1564,78,9 6,8,5,8 5 6,19,1,0,0,net_loss,-1.0,763,-32.5
1564,16,Simplified,1565,78,3 J,10,8,10 8,18,1,0,0,net_loss,-1.0,764,-33.5
1565,16,Simplified,1566,78,2 4,A,2,A 2 K 5,18,1,0,0,net_loss,-1.0,765,-34.5
1566,16,Simplified,1567,78,Q 3,10,8,10 8,18,1,0,0,net_loss,-1.0,766,-35.5
1567,16,Simplified,1568,78,2 J,6,10,6 10 10,26,1,0,0,net_win,1.0,767,-34.5
1568,16,Simplified,1569,78,8 A,K,10,K 10,20,1,0,0,net_loss,-1.0,768,-35.5
1569,16,Simplified,1570,78,K 5,10,6,10 6 4,20,1,0,0,net_loss,-1.0,769,-36.5
1570,16,Simplified,1571,78,7 Q,4,6,4 6 K,20,1,0,0,net_loss,-1.0,770,-37.5
1571,16,Simplified,1572,78,5 J,4,9,4 9 10,23,1,0,0,net_win,1.0,771,-36.5
1572,16,Simplified,1573,78,J Q,3,K,3 K K,23,1,0,0,net_win,1.0,772,-35.5
1573,16,Simplified,1574,78,4 3,7,J,7 J,17,1,0,0,net_win,1.0,773,-34.5
1574,16,Simplified,1575,78,Q 4,10,7,10 7,17,1,0,0,net_loss,-1.0,774,-35.5
1575,16,Simplified,1576,78,4 6,K,5,K 5 4,19,1,0,0,net_loss,-1.0,775,-36.5
1576,16,Simplified,1577,78,2 3,2,4,2 4 3 6 4,19,1,0,0,net_loss,-1.0,776,-37.5
1577,16,Simplified,1578,78,2 6,4,2,4 2 5 A Q,22,1,0,0,net_win,1.0,777,-36.5
1578,16,Simplified,1579,78,2 7,K,3,K 3 4,17,1,0,0,net_win,1.0,778,-35.5
1579,16,Simplified,1580,78,6 10,4,Q,4 Q Q,24,1,0,0,net_win,1.0,779,-34.5
1580,16,Simplified,1581,78,2 2,J,7,J 7,17,1,0,0,net_loss,-1.0,780,-35.5
1581,16,Simplified,1582,78,9 8,J,8,J 8,18,1,0,0,net_loss,-1.0,781,-36.5
1582,16,Simplified,1583,78,7 7,9,5,9 5 10,24,1,0,0,net_win,1.0,782,-35.5
1583,16,Simplified,1584,78,2 4,8,8,8 8 8,24,1,0,0,net_win,1.0,783,-34.5
1584,16,Simplified,1585,78,5 9,J,9,J 9,19,1,0,0,net_loss,-1.0,784,-35.5
1585,16,Simplified,1586,78,7 7,K,7,K 7,17,1,0,0,net_loss,-1.0,785,-36.5
1586,16,Simplified,1587,78,A 9,5,2,5 2 4 7,18,1,0,0,net_win,1.0,786,-35.5
1587,16,Simplified,1588,78,9 A,4,9,4 9 9,22,1,0,0,net_win,1.0,787,-34.5
1588,16,Simplified,1589,78,Q 10,8,8,8 8 A,17,1,0,0,net_win,1.0,788,-33.5
1589,16,Simplified,1590,78,7 3,K,5,K 5 3,18,1,0,0,net_win,1.0,789,-32.5
1590,16,Simplified,1591,78,10 2,8,7,8 7 3,18,1,0,0,net_loss,-1.0,790,-33.5
1591,16,Simplified,1592,78,4 9,A,9,A 9,20,1,0,0,net_loss,-1.0,791,-34.5
1592,16,Simplified,1593,78,6 4,5,3,5 3 K,18,1,0,0,net_loss,-1.0,792,-35.5
1593,16,Simplified,1594,78,3 5,J,3,J 3 7,20,1,0,0,net_loss,-1.0,793,-36.5
1594,16,Simplified,1595,78,10 5,5,7,5 7 6,18,1,0,0,net_loss,-1.0,794,-37.5
1595,16,Simplified,1596,78,8 10,6,8,6 8 2 2,18,1,0,0,net_push,0.0,795,-37.5
1596,16,Simplified,1597,78,5 10,A,9,A 9,20,1,0,0,net_loss,-1.0,796,-38.5
1597,16,Simplified,1598,78,Q 4,2,6,2 6 7 A 4,20,1,0,0,net_loss,-1.0,797,-39.5
1598,16,Simplified,1599,78,3 9,5,10,5 10 6,21,1,0,0,net_loss,-1.0,798,-40.5
1599,16,Simplified,1600,78,10 5,6,5,6 5 10,21,1,0,0,net_loss,-1.0,799,-41.5
1600,16,Simplified,1601,78,3 6,A,4,A 4 7 10,22,1,0,0,net_win,1.0,800,-40.5
1601,17,Basic,1602,78,Q Q,8,9,8 9,17,1,0,0,net_win,1.0,801,-29.0
1602,17,Basic,1603,78,J J,8,2,8 2 3 6,19,1,0,0,net_win,1.0,802,-28.0
1603,17,Basic,1604,78,K 3,J,J,J J,20,1,0,0,net_loss,-1.0,803,-29.0
1604,17,Basic,1605,78,6 7,2,8,2 8 K,20,1,0,0,net_loss,-1.0,804,-30.0
1605,17,Basic,1606,78,9 A,3,K,3 K 10,23,1,0,0,net_win,1.0,805,-29.0
1606,17,Basic,1607,78,Q 8,K,K,K K,20,1,0,0,net_loss,-1.0,806,-30.0
1607,17,Basic,1608,78,5 K,J,J,J J,20,1,0,0,net_loss,-1.0,807,-31.0
1608,17,Basic,1609,78,7 2,8,9,8 9,17,1,0,0,net_win,1.0,808,-30.0
1609,17,Basic,1610,78,5 9,4,4,4 4 5 A 5,19,1,0,0,net_loss,-1.0,809,-31.0
1610,17,Basic,1611,78,4 K,5,3,5 3 4 4 3,19,1,0,0,net_loss,-1.0,810,-32.0
1611,17,Basic,1612,78,8 K,4,A,4 A 9 6,20,1,0,0,net_loss,-1.0,811,-33.0
1612,17,Basic,1613,78,Q 5,2,J,2 J A A 4,18,1,0,0,net_loss,-1.0,812,-34.0
1613,17,Basic,1614,78,5 A,2,6,2 6 3 4 8,23,1,0,0,net_win,1.0,813,-33.0
1614,17,Basic,1615,78,6 Q,5,K,5 K 7,22,1,0,0,net_win,1.0,814,-32.0
1615,17,Basic,1616,78,4 5,Q,7,Q 7,17,1,0,0,net_loss,-1.0,815,-33.0
1616,17,Basic,1617,78,J 10,A,A,A A 7,19,1,0,0,net_win,1.0,816,-32.0
1617,17,Basic,1618,78,2 5,9,K,9 K,19,1,0,0,net_loss,-1.0,817,-33.0
1618,17,Basic,1619,78,3 K,10,5,10 5 3,18,1,0,0,net_win,1.0,818,-32.0
1619,17,Basic,1620,78,7 Q,J,9,J 9,19,1,0,0,net_loss,-1.0,819,-33.0
1620,17,Basic,1621,78,4 2,4,3,4 3 7 5,19,1,0,0,net_push,0.0,820,-33.0
1621,17,Basic,1622,78,J 4,K,A,K A,21,1,0,0,dealer_blackjack,-1.0,821,-34.0
1622,17,Basic,1623,78,A 9,3,8,3 8 5 6,22,1,0,0,net_win,1.0,822,-33.0
1623,17,Basic,1624,78,7 4,Q,3,Q 3 6,19,1,0,1,net_loss,-2.0,823,-35.0
1624,17,Basic,1625,78,7 9,Q,A,Q A,21,1,0,0,dealer_blackjack,-1.0,824,-36.0
1625,17,Basic,1626,78,10 8,10,10,10 10,20,1,0,0,net_loss,-1.0,825,-37.0
1626,17,Basic,1627,78,5 10,10,A,10 A,21,1,0,0,dealer_blackjack,-1.0,826,-38.0
1627,17,Basic,1628,78,9 8,3,4,3 4 5 6,18,1,0,0,net_loss,-1.0,827,-39.0
1628,17,Basic,1629,78,5 7,Q,A,Q A,21,1,0,0,dealer_blackjack,-1.0,828,-40.0
1629,17,Basic,1630,78,A J,5,K,5 K,15,1,0,0,player_blackjack,1.5,829,-38.5
1630,17,Basic,1631,78,3 A,J,9,J 9,19,1,0,0,net_win,1.0,830,-37.5
1631,17,Basic,1632,78,Q K,2,Q,2 Q 7,19,1,0,0,net_win,1.0,831,-36.5
1632,17,Basic,1633,78,4 9,J,Q,J Q,20,1,0,0,net_push,0.0,832,-36.5
1633,17,Basic,1634,78,4 3,3,A,3 A 10 Q,24,1,0,0,net_win,1.0,833,-35.5
1634,17,Basic,1635,78,4 5,8,Q,8 Q,18,1,0,0,net_win,1.0,834,-34.5
1635,17,Basic,1636,78,5 10,Q,10,Q 10,20,1,0,0,net_loss,-1.0,835,-35.5
1636,17,Basic,1637,78,Q 7,7,9,7 9 8,24,1,0,0,net_win,1.0,836,-34.5
1637,17,Basic,1638,78,7 3,K,3,K 3,13,1,0,0,net_loss,-1.0,837,-35.5
1638,17,Basic,1639,78,10 A,8,K,8 K,18,1,0,0,player_blackjack,1.5,838,-34.0
1639,17,Basic,1640,78,10 8,10,5,10 5 J,25,1,0,0,net_win,1.0,839,-33.0
1640,17,Basic,1641,78,3 A,7,4,7 4 8,19,1,0,0,net_win,1.0,840,-32.0
1641,17,Basic,1642,78,6 6,3,A,3 A 9 Q,23,2,1,1,net_win,3.0,841,-29.0
1642,17,Basic,1643,78,7 J,8,J,8 J,18,1,0,0,net_loss,-1.0,842,-30.0
1643,17,Basic,1644,78,7 5,K,2,K 2,12,1,0,0,net_loss,-1.0,843,-31.0
1644,17,Basic,1645,78,9 9,7,10,7 10,17,1,0,0,net_win,1.0,844,-30.0
1645,17,Basic,1646,78,3 3,10,10,10 10,20,1,0,0,net_push,0.0,845,-30.0
1646,17,Basic,1647,78,3 7,5,6,5 6 K,21,1,0,1,net_loss,-2.0,846,-32.0
1647,17,Basic,1648,78,A 10,Q,J,Q J,20,1,0,0,player_blackjack,1.5,847,-30.5
1648,17,Basic,1649,78,J Q,6,10,6 10 6,22,1,0,0,net_win,1.0,848,-29.5
1649,17,Basic,1650,78,K 5,7,Q,7 Q,17,1,0,0,net_win,1.0,849,-28.5
1650,17,Basic,1651,78,6 J,3,7,3 7 3 10,23,1,0,0,net_win,1.0,850,-27.5
1651,17,Basic,1652,78,J 8,9,10,9 10,19,1,0,0,net_loss,-1.0,851,-28.5
1652,17,Basic,1653,78,Q 4,Q,9,Q 9,19,1,0,0,net_loss,-1.0,852,-29.5
1653,17,Basic,1654,78,A 8,Q,5,Q 5 8,23,1,0,0,net_win,1.0,853,-28.5
1654,17,Basic,1655,78,9 A,5,4,5 4 5 2 3,19,1,0,0,net_win,1.0,854,-27.5
1655,17,Basic,1656,78,9 8,6,10,6 10 5,21,1,0,0,net_loss,-1.0,855,-28.5
1656,17,Basic,1657,78,8 Q,4,10,4 10 2 9,25,1,0,0,net_win,1.0,856,-27.5
1657,17,Basic,1658,78,6 J,2,Q,2 Q 7,19,1,0,0,net_loss,-1.0,857,-28.5
1658,17,Basic,1659,78,10 4,9,A,9 A,20,1,0,0,net_loss,-1.0,858,-29.5
1659,17,Basic,1660,78,4 6,4,10,4 10 5,19,1,0,1,net_win,2.0,859,-27.5
1660,17,Basic,1661,78,A 6,3,J,3 J 9,22,1,0,1,net_win,2.0,860,-25.5
1661,17,Basic,1662,78,5 Q,10,5,10 5 4,19,1,0,0,net_loss,-1.0,861,-26.5
1662,17,Basic,1663,78,3 7,8,J,8 J,18,1,0,1,net_loss,-2.0,862,-28.5
1663,17,Basic,1664,78,10 8,9,7,9 7 6,22,1,0,0,net_win,1.0,863,-27.5
1664,17,Basic,1665,78,Q K,3,Q,3 Q 3 8,24,1,0,0,net_win,1.0,864,-26.5
1665,17,Basic,1666,78,10 Q,7,9,7 9 3,19,1,0,0,net_win,1.0,865,-25.5
1666,17,Basic,1667,78,9 10,Q,6,Q 6 2,18,1,0,0,net_win,1.0,866,-24.5
1667,17,Basic,1668,78,Q Q,5,5,5 5 6 J,26,1,0,0,net_win,1.0,867,-23.5
1668,17,Basic,1669,78,10 A,9,J,9 J,19,1,0,0,player_blackjack,1.5,868,-22.0
1669,17,Basic,1670,78,6 4,8,7,8 7 2,17,1,0,1,net_loss,-2.0,869,-24.0
1670,17,Basic,1671,78,6 A,Q,6,Q 6 Q,26,1,0,0,net_win,1.0,870,-23.0
1671,17,Basic,1672,78,3 5,K,4,K 4 4,18,1,0,0,net_push,0.0,871,-23.0
1672,17,Basic,1673,78,5 5,9,3,9 3 8,20,1,0,1,net_loss,-2.0,872,-25.0
1673,17,Basic,1674,78,K 4,5,7,5 7 J,22,1,0,0,net_win,1.0,873,-24.0
1674,17,Basic,1675,78,8 3,6,7,6 7 6,19,1,0,1,net_win,2.0,874,-22.0
1675,17,Basic,1676,78,4 6,6,2,6 2 K,18,1,0,1,net_win,2.0,875,-20.0
1676,17,Basic,1677,78,10 9,5,3,5 3 A,19,1,0,0,net_push,0.0,876,-20.0
1677,17,Basic,1678,78,9 7,Q,5,Q 5,15,1,0,0,net_loss,-1.0,877,-21.0
1678,17,Basic,1679,78,J 7,9,10,9 10,19,1,0,0,net_loss,-1.0,878,-22.0
1679,17,Basic,1680,78,3 4,6,9,6 9 K,25,1,0,0,net_win,1.0,879,-21.0
1680,17,Basic,1681,78,A 4,K,10,K 10,20,1,0,0,net_loss,-1.0,880,-22.0
1681,17,Basic,1682,78,7 K,10,10,10 10,20,1,0,0,net_loss,-1.0,881,-23.0
1682,17,Basic,1683,78,5 Q,3,6,3 6 8,17,1,0,0,net_loss,-1.0,882,-24.0
1683,17,Basic,1684,78,3 9,J,2,J 2 5,17,1,0,0,net_win,1.0,883,-23.0
1684,17,Basic,1685,78,5 8,6,A,6 A,17,1,0,0,net_loss,-1.0,884,-24.0
1685,17,Basic,1686,78,5 8,J,9,J 9,19,1,0,0,net_win,1.0,885,-23.0
1686,17,Basic,1687,78,5 K,8,A,8 A,19,1,0,0,net_push,0.0,886,-23.0
1687,17,Basic,1688,78,2 10,7,5,7 5,12,1,0,0,net_loss,-1.0,887,-24.0
1688,17,Basic,1689,78,6 10,2,A,2 A 2 2,17,1,0,0,net_loss,-1.0,888,-25.0
1689,17,Basic,1690,78,10 8,8,7,8 7 A 6,22,1,0,0,net_win,1.0,889,-24.0
1690,17,Basic,1691,78,J 10,8,9,8 9,17,1,0,0,net_win,1.0,890,-23.0
1691,17,Basic,1692,78,6 J,4,9,4 9 J,23,1,0,0,net_win,1.0,891,-22.0
1692,17,Basic,1693,78,Q A,9,8,9 8,17,1,0,0,player_blackjack,1.5,892,-20.5
1693,17,Basic,1694,78,9 9,3,J,3 J A J,24,2,1,0,net_win,2.0,893,-18.5
1694,17,Basic,1695,78,J 9,4,3,4 3 8 9,24,1,0,0,net_win,1.0,894,-17.5
1695,17,Basic,1696,78,7 5,5,8,5 8 10,23,1,0,0,net_win,1.0,895,-16.5
1696,17,Basic,1697,78,J 2,A,6,A 6,17,1,0,0,net_loss,-1.0,896,-17.5
1697,17,Basic,1698,78,10 3,6,9,6 9 A 2,18,1,0,0,net_loss,-1.0,897,-18.5
1698,17,Basic,1699,78,10 3,3,8,3 8 2 10,23,1,0,0,net_win,1.0,898,-17.5
1699,17,Basic,1700,78,J K,10,3,10 3 7,20,1,0,0,net_push,0.0,899,-17.5
1700,17,Basic,1701,78,7 7,5,4,5 4 5 Q,24,2,1,0,net_win,2.0,900,-15.5
1701,18,Simplified,1702,78,2 3,Q,Q,Q Q,20,1,0,0,net_loss,-1.0,801,-41.5
1702,18,Simplified,1703,78,8 8,Q,K,Q K,20,1,0,0,net_loss,-1.0,802,-42.5
1703,18,Simplified,1704,78,9 4,J,A,J A,21,1,0,0,dealer_blackjack,-1.0,803,-43.5
1704,18,Simplified,1705,78,7 10,8,A,8 A,19,1,0,0,net_loss,-1.0,804,-44.5
1705,18,Simplified,1706,78,2 7,A,K,A K,21,1,0,0,dealer_blackjack,-1.0,805,-45.5
1706,18,Simplified,1707,78,Q 3,8,2,8 2 7,17,1,0,0,net_loss,-1.0,806,-46.5
1707,18,Simplified,1708,78,4 4,A,2,A 2 J 8,21,1,0,0,net_loss,-1.0,807,-47.5
1708,18,Simplified,1709,78,9 A,4,4,4 4 2 4 J,24,1,0,0,net_win,1.0,808,-46.5
1709,18,Simplified,1710,78,J 7,9,K,9 K,19,1,0,0,net_loss,-1.0,809,-47.5
1710,18,Simplified,1711,78,K 3,10,10,10 10,20,1,0,0,net_loss,-1.0,810,-48.5
1711,18,Simplified,1712,78,2 2,5,7,5 7 J,22,1,0,0,net_win,1.0,811,-47.5
1712,18,Simplified,1713,78,3 8,5,5,5 5 4 A A 7,23,1,0,0,net_win,1.0,812,-46.5
1713,18,Simplified,1714,78,3 2,Q,A,Q A,21,1,0,0,dealer_blackjack,-1.0,813,-47.5
1714,18,Simplified,1715,78,7 4,3,5,3 5 6 A K,25,1,0,0,net_win,1.0,814,-46.5
1715,18,Simplified,1716,78,4 4,A,J,A J,21,1,0,0,dealer_blackjack,-1.0,815,-47.5
1716,18,Simplified,1717,78,4 K,6,9,6 9 A Q,26,1,0,0,net_win,1.0,816,-46.5
1717,18,Simplified,1718,78,2 9,8,A,8 A,19,1,0,0,net_loss,-1.0,817,-47.5
1718,18,Simplified,1719,78,6 4,9,8,9 8,17,1,0,0,net_loss,-1.0,818,-48.5
1719,18,Simplified,1720,78,K 5,3,8,3 8 Q,21,1,0,0,net_loss,-1.0,819,-49.5
1720,18,Simplified,1721,78,9 3,3,10,3 10 5,18,1,0,0,net_loss,-1.0,820,-50.5
1721,18,Simplified,1722,78,5 9,6,7,6 7 7,20,1,0,0,net_loss,-1.0,821,-51.5
1722,18,Simplified,1723,78,8 5,Q,10,Q 10,20,1,0,0,net_loss,-1.0,822,-52.5
1723,18,Simplified,1724,78,6 J,K,10,K 10,20,1,0,0,net_loss,-1.0,823,-53.5
1724,18,Simplified,1725,78,5 9,3,6,3 6 A,20,1,0,0,net_loss,-1.0,824,-54.5
1725,18,Simplified,1726,78,4 8,5,3,5 3 3 3 10,24,1,0,0,net_win,1.0,825,-53.5
1726,18,Simplified,1727,78,A 5,3,5,3 5 10,18,1,0,0,net_loss,-1.0,826,-54.5
1727,18,Simplified,1728,78,K J,8,8,8 8 A,17,1,0,0,net_win,1.0,827,-53.5
1728,18,Simplified,1729,78,Q K,Q,9,Q 9,19,1,0,0,net_win,1.0,828,-52.5
1729,18,Simplified,1730,78,8 8,2,4,2 4 9 Q,25,1,0,0,net_win,1.0,829,-51.5
1730,18,Simplified,1731,78,10 4,5,6,5 6 J,21,1,0,0,net_loss,-1.0,830,-52.5
1731,18,Simplified,1732,78,J 7,8,2,8 2 7,17,1,0,0,net_push,0.0,831,-52.5
1732,18,Simplified,1733,78,Q 3,4,5,4 5 8,17,1,0,0,net_loss,-1.0,832,-53.5
1733,18,Simplified,1734,78,8 9,5,J,5 J 3,18,1,0,0,net_loss,-1.0,833,-54.5
1734,18,Simplified,1735,78,2 7,J,K,J K,20,1,0,0,net_loss,-1.0,834,-55.5
1735,18,Simplified,1736,78,A Q,8,3,8 3,11,1,0,0,player_blackjack,1.5,835,-54.0
1736,18,Simplified,1737,78,Q 7,4,8,4 8 6,18,1,0,0,net_loss,-1.0,836,-55.0
1737,18,Simplified,1738,78,6 A,K,J,K J,20,1,0,0,net_loss,-1.0,837,-56.0
1738,18,Simplified,1739,78,6 7,4,Q,4 Q Q,24,1,0,0,net_win,1.0,838,-55.0
1739,18,Simplified,1740,78,4 9,9,9,9 9,18,1,0,0,net_loss,-1.0,839,-56.0
1740,18,Simplified,1741,78,J 4,2,10,2 10 8,20,1,0,0,net_loss,-1.0,840,-57.0
1741,18,Simplified,1742,78,7 7,4,10,4 10 6,20,1,0,0,net_loss,-1.0,841,-58.0
1742,18,Simplified,1743,78,K 7,5,Q,5 Q 9,24,1,0,0,net_win,1.0,842,-57.0
1743,18,Simplified,1744,78,2 10,5,8,5 8 3 10,26,1,0,0,net_win,1.0,843,-56.0
1744,18,Simplified,1745,78,A K,9,4,9 4,13,1,0,0,player_blackjack,1.5,844,-54.5
1745,18,Simplified,1746,78,K 6,9,9,9 9,18,1,0,0,net_loss,-1.0,845,-55.5
1746,18,Simplified,1747,78,A 9,8,2,8 2 9,19,1,0,0,net_win,1.0,846,-54.5
1747,18,Simplified,1748,78,J A,A,7,A 7,18,1,0,0,player_blackjack,1.5,847,-53.0
1748,18,Simplified,1749,78,8 4,4,7,4 7 5 2,18,1,0,0,net_loss,-1.0,848,-54.0
1749,18,Simplified,1750,78,6 10,5,7,5 7 10,22,1,0,0,net_win,1.0,849,-53.0
1750,18,Simplified,1751,78,4 A,4,J,4 J Q,24,1,0,0,net_win,1.0,850,-52.0
1751,18,Simplified,1752,78,2 7,3,5,3 5 9,17,1,0,0,net_win,1.0,851,-51.0
1752,18,Simplified,1753,78,10 Q,4,5,4 5 6 A K,26,1,0,0,net_win,1.0,852,-50.0
1753,18,Simplified,1754,78,3 6,K,5,K 5 5,20,1,0,0,net_loss,-1.0,853,-51.0
1754,18,Simplified,1755,78,5 8,A,10,A 10,21,1,0,0,dealer_blackjack,-1.0,854,-52.0
1755,18,Simplified,1756,78,A 3,6,6,6 6 5,17,1,0,0,net_loss,-1.0,855,-53.0
1756,18,Simplified,1757,78,7 4,9,5,9 5 Q,24,1,0,0,net_win,1.0,856,-52.0
1757,18,Simplified,1758,78,J K,9,Q,9 Q,19,1,0,0,net_win,1.0,857,-51.0
1758,18,Simplified,1759,78,Q 2,4,6,4 6 3 7,20,1,0,0,net_loss,-1.0,858,-52.0
1759,18,Simplified,1760,78,K A,6,8,6 8,14,1,0,0,player_blackjack,1.5,859,-50.5
1760,18,Simplified,1761,78,K 4,2,6,2 6 3 J,21,1,0,0,net_loss,-1.0,860,-51.5
1761,18,Simplified,1762,78,3 10,J,6,J 6 J,26,1,0,0,net_win,1.0,861,-50.5
1762,18,Simplified,1763,78,6 J,8,8,8 8 7,23,1,0,0,net_win,1.0,862,-49.5
1763,18,Simplified,1764,78,8 3,8,10,8 10,18,1,0,0,net_loss,-1.0,863,-50.5
1764,18,Simplified,1765,78,7 10,3,8,3 8 10,21,1,0,0,net_loss,-1.0,864,-51.5
1765,18,Simplified,1766,78,K 4,7,Q,7 Q,17,1,0,0,net_loss,-1.0,865,-52.5
1766,18,Simplified,1767,78,Q K,J,10,J 10,20,1,0,0,net_push,0.0,866,-52.5
1767,18,Simplified,1768,78,5 K,A,10,A 10,21,1,0,0,dealer_blackjack,-1.0,867,-53.5
1768,18,Simplified,1769,78,A 4,A,6,A 6,17,1,0,0,net_loss,-1.0,868,-54.5
1769,18,Simplified,1770,78,A A,9,8,9 8,17,1,0,0,net_loss,-1.0,869,-55.5
1770,18,Simplified,1771,78,4 5,A,Q,A Q,21,1,0,0,dealer_blackjack,-1.0,870,-56.5
1771,18,Simplified,1772,78,8 8,7,8,7 8 A K,26,1,0,0,net_win,1.0,871,-55.5
1772,18,Simplified,1773,78,3 K,8,Q,8 Q,18,1,0,0,net_loss,-1.0,872,-56.5
1773,18,Simplified,1774,78,6 K,8,6,8 6 10,24,1,0,0,net_win,1.0,873,-55.5
1774,18,Simplified,1775,78,10 4,K,3,K 3 3 3,19,1,0,0,net_loss,-1.0,874,-56.5
1775,18,Simplified,1776,78,10 6,K,10,K 10,20,1,0,0,net_loss,-1.0,875,-57.5
1776,18,Simplified,1777,78,3 A,5,A,5 A 7 J,23,1,0,0,net_win,1.0,876,-56.5
1777,18,Simplified,1778,78,3 2,K,4,K 4 10,24,1,0,0,net_win,1.0,877,-55.5
1778,18,Simplified,1779,78,3 4,A,7,A 7,18,1,0,0,net_loss,-1.0,878,-56.5
1779,18,Simplified,1780,78,2 7,4,J,4 J 5,19,1,0,0,net_push,0.0,879,-56.5
1780,18,Simplified,1781,78,2 A,K,J,K J,20,1,0,0,net_loss,-1.0,880,-57.5
1781,18,Simplified,1782,78,Q 9,6,A,6 A,17,1,0,0,net_win,1.0,881,-56.5
1782,18,Simplified,1783,78,Q 9,A,Q,A Q,21,1,0,0,dealer_blackjack,-1.0,882,-57.5
1783,18,Simplified,1784,78,A A,5,J,5 J 9,24,1,0,0,net_win,1.0,883,-56.5
1784,18,Simplified,1785,78,J 10,K,Q,K Q,20,1,0,0,net_push,0.0,884,-56.5
1785,18,Simplified,1786,78,9 3,10,2,10 2 J,22,1,0,0,net_win,1.0,885,-55.5
1786,18,Simplified,1787,78,K 2,6,9,6 9 9,24,1,0,0,net_win,1.0,886,-54.5
1787,18,Simplified,1788,78,Q K,2,9,2 9 8,19,1,0,0,net_win,1.0,887,-53.5
1788,18,Simplified,1789,78,7 4,Q,A,Q A,21,1,0,0,dealer_blackjack,-1.0,888,-54.5
1789,18,Simplified,1790,78,J 5,4,10,4 10 J,24,1,0,0,net_win,1.0,889,-53.5
1790,18,Simplified,1791,78,10 A,3,7,3 7,10,1,0,0,player_blackjack,1.5,890,-52.0
1791,18,Simplified,1792,78,9 J,Q,J,Q J,20,1,0,0,net_loss,-1.0,891,-53.0
1792,18,Simplified,1793,78,A J,3,4,3 4,7,1,0,0,player_blackjack,1.5,892,-51.5
1793,18,Simplified,1794,78,Q 4,8,9,8 9,17,1,0,0,net_loss,-1.0,893,-52.5
1794,18,Simplified,1795,78,8 6,5,7,5 7 K,22,1,0,0,net_win,1.0,894,-51.5
1795,18,Simplified,1796,78,4 7,9,7,9 7 8,24,1,0,0,net_win,1.0,895,-50.5
1796,18,Simplified,1797,78,4 7,Q,6,Q 6 Q,26,1,0,0,net_win,1.0,896,-49.5
1797,18,Simplified,1798,78,6 Q,9,5,9 5 4,18,1,0,0,net_loss,-1.0,897,-50.5
1798,18,Simplified,1799,78,A Q,3,5,3 5,8,1,0,0,player_blackjack,1.5,898,-49.0
1799,18,Simplified,1800,78,5 2,6,6,6 6 5,17,1,0,0,net_push,0.0,899,-49.0
1800,18,Simplified,1801,78,K 10,4,A,4 A 6,21,1,0,0,net_loss,-1.0,900,-50.0
1801,19,Basic,1802,78,9 9,2,3,2 3 4 K,19,2,1,1,net_win,2.0,901,-13.5
1802,19,Basic,1803,78,Q A,8,10,8 10,18,1,0,0,player_blackjack,1.5,902,-12.0
1803,19,Basic,1804,78,2 10,J,8,J 8,18,1,0,0,net_win,1.0,903,-11.0
1804,19,Basic,1805,78,7 Q,A,2,A 2 5,18,1,0,0,net_loss,-1.0,904,-12.0
1805,19,Basic,1806,78,K K,2,6,2 6 5 2 4,19,1,0,0,net_win,1.0,905,-11.0
1806,19,Basic,1807,78,6 2,2,5,2 5 A,18,1,0,0,net_push,0.0,906,-11.0
1807,19,Basic,1808,78,A Q,10,7,10 7,17,1,0,0,player_blackjack,1.5,907,-9.5
1808,19,Basic,1809,78,K 8,J,5,J 5 J,25,1,0,0,net_win,1.0,908,-8.5
1809,19,Basic,1810,78,A 4,7,10,7 10,17,1,0,0,net_loss,-1.0,909,-9.5
1810,19,Basic,1811,78,Q 4,9,6,9 6,15,1,0,0,net_loss,-1.0,910,-10.5
1811,19,Basic,1812,78,3 10,3,A,3 A 2 Q 3,19,1,0,0,net_loss,-1.0,911,-11.5
1812,19,Basic,1813,78,K 4,4,9,4 9 K,23,1,0,0,net_win,1.0,912,-10.5
1813,19,Basic,1814,78,J J,K,8,K 8,18,1,0,0,net_win,1.0,913,-9.5
1814,19,Basic,1815,78,J Q,4,10,4 10 A 5,20,1,0,0,net_push,0.0,914,-9.5
1815,19,Basic,1816,78,7 J,K,5,K 5 9,24,1,0,0,net_win,1.0,915,-8.5
1816,19,Basic,1817,78,10 J,J,10,J 10,20,1,0,0,net_push,0.0,916,-8.5
1817,19,Basic,1818,78,J K,8,K,8 K,18,1,0,0,net_win,1.0,917,-7.5
1818,19,Basic,1819,78,K 10,7,6,7 6 3 A,17,1,0,0,net_win,1.0,918,-6.5
1819,19,Basic,1820,78,Q 4,8,7,8 7 2,17,1,0,0,net_push,0.0,919,-6.5
1820,19,Basic,1821,78,6 K,9,A,9 A,20,1,0,0,net_win,1.0,920,-5.5
1821,19,Basic,1822,78,5 10,4,6,4 6 10,20,1,0,0,net_loss,-1.0,921,-6.5
1822,19,Basic,1823,78,A A,5,J,5 J 9,24,2,1,0,net_win,2.0,922,-4.5
1823,19,Basic,1824,78,K Q,Q,8,Q 8,18,1,0,0,net_win,1.0,923,-3.5
1824,19,Basic,1825,78,A Q,K,7,K 7,17,1,0,0,player_blackjack,1.5,924,-2.0
1825,19,Basic,1826,78,J 6,K,2,K 2,12,1,0,0,net_loss,-1.0,925,-3.0
1826,19,Basic,1827,78,5 A,4,9,4 9 Q,23,1,0,1,net_win,2.0,926,-1.0
1827,19,Basic,1828,78,6 3,Q,A,Q A,21,1,0,0,dealer_blackjack,-1.0,927,-2.0
1828,19,Basic,1829,78,6 4,K,Q,K Q,20,1,0,0,net_push,0.0,928,-2.0
1829,19,Basic,1830,78,9 2,3,5,3 5 7 10,25,1,0,1,net_win,2.0,929,0.0
1830,19,Basic,1831,78,2 K,8,3,8 3 10,21,1,0,0,net_loss,-1.0,930,-1.0
1831,19,Basic,1832,78,Q 2,Q,8,Q 8,18,1,0,0,net_win,1.0,931,0.0
1832,19,Basic,1833,78,A 3,Q,10,Q 10,20,1,0,0,net_push,0.0,932,0.0
1833,19,Basic,1834,78,3 K,2,5,2 5 4 A 3 Q,25,1,0,0,net_win,1.0,933,1.0
1834,19,Basic,1835,78,2 8,J,4,J 4 J,24,1,0,0,net_win,1.0,934,2.0
1835,19,Basic,1836,78,9 A,10,J,10 J,20,1,0,0,net_push,0.0,935,2.0
1836,19,Basic,1837,78,8 4,Q,K,Q K,20,1,0,0,net_win,1.0,936,3.0
1837,19,Basic,1838,78,10 3,K,7,K 7,17,1,0,0,net_loss,-1.0,937,2.0
1838,19,Basic,1839,78,Q K,K,2,K 2 Q,22,1,0,0,net_win,1.0,938,3.0
1839,19,Basic,1840,78,5 3,9,10,9 10,19,1,0,0,net_win,1.0,939,4.0
1840,19,Basic,1841,78,7 5,9,K,9 K,19,1,0,0,net_loss,-1.0,940,3.0
1841,19,Basic,1842,78,6 7,9,8,9 8,17,1,0,0,net_loss,-1.0,941,2.0
1842,19,Basic,1843,78,7 6,10,J,10 J,20,1,0,0,net_win,1.0,942,3.0
1843,19,Basic,1844,78,J 5,6,3,6 3 4 Q,23,1,0,0,net_win,1.0,943,4.0
1844,19,Basic,1845,78,8 9,J,J,J J,20,1,0,0,net_loss,-1.0,944,3.0
1845,19,Basic,1846,78,6 K,6,K,6 K A,17,1,0,0,net_loss,-1.0,945,2.0
1846,19,Basic,1847,78,4 4,3,K,3 K A 2 A,17,1,0,0,net_win,1.0,946,3.0
1847,19,Basic,1848,78,6 10,3,K,3 K Q,23,1,0,0,net_win,1.0,947,4.0
1848,19,Basic,1849,78,8 J,9,K,9 K,19,1,0,0,net_loss,-1.0,948,3.0
1849,19,Basic,1850,78,K 6,10,A,10 A,21,1,0,0,dealer_blackjack,-1.0,949,2.0
1850,19,Basic,1851,78,6 10,2,J,2 J A 4,17,1,0,0,net_loss,-1.0,950,1.0
1851,19,Basic,1852,78,6 J,2,J,2 J A 9,22,1,0,0,net_win,1.0,951,2.0
1852,19,Basic,1853,78,K 6,3,3,3 3 2 Q,18,1,0,0,net_loss,-1.0,952,1.0
1853,19,Basic,1854,78,10 3,7,2,7 2,9,1,0,0,net_loss,-1.0,953,0.0
1854,19,Basic,1855,78,7 J,9,5,9 5 A 2,17,1,0,0,net_push,0.0,954,0.0
1855,19,Basic,1856,78,2 9,7,K,7 K,17,1,0,1,net_push,0.0,955,0.0
1856,19,Basic,1857,78,5 2,7,2,7 2 3 K,22,1,0,0,net_win,1.0,956,1.0
1857,19,Basic,1858,78,8 7,Q,5,Q 5,15,1,0,0,net_loss,-1.0,957,0.0
1858,19,Basic,1859,78,5 6,K,3,K 3 9,22,1,0,1,net_win,2.0,958,2.0
1859,19,Basic,1860,78,K 5,J,7,J 7,17,1,0,0,net_win,1.0,959,3.0
1860,19,Basic,1861,78,6 A,2,9,2 9 5 2,18,1,0,0,net_win,1.0,960,4.0
1861,19,Basic,1862,78,A J,4,A,4 A,15,1,0,0,player_blackjack,1.5,961,5.5
1862,19,Basic,1863,78,10 2,4,3,4 3 10,17,1,0,0,net_loss,-1.0,962,4.5
1863,19,Basic,1864,78,7 A,6,5,6 5 J,21,1,0,1,net_loss,-2.0,963,2.5
1864,19,Basic,1865,78,Q 10,Q,Q,Q Q,20,1,0,0,net_push,0.0,964,2.5
1865,19,Basic,1866,78,A 3,6,3,6 3 7 3,19,1,0,1,net_loss,-2.0,965,0.5
1866,19,Basic,1867,78,5 4,7,2,7 2 J,19,1,0,0,net_win,1.0,966,1.5
1867,19,Basic,1868,78,6 Q,8,3,8 3 7,18,1,0,0,net_win,1.0,967,2.5
1868,19,Basic,1869,78,A 6,10,8,10 8,18,1,0,0,net_win,1.0,968,3.5
1869,19,Basic,1870,78,Q 7,7,8,7 8 10,25,1,0,0,net_win,1.0,969,4.5
1870,19,Basic,1871,78,4 6,5,8,5 8 2 3,18,1,0,1,net_loss,-2.0,970,2.5
1871,19,Basic,1872,78,4 3,Q,5,Q 5 3,18,1,0,0,net_loss,-1.0,971,1.5
1872,19,Basic,1873,78,3 10,Q,7,Q 7,17,1,0,0,net_loss,-1.0,972,0.5
1873,19,Basic,1874,78,K A,3,A,3 A,14,1,0,0,player_blackjack,1.5,973,2.0
1874,19,Basic,1875,78,2 4,3,J,3 J Q,23,1,0,0,net_win,1.0,974,3.0
1875,19,Basic,1876,78,8 8,A,9,A 9,20,2,1,0,net_loss,-2.0,975,1.0
1876,19,Basic,1877,78,A J,A,J,A J,21,1,0,0,push_blackjack,0.0,976,1.0
1877,19,Basic,1878,78,6 9,K,K,K K,20,1,0,0,net_loss,-1.0,977,0.0
1878,19,Basic,1879,78,8 A,3,4,3 4 3 5 K,25,1,0,0,net_win,1.0,978,1.0
1879,19,Basic,1880,78,2 2,2,2,2 2 A 10 5,20,2,1,0,net_loss,-2.0,979,-1.0
1880,19,Basic,1881,78,8 K,3,J,3 J 3 7,23,1,0,0,net_win,1.0,980,0.0
1881,19,Basic,1882,78,A 5,8,7,8 7 4,19,1,0,0,net_loss,-1.0,981,-1.0
1882,19,Basic,1883,78,8 5,A,6,A 6,17,1,0,0,net_loss,-1.0,982,-2.0
1883,19,Basic,1884,78,3 Q,8,10,8 10,18,1,0,0,net_loss,-1.0,983,-3.0
1884,19,Basic,1885,78,4 9,3,J,3 J 5,18,1,0,0,net_loss,-1.0,984,-4.0
1885,19,Basic,1886,78,5 7,A,5,A 5,16,1,0,0,net_loss,-1.0,985,-5.0
1886,19,Basic,1887,78,10 2,9,A,9 A,20,1,0,0,net_loss,-1.0,986,-6.0
1887,19,Basic,1888,78,6 10,Q,8,Q 8,18,1,0,0,net_win,1.0,987,-5.0
1888,19,Basic,1889,78,2 K,6,K,6 K A,17,1,0,0,net_loss,-1.0,988,-6.0
1889,19,Basic,1890,78,10 J,10,Q,10 Q,20,1,0,0,net_push,0.0,989,-6.0
1890,19,Basic,1891,78,8 4,A,4,A 4,15,1,0,0,net_loss,-1.0,990,-7.0
1891,19,Basic,1892,78,10 4,9,10,9 10,19,1,0,0,net_loss,-1.0,991,-8.0
1892,19,Basic,1893,78,A K,Q,2,Q 2,12,1,0,0,player_blackjack,1.5,992,-6.5
1893,19,Basic,1894,78,J 7,4,9,4 9 K,23,1,0,0,net_win,1.0,993,-5.5
1894,19,Basic,1895,78,4 Q,K,3,K 3 J,23,1,0,0,net_win,1.0,994,-4.5
1895,19,Basic,1896,78,7 6,2,J,2 J 10,22,1,0,0,net_win,1.0,995,-3.5
1896,19,Basic,1897,78,K 7,2,2,2 2 A 2,17,1,0,0,net_push,0.0,996,-3.5
1897,19,Basic,1898,78,8 6,10,4,10 4 7,21,1,0,0,net_push,0.0,997,-3.5
1898,19,Basic,1899,78,3 Q,6,6,6 6 2 6,20,1,0,0,net_loss,-1.0,998,-4.5
1899,19,Basic,1900,78,2 K,9,2,9 2 8,19,1,0,0,net_loss,-1.0,999,-5.5
1900,19,Basic,1901,78,7 7,A,5,A 5,16,1,0,0,net_loss,-1.0,1000,-6.5
1901,20,Simplified,1902,78,K 6,6,10,6 10 8,24,1,0,0,net_win,1.0,901,-49.0
1902,20,Simplified,1903,78,K 10,8,K,8 K,18,1,0,0,net_win,1.0,902,-48.0
1903,20,Simplified,1904,78,6 7,J,7,J 7,17,1,0,0,net_loss,-1.0,903,-49.0
1904,20,Simplified,1905,78,5 2,J,9,J 9,19,1,0,0,net_loss,-1.0,904,-50.0
1905,20,Simplified,1906,78,A 10,4,10,4 10,14,1,0,0,player_blackjack,1.5,905,-48.5
1906,20,Simplified,1907,78,4 2,J,5,J 5 2,17,1,0,0,net_loss,-1.0,906,-49.5
1907,20,Simplified,1908,78,J 9,K,9,K 9,19,1,0,0,net_push,0.0,907,-49.5
1908,20,Simplified,1909,78,4 9,8,9,8 9,17,1,0,0,net_loss,-1.0,908,-50.5
1909,20,Simplified,1910,78,9 A,J,7,J 7,17,1,0,0,net_win,1.0,909,-49.5
1910,20,Simplified,1911,78,4 Q,A,3,A 3 3,17,1,0,0,net_loss,-1.0,910,-50.5
1911,20,Simplified,1912,78,6 10,9,9,9 9,18,1,0,0,net_loss,-1.0,911,-51.5
1912,20,Simplified,1913,78,2 9,K,7,K 7,17,1,0,0,net_loss,-1.0,912,-52.5
1913,20,Simplified,1914,78,K 2,J,4,J 4 4,18,1,0,0,net_loss,-1.0,913,-53.5
1914,20,Simplified,1915,78,K 7,5,Q,5 Q 4,19,1,0,0,net_loss,-1.0,914,-54.5
1915,20,Simplified,1916,78,7 A,5,A,5 A 8 5,19,1,0,0,net_loss,-1.0,915,-55.5
1916,20,Simplified,1917,78,8 8,4,Q,4 Q K,24,1,0,0,net_win,1.0,916,-54.5
1917,20,Simplified,1918,78,2 A,7,8,7 8 8,23,1,0,0,net_win,1.0,917,-53.5
1918,20,Simplified,1919,78,A A,4,K,4 K Q,24,1,0,0,net_win,1.0,918,-52.5
1919,20,Simplified,1920,78,K Q,Q,3,Q 3 J,23,1,0,0,net_win,1.0,919,-51.5
1920,20,Simplified,1921,78,J K,J,2,J 2 8,20,1,0,0,net_push,0.0,920,-51.5
1921,20,Simplified,1922,78,A 2,3,3,3 3 10 4,20,1,0,0,net_loss,-1.0,921,-52.5
1922,20,Simplified,1923,78,3 A,5,Q,5 Q 9,24,1,0,0,net_win,1.0,922,-51.5
1923,20,Simplified,1924,78,K Q,A,7,A 7,18,1,0,0,net_win,1.0,923,-50.5
1924,20,Simplified,1925,78,Q 8,J,9,J 9,19,1,0,0,net_loss,-1.0,924,-51.5
1925,20,Simplified,1926,78,8 10,9,6,9 6 4,19,1,0,0,net_loss,-1.0,925,-52.5
1926,20,Simplified,1927,78,A A,4,3,4 3 5 A 6,19,1,0,0,net_loss,-1.0,926,-53.5
1927,20,Simplified,1928,78,5 4,10,4,10 4 9,23,1,0,0,net_win,1.0,927,-52.5
1928,20,Simplified,1929,78,9 6,4,6,4 6 3 Q,23,1,0,0,net_win,1.0,928,-51.5
1929,20,Simplified,1930,78,6 A,2,7,2 7 4 8,21,1,0,0,net_loss,-1.0,929,-52.5
1930,20,Simplified,1931,78,Q 5,J,Q,J Q,20,1,0,0,net_loss,-1.0,930,-53.5
1931,20,Simplified,1932,78,10 10,5,5,5 5 5 Q,25,1,0,0,net_win,1.0,931,-52.5
1932,20,Simplified,1933,78,2 8,10,5,10 5 8,23,1,0,0,net_win,1.0,932,-51.5
1933,20,Simplified,1934,78,8 2,Q,5,Q 5 K,25,1,0,0,net_win,1.0,933,-50.5
1934,20,Simplified,1935,78,J 3,A,7,A 7,18,1,0,0,net_loss,-1.0,934,-51.5
1935,20,Simplified,1936,78,5 8,7,4,7 4 2 K,23,1,0,0,net_win,1.0,935,-50.5
1936,20,Simplified,1937,78,6 J,2,6,2 6 3 5 Q,26,1,0,0,net_win,1.0,936,-49.5
1937,20,Simplified,1938,78,3 9,2,2,2 2 2 10 4,20,1,0,0,net_loss,-1.0,937,-50.5
1938,20,Simplified,1939,78,A 9,6,6,6 6 2 10,24,1,0,0,net_win,1.0,938,-49.5
1939,20,Simplified,1940,78,J 2,2,6,2 6 9,17,1,0,0,net_loss,-1.0,939,-50.5
1940,20,Simplified,1941,78,A 9,Q,2,Q 2 Q,22,1,0,0,net_win,1.0,940,-49.5
1941,20,Simplified,1942,78,4 J,4,5,4 5 6 K,25,1,0,0,net_win,1.0,941,-48.5
1942,20,Simplified,1943,78,7 10,5,5,5 5 10,20,1,0,0,net_loss,-1.0,942,-49.5
1943,20,Simplified,1944,78,5 A,10,8,10 8,18,1,0,0,net_win,1.0,943,-48.5
1944,20,Simplified,1945,78,K A,A,7,A 7,18,1,0,0,player_blackjack,1.5,944,-47.0
1945,20,Simplified,1946,78,8 8,Q,9,Q 9,19,1,0,0,net_loss,-1.0,945,-48.0
1946,20,Simplified,1947,78,10 A,7,3,7 3,10,1,0,0,player_blackjack,1.5,946,-46.5
1947,20,Simplified,1948,78,10 10,2,7,2 7 4 10,23,1,0,0,net_win,1.0,947,-45.5
1948,20,Simplified,1949,78,A 5,Q,7,Q 7,17,1,0,0,net_loss,-1.0,948,-46.5
1949,20,Simplified,1950,78,A 7,K,3,K 3 5,18,1,0,0,net_push,0.0,949,-46.5
1950,20,Simplified,1951,78,K 3,7,5,7 5 K,22,1,0,0,net_win,1.0,950,-45.5
1951,20,Simplified,1952,78,7 J,Q,9,Q 9,19,1,0,0,net_loss,-1.0,951,-46.5
1952,20,Simplified,1953,78,3 K,A,K,A K,21,1,0,0,dealer_blackjack,-1.0,952,-47.5
1953,20,Simplified,1954,78,K 4,6,Q,6 Q 2,18,1,0,0,net_loss,-1.0,953,-48.5
1954,20,Simplified,1955,78,7 9,4,J,4 J Q,24,1,0,0,net_win,1.0,954,-47.5
1955,20,Simplified,1956,78,J 8,K,6,K 6 K,26,1,0,0,net_win,1.0,955,-46.5
1956,20,Simplified,1957,78,K 2,3,10,3 10 2 3,18,1,0,0,net_loss,-1.0,956,-47.5
1957,20,Simplified,1958,78,5 9,K,2,K 2 8,20,1,0,0,net_loss,-1.0,957,-48.5
1958,20,Simplified,1959,78,7 6,K,J,K J,20,1,0,0,net_loss,-1.0,958,-49.5
1959,20,Simplified,1960,78,7 3,6,A,6 A,17,1,0,0,net_win,1.0,959,-48.5
1960,20,Simplified,1961,78,J 5,6,2,6 2 4 Q,22,1,0,0,net_win,1.0,960,-47.5
1961,20,Simplified,1962,78,7 A,10,5,10 5 4,19,1,0,0,net_loss,-1.0,961,-48.5
1962,20,Simplified,1963,78,3 10,8,6,8 6 5,19,1,0,0,net_loss,-1.0,962,-49.5
1963,20,Simplified,1964,78,Q 3,10,5,10 5 7,22,1,0,0,net_win,1.0,963,-48.5
1964,20,Simplified,1965,78,2 Q,2,Q,2 Q 9,21,1,0,0,net_loss,-1.0,964,-49.5
1965,20,Simplified,1966,78,10 Q,8,9,8 9,17,1,0,0,net_win,1.0,965,-48.5
1966,20,Simplified,1967,78,3 3,7,8,7 8 3,18,1,0,0,net_loss,-1.0,966,-49.5
1967,20,Simplified,1968,78,5 8,A,4,A 4 2,17,1,0,0,net_loss,-1.0,967,-50.5
1968,20,Simplified,1969,78,K A,J,K,J K,20,1,0,0,player_blackjack,1.5,968,-49.0
1969,20,Simplified,1970,78,2 3,J,10,J 10,20,1,0,0,net_loss,-1.0,969,-50.0
1970,20,Simplified,1971,78,10 3,8,3,8 3 6,17,1,0,0,net_loss,-1.0,970,-51.0
1971,20,Simplified,1972,78,3 7,6,6,6 6 K,22,1,0,0,net_win,1.0,971,-50.0
1972,20,Simplified,1973,78,A 6,3,9,3 9 Q,22,1,0,0,net_win,1.0,972,-49.0
1973,20,Simplified,1974,78,Q J,7,8,7 8 9,24,1,0,0,net_win,1.0,973,-48.0
1974,20,Simplified,1975,78,A 2,Q,3,Q 3 J,23,1,0,0,net_win,1.0,974,-47.0
1975,20,Simplified,1976,78,9 7,10,8,10 8,18,1,0,0,net_loss,-1.0,975,-48.0
1976,20,Simplified,1977,78,8 K,5,Q,5 Q 8,23,1,0,0,net_win,1.0,976,-47.0
1977,20,Simplified,1978,78,3 8,A,K,A K,21,1,0,0,dealer_blackjack,-1.0,977,-48.0
1978,20,Simplified,1979,78,3 2,10,3,10 3 4,17,1,0,0,net_loss,-1.0,978,-49.0
1979,20,Simplified,1980,78,4 4,A,4,A 4 5,20,1,0,0,net_loss,-1.0,979,-50.0
1980,20,Simplified,1981,78,8 5,8,7,8 7 5,20,1,0,0,net_loss,-1.0,980,-51.0
1981,20,Simplified,1982,78,3 8,7,Q,7 Q,17,1,0,0,net_win,1.0,981,-50.0
1982,20,Simplified,1983,78,4 4,7,8,7 8 K,25,1,0,0,net_win,1.0,982,-49.0
1983,20,Simplified,1984,78,J 4,10,5,10 5 2,17,1,0,0,net_loss,-1.0,983,-50.0
1984,20,Simplified,1985,78,7 2,J,5,J 5 8,23,1,0,0,net_win,1.0,984,-49.0
1985,20,Simplified,1986,78,2 4,A,J,A J,21,1,0,0,dealer_blackjack,-1.0,985,-50.0
1986,20,Simplified,1987,78,5 3,8,K,8 K,18,1,0,0,net_win,1.0,986,-49.0
1987,20,Simplified,1988,78,Q 3,J,10,J 10,20,1,0,0,net_loss,-1.0,987,-50.0
1988,20,Simplified,1989,78,J 2,9,Q,9 Q,19,1,0,0,net_loss,-1.0,988,-51.0
1989,20,Simplified,1990,78,10 2,9,Q,9 Q,19,1,0,0,net_loss,-1.0,989,-52.0
1990,20,Simplified,1991,78,8 8,10,3,10 3 6,19,1,0,0,net_loss,-1.0,990,-53.0
1991,20,Simplified,1992,78,5 2,8,3,8 3 10,21,1,0,0,net_loss,-1.0,991,-54.0
1992,20,Simplified,1993,78,2 J,A,2,A 2 7,20,1,0,0,net_loss,-1.0,992,-55.0
1993,20,Simplified,1994,78,J 4,A,Q,A Q,21,1,0,0,dealer_blackjack,-1.0,993,-56.0
1994,20,Simplified,1995,78,K 4,2,K,2 K 2 9,23,1,0,0,net_win,1.0,994,-55.0
1995,20,Simplified,1996,78,2 3,J,5,J 5 5,20,1,0,0,net_loss,-1.0,995,-56.0
1996,20,Simplified,1997,78,4 4,10,J,10 J,20,1,0,0,net_win,1.0,996,-55.0
1997,20,Simplified,1998,78,J K,5,6,5 6 9,20,1,0,0,net_push,0.0,997,-55.0
1998,20,Simplified,1999,78,Q J,Q,2,Q 2 3 10,25,1,0,0,net_win,1.0,998,-54.0
1999,20,Simplified,2000,78,9 8,2,7,2 7 A,20,1,0,0,net_loss,-1.0,999,-55.0
2000,20,Simplified,2001,78,J 4,J,6,J 6 8,24,1,0,0,net_win,1.0,1000,-54.0
2001,21,Basic,2002,78,8 5,8,6,8 6 10,24,1,0,0,net_win,1.0,1001,-5.5
2002,21,Basic,2003,78,4 5,3,9,3 9 6,18,1,0,1,net_loss,-2.0,1002,-7.5
2003,21,Basic,2004,78,A 4,K,7,K 7,17,1,0,0,net_loss,-1.0,1003,-8.5
2004,21,Basic,2005,78,5 6,7,8,7 8 Q,25,1,0,1,net_win,2.0,1004,-6.5
2005,21,Basic,2006,78,10 J,5,A,5 A 5,21,1,0,0,net_loss,-1.0,1005,-7.5
2006,21,Basic,2007,78,3 9,3,8,3 8 6,17,1,0,0,net_loss,-1.0,1006,-8.5
2007,21,Basic,2008,78,Q 10,A,Q,A Q,21,1,0,0,dealer_blackjack,-1.0,1007,-9.5
2008,21,Basic,2009,78,8 5,Q,6,Q 6 4,20,1,0,0,net_loss,-1.0,1008,-10.5
2009,21,Basic,2010,78,6 A,7,J,7 J,17,1,0,0,net_loss,-1.0,1009,-11.5
2010,21,Basic,2011,78,10 J,4,5,4 5 4 2 3,18,1,0,0,net_win,1.0,1010,-10.5
2011,21,Basic,2012,78,7 2,6,9,6 9 7,22,1,0,1,net_win,2.0,1011,-8.5
2012,21,Basic,2013,78,Q 5,3,10,3 10 3 2,18,1,0,0,net_loss,-1.0,1012,-9.5
2013,21,Basic,2014,78,8 10,10,6,10 6 K,26,1,0,0,net_win,1.0,1013,-8.5
2014,21,Basic,2015,78,A 10,9,K,9 K,19,1,0,0,player_blackjack,1.5,1014,-7.0
2015,21,Basic,2016,78,K J,10,2,10 2 Q,22,1,0,0,net_win,1.0,1015,-6.0
2016,21,Basic,2017,78,2 A,7,5,7 5 4 J,26,1,0,0,net_win,1.0,1016,-5.0
2017,21,Basic,2018,78,2 K,A,Q,A Q,21,1,0,0,dealer_blackjack,-1.0,1017,-6.0
2018,21,Basic,2019,78,2 Q,9,J,9 J,19,1,0,0,net_loss,-1.0,1018,-7.0
2019,21,Basic,2020,78,Q 10,8,2,8 2 3 9,22,1,0,0,net_win,1.0,1019,-6.0
2020,21,Basic,2021,78,5 8,J,K,J K,20,1,0,0,net_loss,-1.0,1020,-7.0
2021,21,Basic,2022,78,5 5,4,5,4 5 7 Q,26,1,0,1,net_win,2.0,1021,-5.0
2022,21,Basic,2023,78,5 K,A,9,A 9,20,1,0,0,net_loss,-1.0,1022,-6.0
2023,21,Basic,2024,78,A 9,5,J,5 J 8,23,1,0,0,net_win,1.0,1023,-5.0
2024,21,Basic,2025,78,J Q,Q,2,Q 2 4 8,24,1,0,0,net_win,1.0,1024,-4.0
2025,21,Basic,2026,78,2 4,9,10,9 10,19,1,0,0,net_loss,-1.0,1025,-5.0
2026,21,Basic,2027,78,8 4,8,8,8 8 6,22,1,0,0,net_win,1.0,1026,-4.0
2027,21,Basic,2028,78,2 J,2,3,2 3 4 2 Q,21,1,0,0,net_loss,-1.0,1027,-5.0
2028,21,Basic,2029,78,2 8,9,3,9 3 2 Q,24,1,0,1,net_win,2.0,1028,-3.0
2029,21,Basic,2030,78,K 9,10,9,10 9,19,1,0,0,net_push,0.0,1029,-3.0
2030,21,Basic,2031,78,6 9,4,6,4 6 6 J,26,1,0,0,net_win,1.0,1030,-2.0
2031,21,Basic,2032,78,Q K,5,7,5 7 8,20,1,0,0,net_push,0.0,1031,-2.0
2032,21,Basic,2033,78,3 6,4,10,4 10 3,17,1,0,1,net_loss,-2.0,1032,-4.0
2033,21,Basic,2034,78,6 9,10,6,10 6 7,23,1,0,0,net_win,1.0,1033,-3.0
2034,21,Basic,2035,78,5 9,A,4,A 4,15,1,0,0,net_loss,-1.0,1034,-4.0
2035,21,Basic,2036,78,3 10,3,4,3 4 7 8,22,1,0,0,net_win,1.0,1035,-3.0
2036,21,Basic,2037,78,6 4,Q,K,Q K,20,1,0,0,net_push,0.0,1036,-3.0
2037,21,Basic,2038,78,J A,A,J,A J,21,1,0,0,push_blackjack,0.0,1037,-3.0
2038,21,Basic,2039,78,5 5,9,A,9 A,20,1,0,1,net_loss,-2.0,1038,-5.0
2039,21,Basic,2040,78,9 8,9,10,9 10,19,1,0,0,net_loss,-1.0,1039,-6.0
2040,21,Basic,2041,78,7 6,5,3,5 3 4 4 A,17,1,0,0,net_loss,-1.0,1040,-7.0
2041,21,Basic,2042,78,K 9,2,3,2 3 Q K,25,1,0,0,net_win,1.0,1041,-6.0
2042,21,Basic,2043,78,7 2,A,K,A K,21,1,0,0,dealer_blackjack,-1.0,1042,-7.0
2043,21,Basic,2044,78,J 7,J,10,J 10,20,1,0,0,net_loss,-1.0,1043,-8.0
2044,21,Basic,2045,78,A 6,J,6,J 6 5,21,1,0,0,net_loss,-1.0,1044,-9.0
2045,21,Basic,2046,78,5 5,K,10,K 10,20,1,0,0,net_push,0.0,1045,-9.0
2046,21,Basic,2047,78,2 7,5,6,5 6 2 J,23,1,0,1,net_win,2.0,1046,-7.0
2047,21,Basic,2048,78,A 3,7,K,7 K,17,1,0,0,net_win,1.0,1047,-6.0
2048,21,Basic,2049,78,7 5,J,5,J 5 7,22,1,0,0,net_win,1.0,1048,-5.0
2049,21,Basic,2050,78,9 6,8,8,8 8 10,26,1,0,0,net_win,1.0,1049,-4.0
2050,21,Basic,2051,78,2 6,9,10,9 10,19,1,0,0,net_loss,-1.0,1050,-5.0
2051,21,Basic,2052,78,10 6,9,4,9 4 J,23,1,0,0,net_win,1.0,1051,-4.0
2052,21,Basic,2053,78,4 8,8,9,8 9,17,1,0,0,net_win,1.0,1052,-3.0
2053,21,Basic,2054,78,K A,5,A,5 A,16,1,0,0,player_blackjack,1.5,1053,-1.5
2054,21,Basic,2055,78,A A,2,6,2 6 10,18,2,1,0,net_push,0.0,1054,-1.5
2055,21,Basic,2056,78,Q 2,6,9,6 9 9,24,1,0,0,net_win,1.0,1055,-0.5
2056,21,Basic,2057,78,J 6,9,2,9 2,11,1,0,0,net_loss,-1.0,1056,-1.5
2057,21,Basic,2058,78,9 A,8,J,8 J,18,1,0,0,net_win,1.0,1057,-0.5
2058,21,Basic,2059,78,5 K,10,6,10 6,16,1,0,0,net_loss,-1.0,1058,-1.5
2059,21,Basic,2060,78,3 2,Q,10,Q 10,20,1,0,0,net_loss,-1.0,1059,-2.5
2060,21,Basic,2061,78,6 J,J,2,J 2,12,1,0,0,net_loss,-1.0,1060,-3.5
2061,21,Basic,2062,78,10 9,A,Q,A Q,21,1,0,0,dealer_blackjack,-1.0,1061,-4.5
2062,21,Basic,2063,78,10 6,3,J,3 J 4,17,1,0,0,net_loss,-1.0,1062,-5.5
2063,21,Basic,2064,78,J J,10,10,10 10,20,1,0,0,net_push,0.0,1063,-5.5
2064,21,Basic,2065,78,2 2,2,K,2 K J,22,2,1,0,net_push,0.0,1064,-5.5
2065,21,Basic,2066,78,8 K,J,K,J K,20,1,0,0,net_loss,-1.0,1065,-6.5
2066,21,Basic,2067,78,J 10,K,6,K 6 Q,26,1,0,0,net_win,1.0,1066,-5.5
2067,21,Basic,2068,78,8 8,7,J,7 J,17,2,1,0,net_win,2.0,1067,-3.5
2068,21,Basic,2069,78,9 J,3,J,3 J 5,18,1,0,0,net_win,1.0,1068,-2.5
2069,21,Basic,2070,78,4 7,7,3,7 3 7,17,1,0,1,net_loss,-2.0,1069,-4.5
2070,21,Basic,2071,78,8 3,7,5,7 5 K,22,1,0,1,net_win,2.0,1070,-2.5
2071,21,Basic,2072,78,3 J,2,4,2 4 10 8,24,1,0,0,net_win,1.0,1071,-1.5
2072,21,Basic,2073,78,8 K,J,10,J 10,20,1,0,0,net_loss,-1.0,1072,-2.5
2073,21,Basic,2074,78,8 7,9,A,9 A,20,1,0,0,net_push,0.0,1073,-2.5
2074,21,Basic,2075,78,K A,K,9,K 9,19,1,0,0,player_blackjack,1.5,1074,-1.0
2075,21,Basic,2076,78,6 5,7,8,7 8 8,23,1,0,1,net_win,2.0,1075,1.0
2076,21,Basic,2077,78,5 6,K,9,K 9,19,1,0,1,net_push,0.0,1076,1.0
2077,21,Basic,2078,78,7 K,5,7,5 7 9,21,1,0,0,net_loss,-1.0,1077,0.0
2078,21,Basic,2079,78,8 J,8,10,8 10,18,1,0,0,net_push,0.0,1078,0.0
2079,21,Basic,2080,78,3 5,7,5,7 5 8,20,1,0,0,net_loss,-1.0,1079,-1.0
2080,21,Basic,2081,78,6 10,9,5,9 5,14,1,0,0,net_loss,-1.0,1080,-2.0
2081,21,Basic,2082,78,7 6,8,A,8 A,19,1,0,0,net_loss,-1.0,1081,-3.0
2082,21,Basic,2083,78,Q J,4,5,4 5 8,17,1,0,0,net_win,1.0,1082,-2.0
2083,21,Basic,2084,78,K 10,6,K,6 K 3,19,1,0,0,net_win,1.0,1083,-1.0
2084,21,Basic,2085,78,A 4,5,6,5 6 8,19,1,0,1,net_loss,-2.0,1084,-3.0
2085,21,Basic,2086,78,K K,A,6,A 6,17,1,0,0,net_win,1.0,1085,-2.0
2086,21,Basic,2087,78,8 5,Q,3,Q 3 3 3,19,1,0,0,net_win,1.0,1086,-1.0
2087,21,Basic,2088,78,4 A,K,10,K 10,20,1,0,0,net_loss,-1.0,1087,-2.0
2088,21,Basic,2089,78,3 5,6,9,6 9 6,21,1,0,0,net_loss,-1.0,1088,-3.0
2089,21,Basic,2090,78,J 7,J,8,J 8,18,1,0,0,net_loss,-1.0,1089,-4.0
2090,21,Basic,2091,78,5 J,2,K,2 K A 4,17,1,0,0,net_loss,-1.0,1090,-5.0
2091,21,Basic,2092,78,7 2,9,3,9 3 K,22,1,0,0,net_win,1.0,1091,-4.0
2092,21,Basic,2093,78,8 2,8,10,8 10,18,1,0,1,net_win,2.0,1092,-2.0
2093,21,Basic,2094,78,9 J,6,A,6 A,17,1,0,0,net_win,1.0,1093,-1.0
2094,21,Basic,2095,78,7 3,9,9,9 9,18,1,0,1,net_loss,-2.0,1094,-3.0
2095,21,Basic,2096,78,3 8,A,9,A 9,20,1,0,0,net_loss,-1.0,1095,-4.0
2096,21,Basic,2097,78,Q J,7,5,7 5 8,20,1,0,0,net_push,0.0,1096,-4.0
2097,21,Basic,2098,78,7 J,J,5,J 5 8,23,1,0,0,net_win,1.0,1097,-3.0
2098,21,Basic,2099,78,4 8,2,J,2 J 10,22,1,0,0,net_win,1.0,1098,-2.0
2099,21,Basic,2100,78,7 4,4,K,4 K K,24,1,0,1,net_win,2.0,1099,0.0
2100,21,Basic,2101,78,K 9,7,Q,7 Q,17,1,0,0,net_win,1.0,1100,1.0
2101,22,Simplified,2102,78,10 A,2,Q,2 Q,12,1,0,0,player_blackjack,1.5,1001,-52.5
2102,22,Simplified,2103,78,K 4,Q,6,Q 6 4,20,1,0,0,net_loss,-1.0,1002,-53.5
2103,22,Simplified,2104,78,3 Q,A,2,A 2 5,18,1,0,0,net_loss,-1.0,1003,-54.5
2104,22,Simplified,2105,78,7 A,2,K,2 K Q,22,1,0,0,net_win,1.0,1004,-53.5
2105,22,Simplified,2106,78,2 5,2,Q,2 Q 5,17,1,0,0,net_win,1.0,1005,-52.5
2106,22,Simplified,2107,78,2 8,10,7,10 7,17,1,0,0,net_win,1.0,1006,-51.5
2107,22,Simplified,2108,78,5 7,3,J,3 J 10,23,1,0,0,net_win,1.0,1007,-50.5
2108,22,Simplified,2109,78,9 3,K,4,K 4 3,17,1,0,0,net_loss,-1.0,1008,-51.5
2109,22,Simplified,2110,78,A Q,6,A,6 A,17,1,0,0,player_blackjack,1.5,1009,-50.0
2110,22,Simplified,2111,78,10 3,K,J,K J,20,1,0,0,net_loss,-1.0,1010,-51.0
2111,22,Simplified,2112,78,8 3,5,7,5 7 3 2,17,1,0,0,net_loss,-1.0,1011,-52.0
2112,22,Simplified,2113,78,3 8,8,K,8 K,18,1,0,0,net_loss,-1.0,1012,-53.0
2113,22,Simplified,2114,78,3 6,4,3,4 3 7 10,24,1,0,0,net_win,1.0,1013,-52.0
2114,22,Simplified,2115,78,Q 2,4,7,4 7 3 9,23,1,0,0,net_win,1.0,1014,-51.0
2115,22,Simplified,2116,78,J 2,Q,4,Q 4 6,20,1,0,0,net_loss,-1.0,1015,-52.0
2116,22,Simplified,2117,78,4 5,2,5,2 5 2 J,19,1,0,0,net_loss,-1.0,1016,-53.0
2117,22,Simplified,2118,78,K 9,A,4,A 4 2,17,1,0,0,net_win,1.0,1017,-52.0
2118,22,Simplified,2119,78,3 6,9,2,9 2 8,19,1,0,0,net_loss,-1.0,1018,-53.0
2119,22,Simplified,2120,78,3 Q,8,10,8 10,18,1,0,0,net_loss,-1.0,1019,-54.0
2120,22,Simplified,2121,78,K 9,6,7,6 7 J,23,1,0,0,net_win,1.0,1020,-53.0
2121,22,Simplified,2122,78,3 2,6,Q,6 Q 5,21,1,0,0,net_push,0.0,1021,-53.0
2122,22,Simplified,2123,78,10 2,4,3,4 3 9 3,19,1,0,0,net_loss,-1.0,1022,-54.0
2123,22,Simplified,2124,78,J 5,J,4,J 4 J,24,1,0,0,net_win,1.0,1023,-53.0
2124,22,Simplified,2125,78,A 3,2,5,2 5 5 5,17,1,0,0,net_loss,-1.0,1024,-54.0
2125,22,Simplified,2126,78,9 5,3,10,3 10 10,23,1,0,0,net_win,1.0,1025,-53.0
2126,22,Simplified,2127,78,3 10,Q,8,Q 8,18,1,0,0,net_loss,-1.0,1026,-54.0
2127,22,Simplified,2128,78,9 3,3,10,3 10 7,20,1,0,0,net_loss,-1.0,1027,-55.0
2128,22,Simplified,2129,78,A 2,7,8,7 8 4,19,1,0,0,net_loss,-1.0,1028,-56.0
2129,22,Simplified,2130,78,A A,K,3,K 3 3 7,23,1,0,0,net_win,1.0,1029,-55.0
2130,22,Simplified,2131,78,6 10,7,A,7 A,18,1,0,0,net_loss,-1.0,1030,-56.0
2131,22,Simplified,2132,78,J Q,9,Q,9 Q,19,1,0,0,net_win,1.0,1031,-55.0
2132,22,Simplified,2133,78,4 Q,10,7,10 7,17,1,0,0,net_loss,-1.0,1032,-56.0
2133,22,Simplified,2134,78,9 8,6,K,6 K 5,21,1,0,0,net_loss,-1.0,1033,-57.0
2134,22,Simplified,2135,78,8 3,Q,Q,Q Q,20,1,0,0,net_win,1.0,1034,-56.0
2135,22,Simplified,2136,78,4 5,A,Q,A Q,21,1,0,0,dealer_blackjack,-1.0,1035,-57.0
2136,22,Simplified,2137,78,J K,Q,5,Q 5 7,22,1,0,0,net_win,1.0,1036,-56.0
2137,22,Simplified,2138,78,A A,7,6,7 6 7,20,1,0,0,net_win,1.0,1037,-55.0
2138,22,Simplified,2139,78,9 8,7,K,7 K,17,1,0,0,net_push,0.0,1038,-55.0
2139,22,Simplified,2140,78,Q 7,6,2,6 2 7 6,21,1,0,0,net_loss,-1.0,1039,-56.0
2140,22,Simplified,2141,78,3 Q,3,9,3 9 2 5,19,1,0,0,net_loss,-1.0,1040,-57.0
2141,22,Simplified,2142,78,7 A,Q,10,Q 10,20,1,0,0,net_loss,-1.0,1041,-58.0
2142,22,Simplified,2143,78,2 7,10,8,10 8,18,1,0,0,net_win,1.0,1042,-57.0
2143,22,Simplified,2144,78,Q 5,K,4,K 4 6,20,1,0,0,net_loss,-1.0,1043,-58.0
2144,22,Simplified,2145,78,K 3,9,4,9 4 8,21,1,0,0,net_loss,-1.0,1044,-59.0
2145,22,Simplified,2146,78,8 4,9,Q,9 Q,19,1,0,0,net_loss,-1.0,1045,-60.0
2146,22,Simplified,2147,78,3 Q,6,7,6 7 6,19,1,0,0,net_loss,-1.0,1046,-61.0
2147,22,Simplified,2148,78,8 5,J,5,J 5 J,25,1,0,0,net_win,1.0,1047,-60.0
2148,22,Simplified,2149,78,4 J,8,10,8 10,18,1,0,0,net_loss,-1.0,1048,-61.0
2149,22,Simplified,2150,78,Q 9,9,8,9 8,17,1,0,0,net_win,1.0,1049,-60.0
2150,22,Simplified,2151,78,3 4,6,8,6 8 9,23,1,0,0,net_win,1.0,1050,-59.0
2151,22,Simplified,2152,78,A 7,J,8,J 8,18,1,0,0,net_push,0.0,1051,-59.0
2152,22,Simplified,2153,78,5 8,3,7,3 7 J,20,1,0,0,net_loss,-1.0,1052,-60.0
2153,22,Simplified,2154,78,A 8,J,5,J 5 7,22,1,0,0,net_win,1.0,1053,-59.0
2154,22,Simplified,2155,78,3 3,8,J,8 J,18,1,0,0,net_win,1.0,1054,-58.0
2155,22,Simplified,2156,78,10 K,4,2,4 2 10 6,22,1,0,0,net_win,1.0,1055,-57.0
2156,22,Simplified,2157,78,A J,10,K,10 K,20,1,0,0,player_blackjack,1.5,1056,-55.5
2157,22,Simplified,2158,78,Q 4,2,8,2 8 6 2,18,1,0,0,net_loss,-1.0,1057,-56.5
2158,22,Simplified,2159,78,4 9,10,4,10 4 6,20,1,0,0,net_loss,-1.0,1058,-57.5
2159,22,Simplified,2160,78,10 4,5,6,5 6 9,20,1,0,0,net_loss,-1.0,1059,-58.5
2160,22,Simplified,2161,78,6 J,Q,4,Q 4 3,17,1,0,0,net_loss,-1.0,1060,-59.5
2161,22,Simplified,2162,78,6 3,5,8,5 8 K,23,1,0,0,net_win,1.0,1061,-58.5
2162,22,Simplified,2163,78,J 2,2,6,2 6 4 Q,22,1,0,0,net_win,1.0,1062,-57.5
2163,22,Simplified,2164,78,6 A,5,10,5 10 7,22,1,0,0,net_win,1.0,1063,-56.5
2164,22,Simplified,2165,78,A K,Q,A,Q A,21,1,0,0,push_blackjack,0.0,1064,-56.5
2165,22,Simplified,2166,78,K 3,A,8,A 8,19,1,0,0,net_loss,-1.0,1065,-57.5
2166,22,Simplified,2167,78,A 9,9,7,9 7 J,26,1,0,0,net_win,1.0,1066,-56.5
2167,22,Simplified,2168,78,2 5,A,2,A 2 5,18,1,0,0,net_loss,-1.0,1067,-57.5
2168,22,Simplified,2169,78,7 10,3,K,3 K Q,23,1,0,0,net_win,1.0,1068,-56.5
2169,22,Simplified,2170,78,K 5,Q,6,Q 6 7,23,1,0,0,net_win,1.0,1069,-55.5
2170,22,Simplified,2171,78,2 J,4,5,4 5 J,19,1,0,0,net_loss,-1.0,1070,-56.5
2171,22,Simplified,2172,78,2 5,8,J,8 J,18,1,0,0,net_win,1.0,1071,-55.5
2172,22,Simplified,2173,78,3 8,7,Q,7 Q,17,1,0,0,net_win,1.0,1072,-54.5
2173,22,Simplified,2174,78,9 J,8,K,8 K,18,1,0,0,net_win,1.0,1073,-53.5
2174,22,Simplified,2175,78,4 J,3,6,3 6 8,17,1,0,0,net_loss,-1.0,1074,-54.5
2175,22,Simplified,2176,78,J A,7,5,7 5,12,1,0,0,player_blackjack,1.5,1075,-53.0
2176,22,Simplified,2177,78,9 6,6,4,6 4 5 8,23,1,0,0,net_win,1.0,1076,-52.0
2177,22,Simplified,2178,78,8 K,10,8,10 8,18,1,0,0,net_push,0.0,1077,-52.0
2178,22,Simplified,2179,78,J A,J,2,J 2,12,1,0,0,player_blackjack,1.5,1078,-50.5
2179,22,Simplified,2180,78,J 3,Q,2,Q 2 10,22,1,0,0,net_win,1.0,1079,-49.5
2180,22,Simplified,2181,78,4 3,K,10,K 10,20,1,0,0,net_loss,-1.0,1080,-50.5
2181,22,Simplified,2182,78,9 J,3,9,3 9 6,18,1,0,0,net_win,1.0,1081,-49.5
2182,22,Simplified,2183,78,7 5,2,J,2 J 8,20,1,0,0,net_loss,-1.0,1082,-50.5
2183,22,Simplified,2184,78,K 3,8,4,8 4 A 6,19,1,0,0,net_loss,-1.0,1083,-51.5
2184,22,Simplified,2185,78,3 6,2,2,2 2 2 4 J,20,1,0,0,net_loss,-1.0,1084,-52.5
2185,22,Simplified,2186,78,2 A,4,6,4 6 2 4 2,18,1,0,0,net_loss,-1.0,1085,-53.5
2186,22,Simplified,2187,78,5 6,K,A,K A,21,1,0,0,dealer_blackjack,-1.0,1086,-54.5
2187,22,Simplified,2188,78,10 K,A,K,A K,21,1,0,0,dealer_blackjack,-1.0,1087,-55.5
2188,22,Simplified,2189,78,7 7,J,J,J J,20,1,0,0,net_loss,-1.0,1088,-56.5
2189,22,Simplified,2190,78,7 3,A,A,A A Q 2 7,21,1,0,0,net_loss,-1.0,1089,-57.5
2190,22,Simplified,2191,78,5 5,9,A,9 A,20,1,0,0,net_loss,-1.0,1090,-58.5
2191,22,Simplified,2192,78,7 4,A,10,A 10,21,1,0,0,dealer_blackjack,-1.0,1091,-59.5
2192,22,Simplified,2193,78,Q Q,6,8,6 8 A 4,19,1,0,0,net_win,1.0,1092,-58.5
2193,22,Simplified,2194,78,6 5,3,K,3 K 9,22,1,0,0,net_win,1.0,1093,-57.5
2194,22,Simplified,2195,78,K 9,K,6,K 6 2,18,1,0,0,net_win,1.0,1094,-56.5
2195,22,Simplified,2196,78,A 3,5,9,5 9 8,22,1,0,0,net_win,1.0,1095,-55.5
2196,22,Simplified,2197,78,A 8,7,5,7 5 J,22,1,0,0,net_win,1.0,1096,-54.5
2197,22,Simplified,2198,78,10 K,3,J,3 J 4,17,1,0,0,net_win,1.0,1097,-53.5
2198,22,Simplified,2199,78,J 5,J,8,J 8,18,1,0,0,net_loss,-1.0,1098,-54.5
2199,22,Simplified,2200,78,9 2,10,7,10 7,17,1,0,0,net_loss,-1.0,1099,-55.5
2200,22,Simplified,2201,78,9 7,9,5,9 5 A 2,17,1,0,0,net_loss,-1.0,1100,-56.5
2201,23,Basic,2202,78,A A,J,6,J 6 5,21,2,1,0,net_loss,-1.0,1101,0.0
2202,23,Basic,2203,78,3 J,3,5,3 5 2 Q,20,1,0,0,net_loss,-1.0,1102,-1.0
2203,23,Basic,2204,78,A K,8,6,8 6,14,1,0,0,player_blackjack,1.5,1103,0.5
2204,23,Basic,2205,78,6 8,8,A,8 A,19,1,0,0,net_push,0.0,1104,0.5
2205,23,Basic,2206,78,4 7,J,6,J 6 4,20,1,0,1,net_loss,-2.0,1105,-1.5
2206,23,Basic,2207,78,A 3,10,10,10 10,20,1,0,0,net_loss,-1.0,1106,-2.5
2207,23,Basic,2208,78,7 3,3,7,3 7 A,21,1,0,1,net_loss,-2.0,1107,-4.5
2208,23,Basic,2209,78,6 2,J,5,J 5,15,1,0,0,net_loss,-1.0,1108,-5.5
2209,23,Basic,2210,78,3 8,Q,J,Q J,20,1,0,1,net_loss,-2.0,1109,-7.5
2210,23,Basic,2211,78,8 J,6,3,6 3 J,19,1,0,0,net_loss,-1.0,1110,-8.5
2211,23,Basic,2212,78,6 7,6,A,6 A,17,1,0,0,net_loss,-1.0,1111,-9.5
2212,23,Basic,2213,78,K 7,Q,5,Q 5 J,25,1,0,0,net_win,1.0,1112,-8.5
2213,23,Basic,2214,78,6 4,6,4,6 4 9,19,1,0,1,net_win,2.0,1113,-6.5
2214,23,Basic,2215,78,10 A,8,4,8 4,12,1,0,0,player_blackjack,1.5,1114,-5.0
2215,23,Basic,2216,78,A 9,10,8,10 8,18,1,0,0,net_win,1.0,1115,-4.0
2216,23,Basic,2217,78,8 4,K,4,K 4 3,17,1,0,0,net_win,1.0,1116,-3.0
2217,23,Basic,2218,78,6 9,Q,6,Q 6,16,1,0,0,net_loss,-1.0,1117,-4.0
2218,23,Basic,2219,78,5 A,3,9,3 9 K,22,1,0,0,net_win,1.0,1118,-3.0
2219,23,Basic,2220,78,A K,3,10,3 10,13,1,0,0,player_blackjack,1.5,1119,-1.5
2220,23,Basic,2221,78,3 A,7,J,7 J,17,1,0,0,net_win,1.0,1120,-0.5
2221,23,Basic,2222,78,8 3,7,9,7 9 9,25,1,0,1,net_win,2.0,1121,1.5
2222,23,Basic,2223,78,9 7,9,10,9 10,19,1,0,0,net_loss,-1.0,1122,0.5
2223,23,Basic,2224,78,4 2,J,2,J 2 5,17,1,0,0,net_push,0.0,1123,0.5
2224,23,Basic,2225,78,6 6,10,7,10 7,17,1,0,0,net_loss,-1.0,1124,-0.5
2225,23,Basic,2226,78,6 5,K,9,K 9,19,1,0,1,net_win,2.0,1125,1.5
2226,23,Basic,2227,78,Q 4,3,K,3 K 6,19,1,0,0,net_loss,-1.0,1126,0.5
2227,23,Basic,2228,78,8 3,10,9,10 9,19,1,0,1,net_loss,-2.0,1127,-1.5
2228,23,Basic,2229,78,9 8,A,7,A 7,18,1,0,0,net_loss,-1.0,1128,-2.5
2229,23,Basic,2230,78,5 6,J,5,J 5 Q,25,1,0,1,net_win,2.0,1129,-0.5
2230,23,Basic,2231,78,A 6,8,10,8 10,18,1,0,0,net_loss,-1.0,1130,-1.5
2231,23,Basic,2232,78,4 6,A,A,A A 9,21,1,0,0,net_loss,-1.0,1131,-2.5
2232,23,Basic,2233,78,5 A,10,J,10 J,20,1,0,0,net_push,0.0,1132,-2.5
2233,23,Basic,2234,78,J 2,5,7,5 7 6,18,1,0,0,net_loss,-1.0,1133,-3.5
2234,23,Basic,2235,78,2 5,3,K,3 K J,23,1,0,0,net_win,1.0,1134,-2.5
2235,23,Basic,2236,78,9 Q,K,10,K 10,20,1,0,0,net_loss,-1.0,1135,-3.5
2236,23,Basic,2237,78,3 J,9,5,9 5,14,1,0,0,net_loss,-1.0,1136,-4.5
2237,23,Basic,2238,78,3 9,10,8,10 8,18,1,0,0,net_loss,-1.0,1137,-5.5
2238,23,Basic,2239,78,7 5,5,7,5 7 J,22,1,0,0,net_win,1.0,1138,-4.5
2239,23,Basic,2240,78,9 6,A,A,A A A 8,21,1,0,0,net_push,0.0,1139,-4.5
2240,23,Basic,2241,78,9 J,7,5,7 5 Q,22,1,0,0,net_win,1.0,1140,-3.5
2241,23,Basic,2242,78,10 J,A,3,A 3 7,21,1,0,0,net_loss,-1.0,1141,-4.5
2242,23,Basic,2243,78,10 K,5,6,5 6 7,18,1,0,0,net_win,1.0,1142,-3.5
2243,23,Basic,2244,78,4 5,4,A,4 A 9 10,24,1,0,1,net_win,2.0,1143,-1.5
2244,23,Basic,2245,78,8 3,7,4,7 4 3 10,24,1,0,1,net_win,2.0,1144,0.5
2245,23,Basic,2246,78,4 5,A,Q,A Q,21,1,0,0,dealer_blackjack,-1.0,1145,-0.5
2246,23,Basic,2247,78,A J,J,3,J 3,13,1,0,0,player_blackjack,1.5,1146,1.0
2247,23,Basic,2248,78,J 7,8,6,8 6 Q,24,1,0,0,net_win,1.0,1147,2.0
2248,23,Basic,2249,78,J 8,3,6,3 6 5 4,18,1,0,0,net_push,0.0,1148,2.0
2249,23,Basic,2250,78,7 9,9,A,9 A,20,1,0,0,net_loss,-1.0,1149,1.0
2250,23,Basic,2251,78,10 10,J,5,J 5 2,17,1,0,0,net_win,1.0,1150,2.0
2251,23,Basic,2252,78,4 8,2,2,2 2 9 8,21,1,0,0,net_loss,-1.0,1151,1.0
2252,23,Basic,2253,78,Q A,6,3,6 3,9,1,0,0,player_blackjack,1.5,1152,2.5
2253,23,Basic,2254,78,2 6,K,3,K 3 A 9,23,1,0,0,net_win,1.0,1153,3.5
2254,23,Basic,2255,78,5 K,5,J,5 J 4,19,1,0,0,net_loss,-1.0,1154,2.5
2255,23,Basic,2256,78,K 4,K,5,K 5,15,1,0,0,net_loss,-1.0,1155,1.5
2256,23,Basic,2257,78,9 9,K,2,K 2 4 A,17,1,0,0,net_win,1.0,1156,2.5
2257,23,Basic,2258,78,2 10,9,7,9 7 8,24,1,0,0,net_win,1.0,1157,3.5
2258,23,Basic,2259,78,K 10,Q,4,Q 4 A K,25,1,0,0,net_win,1.0,1158,4.5
2259,23,Basic,2260,78,6 J,K,Q,K Q,20,1,0,0,net_loss,-1.0,1159,3.5
2260,23,Basic,2261,78,5 Q,5,10,5 10 9,24,1,0,0,net_win,1.0,1160,4.5
2261,23,Basic,2262,78,3 A,2,4,2 4 6 6,18,1,0,0,net_loss,-1.0,1161,3.5
2262,23,Basic,2263,78,Q J,8,8,8 8 2,18,1,0,0,net_win,1.0,1162,4.5
2263,23,Basic,2264,78,J Q,Q,J,Q J,20,1,0,0,net_push,0.0,1163,4.5
2264,23,Basic,2265,78,K 4,J,10,J 10,20,1,0,0,net_loss,-1.0,1164,3.5
2265,23,Basic,2266,78,7 Q,10,Q,10 Q,20,1,0,0,net_loss,-1.0,1165,2.5
2266,23,Basic,2267,78,3 3,A,2,A 2 9 K,22,1,0,0,net_win,1.0,1166,3.5
2267,23,Basic,2268,78,8 3,3,7,3 7 10,20,1,0,1,net_loss,-2.0,1167,1.5
2268,23,Basic,2269,78,10 6,3,A,3 A 9 9,22,1,0,0,net_win,1.0,1168,2.5
2269,23,Basic,2270,78,7 J,6,K,6 K J,26,1,0,0,net_win,1.0,1169,3.5
2270,23,Basic,2271,78,8 K,K,7,K 7,17,1,0,0,net_win,1.0,1170,4.5
2271,23,Basic,2272,78,9 8,9,3,9 3 10,22,1,0,0,net_win,1.0,1171,5.5
2272,23,Basic,2273,78,K 6,K,3,K 3 9,22,1,0,0,net_win,1.0,1172,6.5
2273,23,Basic,2274,78,Q 4,6,3,6 3 10,19,1,0,0,net_loss,-1.0,1173,5.5
2274,23,Basic,2275,78,10 6,4,J,4 J Q,24,1,0,0,net_win,1.0,1174,6.5
2275,23,Basic,2276,78,9 4,7,8,7 8,15,1,0,0,net_loss,-1.0,1175,5.5
2276,23,Basic,2277,78,2 4,8,A,8 A,19,1,0,0,net_push,0.0,1176,5.5
2277,23,Basic,2278,78,9 K,8,J,8 J,18,1,0,0,net_win,1.0,1177,6.5
2278,23,Basic,2279,78,2 Q,10,6,10 6 4,20,1,0,0,net_loss,-1.0,1178,5.5
2279,23,Basic,2280,78,9 7,5,7,5 7 J,22,1,0,0,net_win,1.0,1179,6.5
2280,23,Basic,2281,78,3 J,3,K,3 K 4,17,1,0,0,net_loss,-1.0,1180,5.5
2281,23,Basic,2282,78,8 4,3,6,3 6 5 3,17,1,0,0,net_loss,-1.0,1181,4.5
2282,23,Basic,2283,78,9 Q,9,J,9 J,19,1,0,0,net_push,0.0,1182,4.5
2283,23,Basic,2284,78,6 8,8,6,8 6 2 J,26,1,0,0,net_win,1.0,1183,5.5
2284,23,Basic,2285,78,A 4,2,2,2 2 9 10,23,1,0,0,net_win,1.0,1184,6.5
2285,23,Basic,2286,78,J K,4,4,4 4 A,19,1,0,0,net_win,1.0,1185,7.5
2286,23,Basic,2287,78,J 5,4,Q,4 Q Q,24,1,0,0,net_win,1.0,1186,8.5
2287,23,Basic,2288,78,5 8,J,J,J J,20,1,0,0,net_loss,-1.0,1187,7.5
2288,23,Basic,2289,78,7 2,K,J,K J,20,1,0,0,net_loss,-1.0,1188,6.5
2289,23,Basic,2290,78,8 9,7,A,7 A,18,1,0,0,net_loss,-1.0,1189,5.5
2290,23,Basic,2291,78,7 3,8,3,8 3 5 A,17,1,0,1,net_win,2.0,1190,7.5
2291,23,Basic,2292,78,9 8,8,8,8 8 10,26,1,0,0,net_win,1.0,1191,8.5
2292,23,Basic,2293,78,4 9,7,J,7 J,17,1,0,0,net_push,0.0,1192,8.5
2293,23,Basic,2294,78,A J,Q,K,Q K,20,1,0,0,player_blackjack,1.5,1193,10.0
2294,23,Basic,2295,78,K 10,K,3,K 3 6,19,1,0,0,net_win,1.0,1194,11.0
2295,23,Basic,2296,78,9 A,6,J,6 J 9,25,1,0,0,net_win,1.0,1195,12.0
2296,23,Basic,2297,78,2 5,3,7,3 7 7,17,1,0,0,net_loss,-1.0,1196,11.0
2297,23,Basic,2298,78,9 A,J,8,J 8,18,1,0,0,net_win,1.0,1197,12.0
2298,23,Basic,2299,78,J K,K,8,K 8,18,1,0,0,net_win,1.0,1198,13.0
2299,23,Basic,2300,78,7 3,K,2,K 2,12,1,0,0,net_loss,-1.0,1199,12.0
2300,23,Basic,2301,78,J 10,3,5,3 5 A,19,1,0,0,net_win,1.0,1200,13.0
2301,24,Simplified,2302,78,7 5,6,8,6 8 7,21,1,0,0,net_loss,-1.0,1101,-57.5
2302,24,Simplified,2303,78,K 9,5,Q,5 Q 3,18,1,0,0,net_win,1.0,1102,-56.5
2303,24,Simplified,2304,78,4 6,2,7,2 7 J,19,1,0,0,net_loss,-1.0,1103,-57.5
2304,24,Simplified,2305,78,K 2,4,J,4 J Q,24,1,0,0,net_win,1.0,1104,-56.5
2305,24,Simplified,2306,78,K 8,2,10,2 10 4 Q,26,1,0,0,net_win,1.0,1105,-55.5
2306,24,Simplified,2307,78,A 4,3,10,3 10 7,20,1,0,0,net_loss,-1.0,1106,-56.5
2307,24,Simplified,2308,78,9 Q,5,K,5 K A 6,22,1,0,0,net_win,1.0,1107,-55.5
2308,24,Simplified,2309,78,Q 2,4,2,4 2 4 Q,20,1,0,0,net_loss,-1.0,1108,-56.5
2309,24,Simplified,2310,78,3 4,6,2,6 2 K,18,1,0,0,net_loss,-1.0,1109,-57.5
2310,24,Simplified,2311,78,8 J,10,8,10 8,18,1,0,0,net_push,0.0,1110,-57.5
2311,24,Simplified,2312,78,6 J,A,3,A 3 8 6,18,1,0,0,net_loss,-1.0,1111,-58.5
2312,24,Simplified,2313,78,5 8,8,2,8 2 10,20,1,0,0,net_loss,-1.0,1112,-59.5
2313,24,Simplified,2314,78,10 9,8,3,8 3 Q,21,1,0,0,net_loss,-1.0,1113,-60.5
2314,24,Simplified,2315,78,7 4,10,6,10 6 J,26,1,0,0,net_win,1.0,1114,-59.5
2315,24,Simplified,2316,78,5 Q,5,9,5 9 Q,24,1,0,0,net_win,1.0,1115,-58.5
2316,24,Simplified,2317,78,9 J,A,Q,A Q,21,1,0,0,dealer_blackjack,-1.0,1116,-59.5
2317,24,Simplified,2318,78,4 5,9,A,9 A,20,1,0,0,net_loss,-1.0,1117,-60.5
2318,24,Simplified,2319,78,7 5,9,3,9 3 A 4,17,1,0,0,net_loss,-1.0,1118,-61.5
2319,24,Simplified,2320,78,10 6,K,4,K 4 8,22,1,0,0,net_win,1.0,1119,-60.5
2320,24,Simplified,2321,78,9 A,A,6,A 6,17,1,0,0,net_win,1.0,1120,-59.5
2321,24,Simplified,2322,78,A 6,6,7,6 7 3 9,25,1,0,0,net_win,1.0,1121,-58.5
2322,24,Simplified,2323,78,9 10,9,J,9 J,19,1,0,0,net_push,0.0,1122,-58.5
2323,24,Simplified,2324,78,7 J,5,10,5 10 Q,25,1,0,0,net_win,1.0,1123,-57.5
2324,24,Simplified,2325,78,5 K,J,2,J 2 8,20,1,0,0,net_loss,-1.0,1124,-58.5
2325,24,Simplified,2326,78,K 7,J,7,J 7,17,1,0,0,net_push,0.0,1125,-58.5
2326,24,Simplified,2327,78,4 7,J,K,J K,20,1,0,0,net_win,1.0,1126,-57.5
2327,24,Simplified,2328,78,K 9,6,5,6 5 7,18,1,0,0,net_win,1.0,1127,-56.5
2328,24,Simplified,2329,78,8 10,A,4,A 4 7 K,22,1,0,0,net_win,1.0,1128,-55.5
2329,24,Simplified,2330,78,4 10,2,K,2 K 5,17,1,0,0,net_loss,-1.0,1129,-56.5
2330,24,Simplified,2331,78,9 Q,3,8,3 8 J,21,1,0,0,net_loss,-1.0,1130,-57.5
2331,24,Simplified,2332,78,9 4,3,2,3 2 J 7,22,1,0,0,net_win,1.0,1131,-56.5
2332,24,Simplified,2333,78,A K,8,K,8 K,18,1,0,0,player_blackjack,1.5,1132,-55.0
2333,24,Simplified,2334,78,Q 8,Q,A,Q A,21,1,0,0,dealer_blackjack,-1.0,1133,-56.0
2334,24,Simplified,2335,78,9 9,9,6,9 6 K,25,1,0,0,net_win,1.0,1134,-55.0
2335,24,Simplified,2336,78,6 8,8,A,8 A,19,1,0,0,net_loss,-1.0,1135,-56.0
2336,24,Simplified,2337,78,7 8,4,8,4 8 K,22,1,0,0,net_win,1.0,1136,-55.0
2337,24,Simplified,2338,78,K 9,3,3,3 3 Q 6,22,1,0,0,net_win,1.0,1137,-54.0
2338,24,Simplified,2339,78,4 9,K,2,K 2 J,22,1,0,0,net_win,1.0,1138,-53.0
2339,24,Simplified,2340,78,Q 9,A,A,A A 5,17,1,0,0,net_win,1.0,1139,-52.0
2340,24,Simplified,2341,78,J 7,4,2,4 2 5 3 7,21,1,0,0,net_loss,-1.0,1140,-53.0
2341,24,Simplified,2342,78,4 10,K,6,K 6 4,20,1,0,0,net_loss,-1.0,1141,-54.0
2342,24,Simplified,2343,78,9 10,A,5,A 5 8 7,21,1,0,0,net_loss,-1.0,1142,-55.0
2343,24,Simplified,2344,78,A 8,5,10,5 10 2,17,1,0,0,net_win,1.0,1143,-54.0
2344,24,Simplified,2345,78,2 9,8,7,8 7 9,24,1,0,0,net_win,1.0,1144,-53.0
2345,24,Simplified,2346,78,A 6,9,9,9 9,18,1,0,0,net_loss,-1.0,1145,-54.0
2346,24,Simplified,2347,78,9 4,J,8,J 8,18,1,0,0,net_loss,-1.0,1146,-55.0
2347,24,Simplified,2348,78,5 8,4,K,4 K 7,21,1,0,0,net_loss,-1.0,1147,-56.0
2348,24,Simplified,2349,78,2 Q,7,9,7 9 10,26,1,0,0,net_win,1.0,1148,-55.0
2349,24,Simplified,2350,78,A K,A,3,A 3,14,1,0,0,player_blackjack,1.5,1149,-53.5
2350,24,Simplified,2351,78,7 4,K,4,K 4 A 10,25,1,0,0,net_win,1.0,1150,-52.5
2351,24,Simplified,2352,78,9 6,4,4,4 4 K,18,1,0,0,net_loss,-1.0,1151,-53.5
2352,24,Simplified,2353,78,4 K,8,6,8 6 7,21,1,0,0,net_loss,-1.0,1152,-54.5
2353,24,Simplified,2354,78,K J,5,8,5 8 6,19,1,0,0,net_win,1.0,1153,-53.5
2354,24,Simplified,2355,78,4 7,4,9,4 9 2 A 10,26,1,0,0,net_win,1.0,1154,-52.5
2355,24,Simplified,2356,78,5 2,2,5,2 5 A,18,1,0,0,net_loss,-1.0,1155,-53.5
2356,24,Simplified,2357,78,4 K,Q,2,Q 2 J,22,1,0,0,net_win,1.0,1156,-52.5
2357,24,Simplified,2358,78,9 3,Q,8,Q 8,18,1,0,0,net_loss,-1.0,1157,-53.5
2358,24,Simplified,2359,78,6 4,8,9,8 9,17,1,0,0,net_win,1.0,1158,-52.5
2359,24,Simplified,2360,78,3 6,5,K,5 K J,25,1,0,0,net_win,1.0,1159,-51.5
2360,24,Simplified,2361,78,2 6,8,A,8 A,19,1,0,0,net_loss,-1.0,1160,-52.5
2361,24,Simplified,2362,78,9 7,5,4,5 4 K,19,1,0,0,net_loss,-1.0,1161,-53.5
2362,24,Simplified,2363,78,2 10,J,K,J K,20,1,0,0,net_loss,-1.0,1162,-54.5
2363,24,Simplified,2364,78,Q 3,5,10,5 10 6,21,1,0,0,net_loss,-1.0,1163,-55.5
2364,24,Simplified,2365,78,10 K,Q,3,Q 3 10,23,1,0,0,net_win,1.0,1164,-54.5
2365,24,Simplified,2366,78,6 3,4,Q,4 Q J,24,1,0,0,net_win,1.0,1165,-53.5
2366,24,Simplified,2367,78,3 J,A,7,A 7,18,1,0,0,net_loss,-1.0,1166,-54.5
2367,24,Simplified,2368,78,Q 9,5,3,5 3 2 3 J,23,1,0,0,net_win,1.0,1167,-53.5
2368,24,Simplified,2369,78,2 J,A,K,A K,21,1,0,0,dealer_blackjack,-1.0,1168,-54.5
2369,24,Simplified,2370,78,7 6,2,7,2 7 10,19,1,0,0,net_loss,-1.0,1169,-55.5
2370,24,Simplified,2371,78,9 5,3,J,3 J Q,23,1,0,0,net_win,1.0,1170,-54.5
2371,24,Simplified,2372,78,6 5,8,10,8 10,18,1,0,0,net_loss,-1.0,1171,-55.5
2372,24,Simplified,2373,78,Q 5,J,7,J 7,17,1,0,0,net_loss,-1.0,1172,-56.5
2373,24,Simplified,2374,78,6 A,Q,8,Q 8,18,1,0,0,net_loss,-1.0,1173,-57.5
2374,24,Simplified,2375,78,6 J,2,4,2 4 7 5,18,1,0,0,net_loss,-1.0,1174,-58.5
2375,24,Simplified,2376,78,6 7,A,9,A 9,20,1,0,0,net_loss,-1.0,1175,-59.5
2376,24,Simplified,2377,78,8 Q,5,J,5 J 6,21,1,0,0,net_loss,-1.0,1176,-60.5
2377,24,Simplified,2378,78,3 2,10,6,10 6 8,24,1,0,0,net_win,1.0,1177,-59.5
2378,24,Simplified,2379,78,8 5,K,7,K 7,17,1,0,0,net_loss,-1.0,1178,-60.5
2379,24,Simplified,2380,78,3 4,7,8,7 8 J,25,1,0,0,net_win,1.0,1179,-59.5
2380,24,Simplified,2381,78,A 7,9,Q,9 Q,19,1,0,0,net_loss,-1.0,1180,-60.5
2381,24,Simplified,2382,78,4 Q,A,8,A 8,19,1,0,0,net_loss,-1.0,1181,-61.5
2382,24,Simplified,2383,78,9 7,7,A,7 A,18,1,0,0,net_loss,-1.0,1182,-62.5
2383,24,Simplified,2384,78,K 9,9,A,9 A,20,1,0,0,net_loss,-1.0,1183,-63.5
2384,24,Simplified,2385,78,2 Q,5,K,5 K 3,18,1,0,0,net_loss,-1.0,1184,-64.5
2385,24,Simplified,2386,78,9 K,2,5,2 5 2 4 8,21,1,0,0,net_loss,-1.0,1185,-65.5
2386,24,Simplified,2387,78,A J,7,8,7 8,15,1,0,0,player_blackjack,1.5,1186,-64.0
2387,24,Simplified,2388,78,A 3,4,9,4 9 2 K,25,1,0,0,net_win,1.0,1187,-63.0
2388,24,Simplified,2389,78,K 4,9,9,9 9,18,1,0,0,net_loss,-1.0,1188,-64.0
2389,24,Simplified,2390,78,9 4,9,7,9 7 3,19,1,0,0,net_loss,-1.0,1189,-65.0
2390,24,Simplified,2391,78,J 9,10,K,10 K,20,1,0,0,net_loss,-1.0,1190,-66.0
2391,24,Simplified,2392,78,8 6,Q,J,Q J,20,1,0,0,net_loss,-1.0,1191,-67.0
2392,24,Simplified,2393,78,A K,9,2,9 2,11,1,0,0,player_blackjack,1.5,1192,-65.5
2393,24,Simplified,2394,78,5 A,4,3,4 3 4 J,21,1,0,0,net_loss,-1.0,1193,-66.5
2394,24,Simplified,2395,78,4 3,10,5,10 5 10,25,1,0,0,net_win,1.0,1194,-65.5
2395,24,Simplified,2396,78,2 6,K,5,K 5 10,25,1,0,0,net_win,1.0,1195,-64.5
2396,24,Simplified,2397,78,9 9,6,10,6 10 4,20,1,0,0,net_loss,-1.0,1196,-65.5
2397,24,Simplified,2398,78,4 8,J,10,J 10,20,1,0,0,net_loss,-1.0,1197,-66.5
2398,24,Simplified,2399,78,7 A,5,5,5 5 5 6,21,1,0,0,net_loss,-1.0,1198,-67.5
2399,24,Simplified,2400,78,9 Q,7,10,7 10,17,1,0,0,net_win,1.0,1199,-66.5
2400,24,Simplified,2401,78,2 2,8,A,8 A,19,1,0,0,net_loss,-1.0,1200,-67.5
2401,25,Basic,2402,78,J 9,5,6,5 6 8,19,1,0,0,net_push,0.0,1201,13.0
2402,25,Basic,2403,78,8 7,2,J,2 J 5,17,1,0,0,net_loss,-1.0,1202,12.0
2403,25,Basic,2404,78,5 4,6,9,6 9 10,25,1,0,1,net_win,2.0,1203,14.0
2404,25,Basic,2405,78,A 9,K,A,K A,21,1,0,0,dealer_blackjack,-1.0,1204,13.0
2405,25,Basic,2406,78,2 2,3,7,3 7 A,21,2,1,1,net_loss,-1.0,1205,12.0
2406,25,Basic,2407,78,Q 3,8,8,8 8 4,20,1,0,0,net_loss,-1.0,1206,11.0
2407,25,Basic,2408,78,10 7,7,10,7 10,17,1,0,0,net_push,0.0,1207,11.0
2408,25,Basic,2409,78,2 A,7,4,7 4,11,1,0,0,net_loss,-1.0,1208,10.0
2409,25,Basic,2410,78,K 5,8,4,8 4,12,1,0,0,net_loss,-1.0,1209,9.0
2410,25,Basic,2411,78,5 6,10,8,10 8,18,1,0,1,net_win,2.0,1210,11.0
2411,25,Basic,2412,78,2 A,10,K,10 K,20,1,0,0,net_push,0.0,1211,11.0
2412,25,Basic,2413,78,2 J,Q,Q,Q Q,20,1,0,0,net_loss,-1.0,1212,10.0
2413,25,Basic,2414,78,7 7,6,4,6 4 3 8,21,2,1,1,net_loss,-3.0,1213,7.0
2414,25,Basic,2415,78,7 5,4,10,4 10 6,20,1,0,0,net_loss,-1.0,1214,6.0
2415,25,Basic,2416,78,Q J,5,7,5 7 4 K,26,1,0,0,net_win,1.0,1215,7.0
2416,25,Basic,2417,78,2 8,9,9,9 9,18,1,0,1,net_win,2.0,1216,9.0
2417,25,Basic,2418,78,10 4,A,J,A J,21,1,0,0,dealer_blackjack,-1.0,1217,8.0
2418,25,Basic,2419,78,A 2,9,4,9 4 10,23,1,0,0,net_win,1.0,1218,9.0
2419,25,Basic,2420,78,7 A,A,3,A 3 9 7,20,1,0,0,net_loss,-1.0,1219,8.0
2420,25,Basic,2421,78,2 Q,K,5,K 5 10,25,1,0,0,net_win,1.0,1220,9.0
2421,25,Basic,2422,78,2 7,9,5,9 5,14,1,0,0,net_loss,-1.0,1221,8.0
2422,25,Basic,2423,78,4 A,8,3,8 3 2 4,17,1,0,0,net_win,1.0,1222,9.0
2423,25,Basic,2424,78,A 9,10,5,10 5 9,24,1,0,0,net_win,1.0,1223,10.0
2424,25,Basic,2425,78,Q Q,A,Q,A Q,21,1,0,0,dealer_blackjack,-1.0,1224,9.0
2425,25,Basic,2426,78,7 4,J,10,J 10,20,1,0,1,net_loss,-2.0,1225,7.0
2426,25,Basic,2427,78,Q J,8,3,8 3 J,21,1,0,0,net_loss,-1.0,1226,6.0
2427,25,Basic,2428,78,9 K,K,4,K 4 8,22,1,0,0,net_win,1.0,1227,7.0
2428,25,Basic,2429,78,6 J,7,10,7 10,17,1,0,0,net_loss,-1.0,1228,6.0
2429,25,Basic,2430,78,6 7,4,5,4 5 2 J,21,1,0,0,net_loss,-1.0,1229,5.0
2430,25,Basic,2431,78,9 7,A,4,A 4 6,21,1,0,0,net_push,0.0,1230,5.0
2431,25,Basic,2432,78,Q K,10,K,10 K,20,1,0,0,net_push,0.0,1231,5.0
2432,25,Basic,2433,78,7 Q,5,Q,5 Q 4,19,1,0,0,net_loss,-1.0,1232,4.0
2433,25,Basic,2434,78,8 7,K,J,K J,20,1,0,0,net_win,1.0,1233,5.0
2434,25,Basic,2435,78,4 3,Q,J,Q J,20,1,0,0,net_loss,-1.0,1234,4.0
2435,25,Basic,2436,78,Q K,9,2,9 2 3 3,17,1,0,0,net_win,1.0,1235,5.0
2436,25,Basic,2437,78,Q J,J,Q,J Q,20,1,0,0,net_push,0.0,1236,5.0
2437,25,Basic,2438,78,5 10,K,4,K 4,14,1,0,0,net_loss,-1.0,1237,4.0
2438,25,Basic,2439,78,8 10,5,K,5 K J,25,1,0,0,net_win,1.0,1238,5.0
2439,25,Basic,2440,78,Q J,10,J,10 J,20,1,0,0,net_push,0.0,1239,5.0
2440,25,Basic,2441,78,Q 6,9,K,9 K,19,1,0,0,net_loss,-1.0,1240,4.0
2441,25,Basic,2442,78,5 10,10,2,10 2,12,1,0,0,net_loss,-1.0,1241,3.0
2442,25,Basic,2443,78,5 7,Q,9,Q 9,19,1,0,0,net_loss,-1.0,1242,2.0
2443,25,Basic,2444,78,9 7,6,2,6 2 5 A K,24,1,0,0,net_win,1.0,1243,3.0
2444,25,Basic,2445,78,7 2,3,2,3 2 K 6,21,1,0,1,net_loss,-2.0,1244,1.0
2445,25,Basic,2446,78,Q 10,K,5,K 5 8,23,1,0,0,net_win,1.0,1245,2.0
2446,25,Basic,2447,78,2 5,8,7,8 7,15,1,0,0,net_loss,-1.0,1246,1.0
2447,25,Basic,2448,78,8 J,J,10,J 10,20,1,0,0,net_loss,-1.0,1247,0.0
2448,25,Basic,2449,78,6 3,8,9,8 9,17,1,0,0,net_win,1.0,1248,1.0
2449,25,Basic,2450,78,3 8,5,5,5 5 2 7,19,1,0,1,net_win,2.0,1249,3.0
2450,25,Basic,2451,78,J 9,7,7,7 7 Q,24,1,0,0,net_win,1.0,1250,4.0
2451,25,Basic,2452,78,3 A,3,K,3 K J,23,1,0,0,net_win,1.0,1251,5.0
2452,25,Basic,2453,78,7 4,4,6,4 6 9,19,1,0,1,net_loss,-2.0,1252,3.0
2453,25,Basic,2454,78,6 5,Q,7,Q 7,17,1,0,1,net_win,2.0,1253,5.0
2454,25,Basic,2455,78,K Q,2,3,2 3 5 4 A 6,21,1,0,0,net_loss,-1.0,1254,4.0
2455,25,Basic,2456,78,8 J,3,8,3 8 6,17,1,0,0,net_win,1.0,1255,5.0
2456,25,Basic,2457,78,4 6,6,6,6 6 5,17,1,0,1,net_push,0.0,1256,5.0
2457,25,Basic,2458,78,3 Q,8,9,8 9,17,1,0,0,net_win,1.0,1257,6.0
2458,25,Basic,2459,78,A 9,7,3,7 3 9,19,1,0,0,net_win,1.0,1258,7.0
2459,25,Basic,2460,78,Q 8,7,6,7 6 J,23,1,0,0,net_win,1.0,1259,8.0
2460,25,Basic,2461,78,10 2,3,6,3 6 6 K,25,1,0,0,net_win,1.0,1260,9.0
2461,25,Basic,2462,78,A 3,6,2,6 2 K,18,1,0,1,net_push,0.0,1261,9.0
2462,25,Basic,2463,78,7 2,5,K,5 K 10,25,1,0,1,net_win,2.0,1262,11.0
2463,25,Basic,2464,78,4 10,Q,A,Q A,21,1,0,0,dealer_blackjack,-1.0,1263,10.0
2464,25,Basic,2465,78,6 10,J,A,J A,21,1,0,0,dealer_blackjack,-1.0,1264,9.0
2465,25,Basic,2466,78,5 3,3,8,3 8 A Q,22,1,0,0,net_win,1.0,1265,10.0
2466,25,Basic,2467,78,9 Q,4,5,4 5 J,19,1,0,0,net_push,0.0,1266,10.0
2467,25,Basic,2468,78,9 8,K,8,K 8,18,1,0,0,net_loss,-1.0,1267,9.0
2468,25,Basic,2469,78,9 J,6,J,6 J 3,19,1,0,0,net_push,0.0,1268,9.0
2469,25,Basic,2470,78,4 7,K,3,K 3 J,23,1,0,1,net_win,2.0,1269,11.0
2470,25,Basic,2471,78,7 2,2,8,2 8 2 3 9,24,1,0,0,net_win,1.0,1270,12.0
2471,25,Basic,2472,78,Q Q,4,2,4 2 Q 2,18,1,0,0,net_win,1.0,1271,13.0
2472,25,Basic,2473,78,2 7,Q,7,Q 7,17,1,0,0,net_win,1.0,1272,14.0
2473,25,Basic,2474,78,J 9,5,7,5 7 A J,23,1,0,0,net_win,1.0,1273,15.0
2474,25,Basic,2475,78,3 9,8,Q,8 Q,18,1,0,0,net_loss,-1.0,1274,14.0
2475,25,Basic,2476,78,6 3,6,A,6 A,17,1,0,1,net_loss,-2.0,1275,12.0
2476,25,Basic,2477,78,Q 10,2,7,2 7 8,17,1,0,0,net_win,1.0,1276,13.0
2477,25,Basic,2478,78,3 6,4,Q,4 Q J,24,1,0,1,net_win,2.0,1277,15.0
2478,25,Basic,2479,78,6 A,2,4,2 4 4 3 9,22,1,0,0,net_win,1.0,1278,16.0
2479,25,Basic,2480,78,9 9,3,J,3 J 9,22,2,1,1,net_win,3.0,1279,19.0
2480,25,Basic,2481,78,A Q,J,10,J 10,20,1,0,0,player_blackjack,1.5,1280,20.5
2481,25,Basic,2482,78,6 J,2,K,2 K A A 5,19,1,0,0,net_loss,-1.0,1281,19.5
2482,25,Basic,2483,78,J 6,10,10,10 10,20,1,0,0,net_loss,-1.0,1282,18.5
2483,25,Basic,2484,78,4 4,3,2,3 2 10 2,17,1,0,0,net_win,1.0,1283,19.5
2484,25,Basic,2485,78,10 7,6,Q,6 Q A,17,1,0,0,net_push,0.0,1284,19.5
2485,25,Basic,2486,78,Q 4,5,4,5 4 5 2 7,23,1,0,0,net_win,1.0,1285,20.5
2486,25,Basic,2487,78,K 4,9,K,9 K,19,1,0,0,net_loss,-1.0,1286,19.5
2487,25,Basic,2488,78,J 6,8,8,8 8 K,26,1,0,0,net_win,1.0,1287,20.5
2488,25,Basic,2489,78,7 J,8,6,8 6 J,24,1,0,0,net_win,1.0,1288,21.5
2489,25,Basic,2490,78,4 A,9,5,9 5,14,1,0,0,net_loss,-1.0,1289,20.5
2490,25,Basic,2491,78,10 A,8,2,8 2,10,1,0,0,player_blackjack,1.5,1290,22.0
2491,25,Basic,2492,78,K J,3,8,3 8 9,20,1,0,0,net_push,0.0,1291,22.0
2492,25,Basic,2493,78,2 5,4,10,4 10 A 9,24,1,0,0,net_win,1.0,1292,23.0
2493,25,Basic,2494,78,10 10,3,4,3 4 7 J,24,1,0,0,net_win,1.0,1293,24.0
2494,25,Basic,2495,78,6 7,8,7,8 7 2,17,1,0,0,net_win,1.0,1294,25.0
2495,25,Basic,2496,78,3 A,Q,10,Q 10,20,1,0,0,net_loss,-1.0,1295,24.0
2496,25,Basic,2497,78,A J,2,A,2 A,13,1,0,0,player_blackjack,1.5,1296,25.5
2497,25,Basic,2498,78,2 5,3,K,3 K 7,20,1,0,0,net_win,1.0,1297,26.5
2498,25,Basic,2499,78,A 4,J,8,J 8,18,1,0,0,net_push,0.0,1298,26.5
2499,25,Basic,2500,78,4 10,8,3,8 3,11,1,0,0,net_loss,-1.0,1299,25.5
2500,25,Basic,2501,78,4 5,3,9,3 9 10,22,1,0,1,net_win,2.0,1300,27.5
2501,26,Simplified,2502,78,4 10,7,A,7 A,18,1,0,0,net_loss,-1.0,1201,-68.5
2502,26,Simplified,2503,78,4 J,A,2,A 2 3 J A,17,1,0,0,net_loss,-1.0,1202,-69.5
2503,26,Simplified,2504,78,7 K,K,10,K 10,20,1,0,0,net_loss,-1.0,1203,-70.5
2504,26,Simplified,2505,78,10 3,J,7,J 7,17,1,0,0,net_loss,-1.0,1204,-71.5
2505,26,Simplified,2506,78,6 2,9,5,9 5 6,20,1,0,0,net_loss,-1.0,1205,-72.5
2506,26,Simplified,2507,78,7 A,10,10,10 10,20,1,0,0,net_loss,-1.0,1206,-73.5
2507,26,Simplified,2508,78,K 6,Q,10,Q 10,20,1,0,0,net_loss,-1.0,1207,-74.5
2508,26,Simplified,2509,78,Q A,2,5,2 5,7,1,0,0,player_blackjack,1.5,1208,-73.0
2509,26,Simplified,2510,78,3 6,9,3,9 3 6,18,1,0,0,net_loss,-1.0,1209,-74.0
2510,26,Simplified,2511,78,K 2,2,6,2 6 10,18,1,0,0,net_loss,-1.0,1210,-75.0
2511,26,Simplified,2512,78,7 J,10,8,10 8,18,1,0,0,net_loss,-1.0,1211,-76.0
2512,26,Simplified,2513,78,K 3,7,2,7 2 3 J,22,1,0,0,net_win,1.0,1212,-75.0
2513,26,Simplified,2514,78,J 4,K,6,K 6 3,19,1,0,0,net_loss,-1.0,1213,-76.0
2514,26,Simplified,2515,78,J K,2,A,2 A 8,21,1,0,0,net_loss,-1.0,1214,-77.0
2515,26,Simplified,2516,78,5 7,6,6,6 6 7,19,1,0,0,net_loss,-1.0,1215,-78.0
2516,26,Simplified,2517,78,2 9,4,J,4 J 9,23,1,0,0,net_win,1.0,1216,-77.0
2517,26,Simplified,2518,78,6 6,9,7,9 7 9,25,1,0,0,net_win,1.0,1217,-76.0
2518,26,Simplified,2519,78,3 9,8,3,8 3 10,21,1,0,0,net_loss,-1.0,1218,-77.0
2519,26,Simplified,2520,78,2 8,6,10,6 10 2,18,1,0,0,net_loss,-1.0,1219,-78.0
2520,26,Simplified,2521,78,5 3,K,7,K 7,17,1,0,0,net_win,1.0,1220,-77.0
2521,26,Simplified,2522,78,A 7,A,8,A 8,19,1,0,0,net_loss,-1.0,1221,-78.0
2522,26,Simplified,2523,78,5 9,K,4,K 4 K,24,1,0,0,net_win,1.0,1222,-77.0
2523,26,Simplified,2524,78,4 2,K,Q,K Q,20,1,0,0,net_loss,-1.0,1223,-78.0
2524,26,Simplified,2525,78,4 3,7,J,7 J,17,1,0,0,net_loss,-1.0,1224,-79.0
2525,26,Simplified,2526,78,2 2,Q,K,Q K,20,1,0,0,net_loss,-1.0,1225,-80.0
2526,26,Simplified,2527,78,3 K,7,3,7 3 5 J,25,1,0,0,net_win,1.0,1226,-79.0
2527,26,Simplified,2528,78,6 A,7,7,7 7 5,19,1,0,0,net_win,1.0,1227,-78.0
2528,26,Simplified,2529,78,2 5,K,J,K J,20,1,0,0,net_loss,-1.0,1228,-79.0
2529,26,Simplified,2530,78,4 4,5,10,5 10 9,24,1,0,0,net_win,1.0,1229,-78.0
2530,26,Simplified,2531,78,3 4,2,8,2 8 A,21,1,0,0,net_loss,-1.0,1230,-79.0
2531,26,Simplified,2532,78,9 J,Q,9,Q 9,19,1,0,0,net_push,0.0,1231,-79.0
2532,26,Simplified,2533,78,5 2,6,9,6 9 2,17,1,0,0,net_loss,-1.0,1232,-80.0
2533,26,Simplified,2534,78,6 J,K,8,K 8,18,1,0,0,net_loss,-1.0,1233,-81.0
2534,26,Simplified,2535,78,8 J,8,K,8 K,18,1,0,0,net_push,0.0,1234,-81.0
2535,26,Simplified,2536,78,9 9,10,9,10 9,19,1,0,0,net_loss,-1.0,1235,-82.0
2536,26,Simplified,2537,78,K 3,K,6,K 6 10,26,1,0,0,net_win,1.0,1236,-81.0
2537,26,Simplified,2538,78,6 K,10,K,10 K,20,1,0,0,net_loss,-1.0,1237,-82.0
2538,26,Simplified,2539,78,8 2,9,2,9 2 Q,21,1,0,0,net_loss,-1.0,1238,-83.0
2539,26,Simplified,2540,78,7 J,Q,J,Q J,20,1,0,0,net_loss,-1.0,1239,-84.0
2540,26,Simplified,2541,78,8 7,9,7,9 7 J,26,1,0,0,net_win,1.0,1240,-83.0
2541,26,Simplified,2542,78,K 7,3,10,3 10 5,18,1,0,0,net_loss,-1.0,1241,-84.0
2542,26,Simplified,2543,78,Q 9,9,3,9 3 2 7,21,1,0,0,net_loss,-1.0,1242,-85.0
2543,26,Simplified,2544,78,8 10,J,3,J 3 4,17,1,0,0,net_win,1.0,1243,-84.0
2544,26,Simplified,2545,78,5 5,3,3,3 3 Q A,17,1,0,0,net_win,1.0,1244,-83.0
2545,26,Simplified,2546,78,A 7,6,10,6 10 5,21,1,0,0,net_loss,-1.0,1245,-84.0
2546,26,Simplified,2547,78,7 2,7,4,7 4 5 4,20,1,0,0,net_win,1.0,1246,-83.0
2547,26,Simplified,2548,78,A 10,7,Q,7 Q,17,1,0,0,player_blackjack,1.5,1247,-81.5
2548,26,Simplified,2549,78,7 6,Q,2,Q 2 9,21,1,0,0,net_loss,-1.0,1248,-82.5
2549,26,Simplified,2550,78,A 5,4,4,4 4 K,18,1,0,0,net_loss,-1.0,1249,-83.5
2550,26,Simplified,2551,78,7 9,J,6,J 6 5,21,1,0,0,net_loss,-1.0,1250,-84.5
2551,26,Simplified,2552,78,Q 3,6,9,6 9 A 2,18,1,0,0,net_loss,-1.0,1251,-85.5
2552,26,Simplified,2553,78,8 J,7,10,7 10,17,1,0,0,net_win,1.0,1252,-84.5
2553,26,Simplified,2554,78,6 5,K,A,K A,21,1,0,0,dealer_blackjack,-1.0,1253,-85.5
2554,26,Simplified,2555,78,3 2,8,7,8 7 6,21,1,0,0,net_loss,-1.0,1254,-86.5
2555,26,Simplified,2556,78,9 5,Q,8,Q 8,18,1,0,0,net_loss,-1.0,1255,-87.5
2556,26,Simplified,2557,78,6 J,10,2,10 2 8,20,1,0,0,net_loss,-1.0,1256,-88.5
2557,26,Simplified,2558,78,Q 4,7,8,7 8 3,18,1,0,0,net_loss,-1.0,1257,-89.5
2558,26,Simplified,2559,78,J J,4,6,4 6 7,17,1,0,0,net_win,1.0,1258,-88.5
2559,26,Simplified,2560,78,5 4,J,Q,J Q,20,1,0,0,net_loss,-1.0,1259,-89.5
2560,26,Simplified,2561,78,Q 6,10,8,10 8,18,1,0,0,net_loss,-1.0,1260,-90.5
2561,26,Simplified,2562,78,4 5,9,2,9 2 7,18,1,0,0,net_loss,-1.0,1261,-91.5
2562,26,Simplified,2563,78,3 10,A,4,A 4 3,18,1,0,0,net_loss,-1.0,1262,-92.5
2563,26,Simplified,2564,78,J 8,9,6,9 6 10,25,1,0,0,net_win,1.0,1263,-91.5
2564,26,Simplified,2565,78,5 K,10,9,10 9,19,1,0,0,net_loss,-1.0,1264,-92.5
2565,26,Simplified,2566,78,8 4,A,K,A K,21,1,0,0,dealer_blackjack,-1.0,1265,-93.5
2566,26,Simplified,2567,78,7 10,3,10,3 10 3 5,21,1,0,0,net_loss,-1.0,1266,-94.5
2567,26,Simplified,2568,78,4 K,10,A,10 A,21,1,0,0,dealer_blackjack,-1.0,1267,-95.5
2568,26,Simplified,2569,78,J 10,9,4,9 4 A J,24,1,0,0,net_win,1.0,1268,-94.5
2569,26,Simplified,2570,78,K 6,10,8,10 8,18,1,0,0,net_loss,-1.0,1269,-95.5
2570,26,Simplified,2571,78,5 J,A,9,A 9,20,1,0,0,net_loss,-1.0,1270,-96.5
2571,26,Simplified,2572,78,6 10,Q,7,Q 7,17,1,0,0,net_loss,-1.0,1271,-97.5
2572,26,Simplified,2573,78,2 8,A,7,A 7,18,1,0,0,net_win,1.0,1272,-96.5
2573,26,Simplified,2574,78,2 9,8,8,8 8 A,17,1,0,0,net_push,0.0,1273,-96.5
2574,26,Simplified,2575,78,10 3,K,A,K A,21,1,0,0,dealer_blackjack,-1.0,1274,-97.5
2575,26,Simplified,2576,78,9 7,Q,A,Q A,21,1,0,0,dealer_blackjack,-1.0,1275,-98.5
2576,26,Simplified,2577,78,J 6,10,6,10 6 Q,26,1,0,0,net_win,1.0,1276,-97.5
2577,26,Simplified,2578,78,J 2,10,7,10 7,17,1,0,0,net_loss,-1.0,1277,-98.5
2578,26,Simplified,2579,78,K J,7,9,7 9 5,21,1,0,0,net_loss,-1.0,1278,-99.5
2579,26,Simplified,2580,78,3 10,10,A,10 A,21,1,0,0,dealer_blackjack,-1.0,1279,-100.5
2580,26,Simplified,2581,78,5 K,9,3,9 3 9,21,1,0,0,net_loss,-1.0,1280,-101.5
2581,26,Simplified,2582,78,A 10,4,5,4 5,9,1,0,0,player_blackjack,1.5,1281,-100.0
2582,26,Simplified,2583,78,5 2,4,3,4 3 Q,17,1,0,0,net_push,0.0,1282,-100.0
2583,26,Simplified,2584,78,3 J,5,10,5 10 A Q,26,1,0,0,net_win,1.0,1283,-99.0
2584,26,Simplified,2585,78,5 4,3,A,3 A 10 8,22,1,0,0,net_win,1.0,1284,-98.0
2585,26,Simplified,2586,78,9 9,Q,6,Q 6 4,20,1,0,0,net_loss,-1.0,1285,-99.0
2586,26,Simplified,2587,78,3 5,J,7,J 7,17,1,0,0,net_win,1.0,1286,-98.0
2587,26,Simplified,2588,78,K A,10,A,10 A,21,1,0,0,push_blackjack,0.0,1287,-98.0
2588,26,Simplified,2589,78,J K,K,8,K 8,18,1,0,0,net_win,1.0,1288,-97.0
2589,26,Simplified,2590,78,A A,5,Q,5 Q K,25,1,0,0,net_win,1.0,1289,-96.0
2590,26,Simplified,2591,78,3 6,Q,8,Q 8,18,1,0,0,net_win,1.0,1290,-95.0
2591,26,Simplified,2592,78,8 6,9,8,9 8,17,1,0,0,net_loss,-1.0,1291,-96.0
2592,26,Simplified,2593,78,9 7,9,A,9 A,20,1,0,0,net_loss,-1.0,1292,-97.0
2593,26,Simplified,2594,78,Q A,2,6,2 6,8,1,0,0,player_blackjack,1.5,1293,-95.5
2594,26,Simplified,2595,78,4 3,3,J,3 J 7,20,1,0,0,net_loss,-1.0,1294,-96.5
2595,26,Simplified,2596,78,5 7,Q,6,Q 6 9,25,1,0,0,net_win,1.0,1295,-95.5
2596,26,Simplified,2597,78,8 8,7,5,7 5 8,20,1,0,0,net_loss,-1.0,1296,-96.5
2597,26,Simplified,2598,78,Q 8,4,9,4 9 3 2,18,1,0,0,net_push,0.0,1297,-96.5
2598,26,Simplified,2599,78,2 J,4,10,4 10 5,19,1,0,0,net_loss,-1.0,1298,-97.5
2599,26,Simplified,2600,78,6 8,5,8,5 8 9,22,1,0,0,net_win,1.0,1299,-96.5
2600,26,Simplified,2601,78,7 7,K,3,K 3 Q,23,1,0,0,net_win,1.0,1300,-95.5
2601,27,Basic,2602,78,2 9,A,8,A 8,19,1,0,0,net_win,1.0,1301,28.5
2602,27,Basic,2603,78,9 9,8,10,8 10,18,3,2,0,net_loss,-1.0,1302,27.5
2603,27,Basic,2604,78,4 3,Q,9,Q 9,19,1,0,0,net_loss,-1.0,1303,26.5
2604,27,Basic,2605,78,J 7,Q,8,Q 8,18,1,0,0,net_loss,-1.0,1304,25.5
2605,27,Basic,2606,78,Q 9,4,3,4 3 2 10,19,1,0,0,net_push,0.0,1305,25.5
2606,27,Basic,2607,78,6 5,J,A,J A,21,1,0,0,dealer_blackjack,-1.0,1306,24.5
2607,27,Basic,2608,78,5 7,9,Q,9 Q,19,1,0,0,net_loss,-1.0,1307,23.5
2608,27,Basic,2609,78,2 10,2,7,2 7 10,19,1,0,0,net_loss,-1.0,1308,22.5
2609,27,Basic,2610,78,2 2,4,9,4 9 2 J,25,2,1,2,net_win,4.0,1309,26.5
2610,27,Basic,2611,78,6 10,J,A,J A,21,1,0,0,dealer_blackjack,-1.0,1310,25.5
2611,27,Basic,2612,78,3 6,9,A,9 A,20,1,0,0,net_loss,-1.0,1311,24.5
2612,27,Basic,2613,78,2 K,8,10,8 10,18,1,0,0,net_win,1.0,1312,25.5
2613,27,Basic,2614,78,4 Q,10,K,10 K,20,1,0,0,net_loss,-1.0,1313,24.5
2614,27,Basic,2615,78,7 8,3,5,3 5 10,18,1,0,0,net_loss,-1.0,1314,23.5
2615,27,Basic,2616,78,Q J,10,9,10 9,19,1,0,0,net_win,1.0,1315,24.5
2616,27,Basic,2617,78,2 7,5,3,5 3 7 6,21,1,0,1,net_loss,-2.0,1316,22.5
2617,27,Basic,2618,78,7 6,2,8,2 8 2 4 Q,26,1,0,0,net_win,1.0,1317,23.5
2618,27,Basic,2619,78,3 9,7,4,7 4 J,21,1,0,0,net_loss,-1.0,1318,22.5
2619,27,Basic,2620,78,9 7,J,7,J 7,17,1,0,0,net_loss,-1.0,1319,21.5
2620,27,Basic,2621,78,7 5,A,A,A A,12,1,0,0,net_loss,-1.0,1320,20.5
2621,27,Basic,2622,78,10 9,K,2,K 2 8,20,1,0,0,net_loss,-1.0,1321,19.5
2622,27,Basic,2623,78,2 3,5,K,5 K A Q,26,1,0,0,net_win,1.0,1322,20.5
2623,27,Basic,2624,78,6 6,6,J,6 J 9,25,2,1,0,net_win,2.0,1323,22.5
2624,27,Basic,2625,78,7 4,6,10,6 10 K,26,1,0,1,net_win,2.0,1324,24.5
2625,27,Basic,2626,78,J 6,6,8,6 8 7,21,1,0,0,net_loss,-1.0,1325,23.5
2626,27,Basic,2627,78,A 10,Q,8,Q 8,18,1,0,0,player_blackjack,1.5,1326,25.0
2627,27,Basic,2628,78,A 4,9,4,9 4,13,1,0,0,net_loss,-1.0,1327,24.0
2628,27,Basic,2629,78,2 2,3,5,3 5 8 3,19,2,1,0,net_loss,-2.0,1328,22.0
2629,27,Basic,2630,78,A Q,3,5,3 5,8,1,0,0,player_blackjack,1.5,1329,23.5
2630,27,Basic,2631,78,7 9,8,4,8 4 5,17,1,0,0,net_win,1.0,1330,24.5
2631,27,Basic,2632,78,10 3,4,8,4 8 9,21,1,0,0,net_loss,-1.0,1331,23.5
2632,27,Basic,2633,78,2 3,8,J,8 J,18,1,0,0,net_loss,-1.0,1332,22.5
2633,27,Basic,2634,78,3 9,2,Q,2 Q,12,1,0,0,net_loss,-1.0,1333,21.5
2634,27,Basic,2635,78,4 2,7,A,7 A,18,1,0,0,net_loss,-1.0,1334,20.5
2635,27,Basic,2636,78,8 6,9,Q,9 Q,19,1,0,0,net_loss,-1.0,1335,19.5
2636,27,Basic,2637,78,8 7,6,J,6 J J,26,1,0,0,net_win,1.0,1336,20.5
2637,27,Basic,2638,78,Q 8,J,10,J 10,20,1,0,0,net_loss,-1.0,1337,19.5
2638,27,Basic,2639,78,J 5,2,J,2 J 2 Q,24,1,0,0,net_win,1.0,1338,20.5
2639,27,Basic,2640,78,7 10,A,3,A 3 2 8 6,20,1,0,0,net_loss,-1.0,1339,19.5
2640,27,Basic,2641,78,2 5,J,8,J 8,18,1,0,0,net_win,1.0,1340,20.5
2641,27,Basic,2642,78,Q Q,6,A,6 A,17,1,0,0,net_win,1.0,1341,21.5
2642,27,Basic,2643,78,A A,9,6,9 6 3,18,2,1,0,net_loss,-2.0,1342,19.5
2643,27,Basic,2644,78,6 8,7,J,7 J,17,1,0,0,net_win,1.0,1343,20.5
2644,27,Basic,2645,78,A 3,10,10,10 10,20,1,0,0,net_win,1.0,1344,21.5
2645,27,Basic,2646,78,8 K,5,10,5 10 9,24,1,0,0,net_win,1.0,1345,22.5
2646,27,Basic,2647,78,10 Q,J,3,J 3 J,23,1,0,0,net_win,1.0,1346,23.5
2647,27,Basic,2648,78,8 8,Q,4,Q 4 9,23,2,1,0,net_win,2.0,1347,25.5
2648,27,Basic,2649,78,2 10,Q,7,Q 7,17,1,0,0,net_loss,-1.0,1348,24.5
2649,27,Basic,2650,78,3 3,K,9,K 9,19,1,0,0,net_loss,-1.0,1349,23.5
2650,27,Basic,2651,78,5 4,2,4,2 4 3 4 3 K,26,1,0,0,net_win,1.0,1350,24.5
2651,27,Basic,2652,78,9 A,J,3,J 3 4,17,1,0,0,net_win,1.0,1351,25.5
2652,27,Basic,2653,78,5 J,2,8,2 8 A,21,1,0,0,net_loss,-1.0,1352,24.5
2653,27,Basic,2654,78,2 5,6,8,6 8 K,24,1,0,0,net_win,1.0,1353,25.5
2654,27,Basic,2655,78,A 5,6,8,6 8 10,24,1,0,1,net_win,2.0,1354,27.5
2655,27,Basic,2656,78,Q 9,6,4,6 4 6 Q,26,1,0,0,net_win,1.0,1355,28.5
2656,27,Basic,2657,78,5 K,9,K,9 K,19,1,0,0,net_loss,-1.0,1356,27.5
2657,27,Basic,2658,78,7 10,10,6,10 6 2,18,1,0,0,net_loss,-1.0,1357,26.5
2658,27,Basic,2659,78,6 10,5,A,5 A 7 3 8,24,1,0,0,net_win,1.0,1358,27.5
2659,27,Basic,2660,78,Q 3,9,7,9 7 4,20,1,0,0,net_loss,-1.0,1359,26.5
2660,27,Basic,2661,78,A 10,6,A,6 A,17,1,0,0,player_blackjack,1.5,1360,28.0
2661,27,Basic,2662,78,J 7,8,J,8 J,18,1,0,0,net_loss,-1.0,1361,27.0
2662,27,Basic,2663,78,2 J,5,2,5 2 9 A,17,1,0,0,net_loss,-1.0,1362,26.0
2663,27,Basic,2664,78,A 8,9,J,9 J,19,1,0,0,net_push,0.0,1363,26.0
2664,27,Basic,2665,78,3 7,4,K,4 K 5,19,1,0,1,net_win,2.0,1364,28.0
2665,27,Basic,2666,78,5 J,5,4,5 4 6 J,25,1,0,0,net_win,1.0,1365,29.0
2666,27,Basic,2667,78,7 K,9,Q,9 Q,19,1,0,0,net_loss,-1.0,1366,28.0
2667,27,Basic,2668,78,3 Q,3,J,3 J 5,18,1,0,0,net_loss,-1.0,1367,27.0
2668,27,Basic,2669,78,K 4,9,Q,9 Q,19,1,0,0,net_win,1.0,1368,28.0
2669,27,Basic,2670,78,3 Q,2,3,2 3 6 9,20,1,0,0,net_loss,-1.0,1369,27.0
2670,27,Basic,2671,78,J 7,K,8,K 8,18,1,0,0,net_loss,-1.0,1370,26.0
2671,27,Basic,2672,78,5 8,5,7,5 7 4 Q,26,1,0,0,net_win,1.0,1371,27.0
2672,27,Basic,2673,78,6 2,J,4,J 4 4,18,1,0,0,net_win,1.0,1372,28.0
2673,27,Basic,2674,78,5 2,Q,6,Q 6 8,24,1,0,0,net_win,1.0,1373,29.0
2674,27,Basic,2675,78,3 Q,K,6,K 6 8,24,1,0,0,net_win,1.0,1374,30.0
2675,27,Basic,2676,78,2 J,K,Q,K Q,20,1,0,0,net_loss,-1.0,1375,29.0
2676,27,Basic,2677,78,Q J,K,4,K 4 8,22,1,0,0,net_win,1.0,1376,30.0
2677,27,Basic,2678,78,2 Q,K,8,K 8,18,1,0,0,net_loss,-1.0,1377,29.0
2678,27,Basic,2679,78,J 9,A,7,A 7,18,1,0,0,net_win,1.0,1378,30.0
2679,27,Basic,2680,78,J 8,Q,9,Q 9,19,1,0,0,net_loss,-1.0,1379,29.0
2680,27,Basic,2681,78,K J,10,K,10 K,20,1,0,0,net_push,0.0,1380,29.0
2681,27,Basic,2682,78,4 3,7,2,7 2 6 Q,25,1,0,0,net_win,1.0,1381,30.0
2682,27,Basic,2683,78,4 K,A,J,A J,21,1,0,0,dealer_blackjack,-1.0,1382,29.0
2683,27,Basic,2684,78,4 8,7,9,7 9 8,24,1,0,0,net_win,1.0,1383,30.0
2684,27,Basic,2685,78,Q 5,Q,7,Q 7,17,1,0,0,net_loss,-1.0,1384,29.0
2685,27,Basic,2686,78,4 6,K,3,K 3 2 2,17,1,0,0,net_win,1.0,1385,30.0
2686,27,Basic,2687,78,7 6,2,6,2 6 3 J,21,1,0,0,net_loss,-1.0,1386,29.0
2687,27,Basic,2688,78,5 2,K,8,K 8,18,1,0,0,net_win,1.0,1387,30.0
2688,27,Basic,2689,78,7 2,K,A,K A,21,1,0,0,dealer_blackjack,-1.0,1388,29.0
2689,27,Basic,2690,78,3 Q,10,K,10 K,20,1,0,0,net_loss,-1.0,1389,28.0
2690,27,Basic,2691,78,10 8,5,A,5 A Q 5,21,1,0,0,net_loss,-1.0,1390,27.0
2691,27,Basic,2692,78,J 6,5,9,5 9 10,24,1,0,0,net_win,1.0,1391,28.0
2692,27,Basic,2693,78,Q 2,4,6,4 6 A,21,1,0,0,net_loss,-1.0,1392,27.0
2693,27,Basic,2694,78,7 J,5,3,5 3 K,18,1,0,0,net_loss,-1.0,1393,26.0
2694,27,Basic,2695,78,5 6,Q,10,Q 10,20,1,0,1,net_loss,-2.0,1394,24.0
2695,27,Basic,2696,78,3 Q,4,4,4 4 10,18,1,0,0,net_loss,-1.0,1395,23.0
2696,27,Basic,2697,78,8 J,4,Q,4 Q 10,24,1,0,0,net_win,1.0,1396,24.0
2697,27,Basic,2698,78,9 Q,9,J,9 J,19,1,0,0,net_push,0.0,1397,24.0
2698,27,Basic,2699,78,10 Q,7,5,7 5 5,17,1,0,0,net_win,1.0,1398,25.0
2699,27,Basic,2700,78,4 8,K,A,K A,21,1,0,0,dealer_blackjack,-1.0,1399,24.0
2700,27,Basic,2701,78,Q 6,Q,K,Q K,20,1,0,0,net_loss,-1.0,1400,23.0
2701,28,Simplified,2702,78,K 8,3,10,3 10 K,23,1,0,0,net_win,1.0,1301,-94.5
2702,28,Simplified,2703,78,8 J,10,K,10 K,20,1,0,0,net_loss,-1.0,1302,-95.5
2703,28,Simplified,2704,78,10 2,8,4,8 4 7,19,1,0,0,net_loss,-1.0,1303,-96.5
2704,28,Simplified,2705,78,5 10,6,9,6 9 10,25,1,0,0,net_win,1.0,1304,-95.5
2705,28,Simplified,2706,78,10 A,2,2,2 2,4,1,0,0,player_blackjack,1.5,1305,-94.0
2706,28,Simplified,2707,78,10 4,Q,2,Q 2 Q,22,1,0,0,net_win,1.0,1306,-93.0
2707,28,Simplified,2708,78,K J,3,7,3 7 5 K,25,1,0,0,net_win,1.0,1307,-92.0
2708,28,Simplified,2709,78,9 5,8,9,8 9,17,1,0,0,net_loss,-1.0,1308,-93.0
2709,28,Simplified,2710,78,9 8,4,9,4 9 K,23,1,0,0,net_win,1.0,1309,-92.0
2710,28,Simplified,2711,78,A J,7,3,7 3,10,1,0,0,player_blackjack,1.5,1310,-90.5
2711,28,Simplified,2712,78,A 3,K,2,K 2 K,22,1,0,0,net_win,1.0,1311,-89.5
2712,28,Simplified,2713,78,2 3,5,8,5 8 K,23,1,0,0,net_win,1.0,1312,-88.5
2713,28,Simplified,2714,78,K A,J,7,J 7,17,1,0,0,player_blackjack,1.5,1313,-87.0
2714,28,Simplified,2715,78,10 Q,A,J,A J,21,1,0,0,dealer_blackjack,-1.0,1314,-88.0
2715,28,Simplified,2716,78,10 2,10,4,10 4 A 9,24,1,0,0,net_win,1.0,1315,-87.0
2716,28,Simplified,2717,78,10 A,7,4,7 4,11,1,0,0,player_blackjack,1.5,1316,-85.5
2717,28,Simplified,2718,78,3 5,8,9,8 9,17,1,0,0,net_loss,-1.0,1317,-86.5
2718,28,Simplified,2719,78,2 10,9,J,9 J,19,1,0,0,net_loss,-1.0,1318,-87.5
2719,28,Simplified,2720,78,7 K,6,A,6 A,17,1,0,0,net_push,0.0,1319,-87.5
2720,28,Simplified,2721,78,10 9,8,J,8 J,18,1,0,0,net_win,1.0,1320,-86.5
2721,28,Simplified,2722,78,Q 3,J,10,J 10,20,1,0,0,net_loss,-1.0,1321,-87.5
2722,28,Simplified,2723,78,6 3,4,2,4 2 3 Q,19,1,0,0,net_loss,-1.0,1322,-88.5
2723,28,Simplified,2724,78,4 7,10,Q,10 Q,20,1,0,0,net_loss,-1.0,1323,-89.5
2724,28,Simplified,2725,78,5 4,8,2,8 2 5 4,19,1,0,0,net_push,0.0,1324,-89.5
2725,28,Simplified,2726,78,8 Q,3,7,3 7 6 A,17,1,0,0,net_win,1.0,1325,-88.5
2726,28,Simplified,2727,78,10 4,7,4,7 4 A 8,20,1,0,0,net_loss,-1.0,1326,-89.5
2727,28,Simplified,2728,78,4 3,5,Q,5 Q A 7,23,1,0,0,net_win,1.0,1327,-88.5
2728,28,Simplified,2729,78,9 A,5,5,5 5 6 A,17,1,0,0,net_win,1.0,1328,-87.5
2729,28,Simplified,2730,78,6 K,K,A,K A,21,1,0,0,dealer_blackjack,-1.0,1329,-88.5
2730,28,Simplified,2731,78,3 A,3,7,3 7 2 J,22,1,0,0,net_win,1.0,1330,-87.5
2731,28,Simplified,2732,78,K K,J,10,J 10,20,1,0,0,net_push,0.0,1331,-87.5
2732,28,Simplified,2733,78,9 3,3,10,3 10 7,20,1,0,0,net_loss,-1.0,1332,-88.5
2733,28,Simplified,2734,78,Q 6,J,A,J A,21,1,0,0,dealer_blackjack,-1.0,1333,-89.5
2734,28,Simplified,2735,78,5 10,6,2,6 2 3 10,21,1,0,0,net_loss,-1.0,1334,-90.5
2735,28,Simplified,2736,78,A 7,A,2,A 2 3 4,20,1,0,0,net_loss,-1.0,1335,-91.5
2736,28,Simplified,2737,78,3 K,4,J,4 J 4,18,1,0,0,net_loss,-1.0,1336,-92.5
2737,28,Simplified,2738,78,4 K,2,10,2 10 2 8,22,1,0,0,net_win,1.0,1337,-91.5
2738,28,Simplified,2739,78,6 5,A,J,A J,21,1,0,0,dealer_blackjack,-1.0,1338,-92.5
2739,28,Simplified,2740,78,A 4,4,J,4 J 6,20,1,0,0,net_loss,-1.0,1339,-93.5
2740,28,Simplified,2741,78,4 K,7,A,7 A,18,1,0,0,net_loss,-1.0,1340,-94.5
2741,28,Simplified,2742,78,10 4,Q,9,Q 9,19,1,0,0,net_loss,-1.0,1341,-95.5
2742,28,Simplified,2743,78,4 J,A,9,A 9,20,1,0,0,net_loss,-1.0,1342,-96.5
2743,28,Simplified,2744,78,6 Q,Q,2,Q 2 5,17,1,0,0,net_loss,-1.0,1343,-97.5
2744,28,Simplified,2745,78,3 J,5,7,5 7 8,20,1,0,0,net_loss,-1.0,1344,-98.5
2745,28,Simplified,2746,78,K K,J,4,J 4 8,22,1,0,0,net_win,1.0,1345,-97.5
2746,28,Simplified,2747,78,6 5,Q,K,Q K,20,1,0,0,net_loss,-1.0,1346,-98.5
2747,28,Simplified,2748,78,A Q,2,9,2 9,11,1,0,0,player_blackjack,1.5,1347,-97.0
2748,28,Simplified,2749,78,K A,3,2,3 2,5,1,0,0,player_blackjack,1.5,1348,-95.5
2749,28,Simplified,2750,78,7 5,Q,3,Q 3 5,18,1,0,0,net_loss,-1.0,1349,-96.5
2750,28,Simplified,2751,78,2 5,K,7,K 7,17,1,0,0,net_push,0.0,1350,-96.5
2751,28,Simplified,2752,78,10 8,Q,3,Q 3 A K,24,1,0,0,net_win,1.0,1351,-95.5
2752,28,Simplified,2753,78,J 6,K,K,K K,20,1,0,0,net_loss,-1.0,1352,-96.5
2753,28,Simplified,2754,78,9 J,5,5,5 5 6 4,20,1,0,0,net_loss,-1.0,1353,-97.5
2754,28,Simplified,2755,78,7 3,A,2,A 2 K 7,20,1,0,0,net_push,0.0,1354,-97.5
2755,28,Simplified,2756,78,Q 9,Q,7,Q 7,17,1,0,0,net_win,1.0,1355,-96.5
2756,28,Simplified,2757,78,6 5,K,K,K K,20,1,0,0,net_loss,-1.0,1356,-97.5
2757,28,Simplified,2758,78,10 9,9,8,9 8,17,1,0,0,net_win,1.0,1357,-96.5
2758,28,Simplified,2759,78,4 10,6,7,6 7 J,23,1,0,0,net_win,1.0,1358,-95.5
2759,28,Simplified,2760,78,J 2,J,Q,J Q,20,1,0,0,net_loss,-1.0,1359,-96.5
2760,28,Simplified,2761,78,3 4,6,2,6 2 3 10,21,1,0,0,net_loss,-1.0,1360,-97.5
2761,28,Simplified,2762,78,8 7,8,A,8 A,19,1,0,0,net_loss,-1.0,1361,-98.5
2762,28,Simplified,2763,78,5 10,5,Q,5 Q 3,18,1,0,0,net_loss,-1.0,1362,-99.5
2763,28,Simplified,2764,78,10 3,10,K,10 K,20,1,0,0,net_loss,-1.0,1363,-100.5
2764,28,Simplified,2765,78,8 3,J,K,J K,20,1,0,0,net_loss,-1.0,1364,-101.5
2765,28,Simplified,2766,78,A K,2,9,2 9,11,1,0,0,player_blackjack,1.5,1365,-100.0
2766,28,Simplified,2767,78,10 6,2,J,2 J 7,19,1,0,0,net_loss,-1.0,1366,-101.0
2767,28,Simplified,2768,78,2 4,2,5,2 5 6 7,20,1,0,0,net_loss,-1.0,1367,-102.0
2768,28,Simplified,2769,78,5 Q,8,2,8 2 4 9,23,1,0,0,net_win,1.0,1368,-101.0
2769,28,Simplified,2770,78,2 J,6,7,6 7 7,20,1,0,0,net_loss,-1.0,1369,-102.0
2770,28,Simplified,2771,78,2 Q,2,K,2 K J,22,1,0,0,net_win,1.0,1370,-101.0
2771,28,Simplified,2772,78,3 7,8,Q,8 Q,18,1,0,0,net_win,1.0,1371,-100.0
2772,28,Simplified,2773,78,3 4,2,Q,2 Q 2 7,21,1,0,0,net_loss,-1.0,1372,-101.0
2773,28,Simplified,2774,78,10 7,J,5,J 5 5,20,1,0,0,net_loss,-1.0,1373,-102.0
2774,28,Simplified,2775,78,Q A,6,3,6 3,9,1,0,0,player_blackjack,1.5,1374,-100.5
2775,28,Simplified,2776,78,5 3,6,2,6 2 7 J,25,1,0,0,net_win,1.0,1375,-99.5
2776,28,Simplified,2777,78,2 2,6,J,6 J 6,22,1,0,0,net_win,1.0,1376,-98.5
2777,28,Simplified,2778,78,Q 3,K,J,K J,20,1,0,0,net_loss,-1.0,1377,-99.5
2778,28,Simplified,2779,78,K 7,2,10,2 10 J,22,1,0,0,net_win,1.0,1378,-98.5
2779,28,Simplified,2780,78,3 8,9,4,9 4 7,20,1,0,0,net_loss,-1.0,1379,-99.5
2780,28,Simplified,2781,78,2 9,6,A,6 A,17,1,0,0,net_win,1.0,1380,-98.5
2781,28,Simplified,2782,78,10 9,A,J,A J,21,1,0,0,dealer_blackjack,-1.0,1381,-99.5
2782,28,Simplified,2783,78,J 10,7,Q,7 Q,17,1,0,0,net_win,1.0,1382,-98.5
2783,28,Simplified,2784,78,J 7,6,2,6 2 9,17,1,0,0,net_push,0.0,1383,-98.5
2784,28,Simplified,2785,78,3 3,4,10,4 10 5,19,1,0,0,net_loss,-1.0,1384,-99.5
2785,28,Simplified,2786,78,5 2,5,Q,5 Q A 4,20,1,0,0,net_loss,-1.0,1385,-100.5
2786,28,Simplified,2787,78,3 J,7,3,7 3 4 3,17,1,0,0,net_loss,-1.0,1386,-101.5
2787,28,Simplified,2788,78,J 4,4,9,4 9 Q,23,1,0,0,net_win,1.0,1387,-100.5
2788,28,Simplified,2789,78,K 6,8,3,8 3 A 10,22,1,0,0,net_win,1.0,1388,-99.5
2789,28,Simplified,2790,78,K K,3,2,3 2 Q 10,25,1,0,0,net_win,1.0,1389,-98.5
2790,28,Simplified,2791,78,7 A,K,K,K K,20,1,0,0,net_loss,-1.0,1390,-99.5
2791,28,Simplified,2792,78,2 K,10,6,10 6 5,21,1,0,0,net_loss,-1.0,1391,-100.5
2792,28,Simplified,2793,78,6 2,K,J,K J,20,1,0,0,net_loss,-1.0,1392,-101.5
2793,28,Simplified,2794,78,K Q,8,K,8 K,18,1,0,0,net_win,1.0,1393,-100.5
2794,28,Simplified,2795,78,8 J,Q,A,Q A,21,1,0,0,dealer_blackjack,-1.0,1394,-101.5
2795,28,Simplified,2796,78,6 7,5,7,5 7 6,18,1,0,0,net_loss,-1.0,1395,-102.5
2796,28,Simplified,2797,78,A 6,9,J,9 J,19,1,0,0,net_loss,-1.0,1396,-103.5
2797,28,Simplified,2798,78,7 5,2,2,2 2 J 3,17,1,0,0,net_loss,-1.0,1397,-104.5
2798,28,Simplified,2799,78,K 4,Q,2,Q 2 10,22,1,0,0,net_win,1.0,1398,-103.5
2799,28,Simplified,2800,78,Q 5,Q,9,Q 9,19,1,0,0,net_loss,-1.0,1399,-104.5
2800,28,Simplified,2801,78,5 7,5,10,5 10 5,20,1,0,0,net_loss,-1.0,1400,-105.5
2801,29,Basic,2802,78,10 5,Q,Q,Q Q,20,1,0,0,net_loss,-1.0,1401,22.0
2802,29,Basic,2803,78,3 K,4,4,4 4 K,18,1,0,0,net_loss,-1.0,1402,21.0
2803,29,Basic,2804,78,7 Q,10,5,10 5 A 8,24,1,0,0,net_win,1.0,1403,22.0
2804,29,Basic,2805,78,Q J,Q,6,Q 6 5,21,1,0,0,net_loss,-1.0,1404,21.0
2805,29,Basic,2806,78,3 10,J,9,J 9,19,1,0,0,net_loss,-1.0,1405,20.0
2806,29,Basic,2807,78,6 4,A,3,A 3,14,1,0,0,net_loss,-1.0,1406,19.0
2807,29,Basic,2808,78,10 6,3,7,3 7 9,19,1,0,0,net_loss,-1.0,1407,18.0
2808,29,Basic,2809,78,9 3,9,7,9 7,16,1,0,0,net_loss,-1.0,1408,17.0
2809,29,Basic,2810,78,10 J,10,Q,10 Q,20,1,0,0,net_push,0.0,1409,17.0
2810,29,Basic,2811,78,6 6,5,8,5 8 7,20,2,1,1,net_loss,-3.0,1410,14.0
2811,29,Basic,2812,78,4 5,4,A,4 A 9 8,22,1,0,1,net_win,2.0,1411,16.0
2812,29,Basic,2813,78,4 9,10,10,10 10,20,1,0,0,net_loss,-1.0,1412,15.0
2813,29,Basic,2814,78,7 9,8,Q,8 Q,18,1,0,0,net_loss,-1.0,1413,14.0
2814,29,Basic,2815,78,A A,J,J,J J,20,2,1,0,net_push,0.0,1414,14.0
2815,29,Basic,2816,78,10 9,6,5,6 5 2 A J,24,1,0,0,net_win,1.0,1415,15.0
2816,29,Basic,2817,78,4 3,4,8,4 8 J,22,1,0,0,net_win,1.0,1416,16.0
2817,29,Basic,2818,78,10 6,J,8,J 8,18,1,0,0,net_loss,-1.0,1417,15.0
2818,29,Basic,2819,78,6 A,Q,A,Q A,21,1,0,0,dealer_blackjack,-1.0,1418,14.0
2819,29,Basic,2820,78,5 A,10,3,10 3,13,1,0,0,net_loss,-1.0,1419,13.0
2820,29,Basic,2821,78,6 Q,6,3,6 3 7 A,17,1,0,0,net_loss,-1.0,1420,12.0
2821,29,Basic,2822,78,2 3,J,6,J 6 8,24,1,0,0,net_win,1.0,1421,13.0
2822,29,Basic,2823,78,9 7,3,6,3 6 7 A,17,1,0,0,net_loss,-1.0,1422,12.0
2823,29,Basic,2824,78,Q 5,6,9,6 9 7,22,1,0,0,net_win,1.0,1423,13.0
2824,29,Basic,2825,78,2 J,4,10,4 10 8,22,1,0,0,net_win,1.0,1424,14.0
2825,29,Basic,2826,78,9 6,7,9,7 9,16,1,0,0,net_loss,-1.0,1425,13.0
2826,29,Basic,2827,78,9 Q,8,K,8 K,18,1,0,0,net_win,1.0,1426,14.0
2827,29,Basic,2828,78,6 7,7,5,7 5 10,22,1,0,0,net_win,1.0,1427,15.0
2828,29,Basic,2829,78,2 A,10,7,10 7,17,1,0,0,net_win,1.0,1428,16.0
2829,29,Basic,2830,78,3 3,2,4,2 4 10 J,26,2,1,0,net_win,2.0,1429,18.0
2830,29,Basic,2831,78,Q 8,4,6,4 6 3 9,22,1,0,0,net_win,1.0,1430,19.0
2831,29,Basic,2832,78,6 4,4,5,4 5 7 4,20,1,0,1,net_push,0.0,1431,19.0
2832,29,Basic,2833,78,2 10,A,6,A 6,17,1,0,0,net_push,0.0,1432,19.0
2833,29,Basic,2834,78,K A,3,6,3 6,9,1,0,0,player_blackjack,1.5,1433,20.5
2834,29,Basic,2835,78,2 6,J,9,J 9,19,1,0,0,net_loss,-1.0,1434,19.5
2835,29,Basic,2836,78,Q A,K,Q,K Q,20,1,0,0,player_blackjack,1.5,1435,21.0
2836,29,Basic,2837,78,K 5,Q,2,Q 2,12,1,0,0,net_loss,-1.0,1436,20.0
2837,29,Basic,2838,78,5 3,5,6,5 6 K,21,1,0,0,net_loss,-1.0,1437,19.0
2838,29,Basic,2839,78,9 J,10,9,10 9,19,1,0,0,net_push,0.0,1438,19.0
2839,29,Basic,2840,78,Q 6,3,6,3 6 7 9,25,1,0,0,net_win,1.0,1439,20.0
2840,29,Basic,2841,78,K 7,6,4,6 4 J,20,1,0,0,net_loss,-1.0,1440,19.0
2841,29,Basic,2842,78,2 3,2,7,2 7 J,19,1,0,0,net_loss,-1.0,1441,18.0
2842,29,Basic,2843,78,J 5,2,10,2 10 Q,22,1,0,0,net_win,1.0,1442,19.0
2843,29,Basic,2844,78,J 10,7,9,7 9 2,18,1,0,0,net_win,1.0,1443,20.0
2844,29,Basic,2845,78,2 J,5,9,5 9 7,21,1,0,0,net_loss,-1.0,1444,19.0
2845,29,Basic,2846,78,A 5,4,K,4 K 7,21,1,0,1,net_loss,-2.0,1445,17.0
2846,29,Basic,2847,78,2 3,9,K,9 K,19,1,0,0,net_loss,-1.0,1446,16.0
2847,29,Basic,2848,78,10 10,K,8,K 8,18,1,0,0,net_win,1.0,1447,17.0
2848,29,Basic,2849,78,3 9,3,K,3 K,13,1,0,0,net_loss,-1.0,1448,16.0
2849,29,Basic,2850,78,6 2,J,Q,J Q,20,1,0,0,net_loss,-1.0,1449,15.0
2850,29,Basic,2851,78,4 3,10,A,10 A,21,1,0,0,dealer_blackjack,-1.0,1450,14.0
2851,29,Basic,2852,78,2 8,Q,6,Q 6 5,21,1,0,0,net_loss,-1.0,1451,13.0
2852,29,Basic,2853,78,3 6,4,3,4 3 4 K,21,1,0,1,net_loss,-2.0,1452,11.0
2853,29,Basic,2854,78,J 5,A,J,A J,21,1,0,0,dealer_blackjack,-1.0,1453,10.0
2854,29,Basic,2855,78,7 3,9,K,9 K,19,1,0,1,net_loss,-2.0,1454,8.0
2855,29,Basic,2856,78,2 10,9,10,9 10,19,1,0,0,net_win,1.0,1455,9.0
2856,29,Basic,2857,78,3 8,Q,6,Q 6 2,18,1,0,1,net_win,2.0,1456,11.0
2857,29,Basic,2858,78,4 5,5,2,5 2 7 10,24,1,0,1,net_win,2.0,1457,13.0
2858,29,Basic,2859,78,Q 3,3,K,3 K 10,23,1,0,0,net_win,1.0,1458,14.0
2859,29,Basic,2860,78,3 3,J,8,J 8,18,1,0,0,net_loss,-1.0,1459,13.0
2860,29,Basic,2861,78,4 7,9,6,9 6 4,19,1,0,1,net_win,2.0,1460,15.0
2861,29,Basic,2862,78,K J,2,7,2 7 7 2,18,1,0,0,net_win,1.0,1461,16.0
2862,29,Basic,2863,78,6 8,3,9,3 9 2 J,24,1,0,0,net_win,1.0,1462,17.0
2863,29,Basic,2864,78,5 7,8,Q,8 Q,18,1,0,0,net_push,0.0,1463,17.0
2864,29,Basic,2865,78,8 9,2,3,2 3 10 Q,25,1,0,0,net_win,1.0,1464,18.0
2865,29,Basic,2866,78,3 7,A,9,A 9,20,1,0,0,net_push,0.0,1465,18.0
2866,29,Basic,2867,78,9 4,K,K,K K,20,1,0,0,net_loss,-1.0,1466,17.0
2867,29,Basic,2868,78,A 4,5,K,5 K K,25,1,0,1,net_win,2.0,1467,19.0
2868,29,Basic,2869,78,6 6,3,K,3 K Q,23,2,1,0,net_win,2.0,1468,21.0
2869,29,Basic,2870,78,4 5,6,5,6 5 K,21,1,0,1,net_loss,-2.0,1469,19.0
2870,29,Basic,2871,78,K A,5,10,5 10,15,1,0,0,player_blackjack,1.5,1470,20.5
2871,29,Basic,2872,78,7 2,J,3,J 3,13,1,0,0,net_loss,-1.0,1471,19.5
2872,29,Basic,2873,78,Q 8,7,A,7 A,18,1,0,0,net_push,0.0,1472,19.5
2873,29,Basic,2874,78,Q A,Q,K,Q K,20,1,0,0,player_blackjack,1.5,1473,21.0
2874,29,Basic,2875,78,5 8,10,A,10 A,21,1,0,0,dealer_blackjack,-1.0,1474,20.0
2875,29,Basic,2876,78,9 K,9,4,9 4 10,23,1,0,0,net_win,1.0,1475,21.0
2876,29,Basic,2877,78,J A,8,K,8 K,18,1,0,0,player_blackjack,1.5,1476,22.5
2877,29,Basic,2878,78,Q A,9,8,9 8,17,1,0,0,player_blackjack,1.5,1477,24.0
2878,29,Basic,2879,78,4 9,3,8,3 8 2 A 9,23,1,0,0,net_win,1.0,1478,25.0
2879,29,Basic,2880,78,6 6,10,2,10 2,12,1,0,0,net_loss,-1.0,1479,24.0
2880,29,Basic,2881,78,J 3,4,K,4 K 9,23,1,0,0,net_win,1.0,1480,25.0
2881,29,Basic,2882,78,Q 7,9,Q,9 Q,19,1,0,0,net_loss,-1.0,1481,24.0
2882,29,Basic,2883,78,J 2,3,8,3 8 A 5,17,1,0,0,net_win,1.0,1482,25.0
2883,29,Basic,2884,78,3 2,5,K,5 K 7,22,1,0,0,net_win,1.0,1483,26.0
2884,29,Basic,2885,78,8 8,7,9,7 9 7,23,2,1,0,net_push,0.0,1484,26.0
2885,29,Basic,2886,78,7 4,10,4,10 4 A 3,18,1,0,1,net_win,2.0,1485,28.0
2886,29,Basic,2887,78,Q 10,J,K,J K,20,1,0,0,net_push,0.0,1486,28.0
2887,29,Basic,2888,78,A 2,J,5,J 5 10,25,1,0,0,net_win,1.0,1487,29.0
2888,29,Basic,2889,78,10 7,Q,6,Q 6 5,21,1,0,0,net_loss,-1.0,1488,28.0
2889,29,Basic,2890,78,8 5,3,2,3 2 10 4,19,1,0,0,net_loss,-1.0,1489,27.0
2890,29,Basic,2891,78,3 J,5,3,5 3 8 6,22,1,0,0,net_win,1.0,1490,28.0
2891,29,Basic,2892,78,9 Q,10,2,10 2 7,19,1,0,0,net_push,0.0,1491,28.0
2892,29,Basic,2893,78,3 9,8,4,8 4 8,20,1,0,0,net_win,1.0,1492,29.0
2893,29,Basic,2894,78,6 10,10,7,10 7,17,1,0,0,net_win,1.0,1493,30.0
2894,29,Basic,2895,78,3 8,10,3,10 3 6,19,1,0,1,net_win,2.0,1494,32.0
2895,29,Basic,2896,78,Q A,9,5,9 5,14,1,0,0,player_blackjack,1.5,1495,33.5
2896,29,Basic,2897,78,8 5,9,A,9 A,20,1,0,0,net_loss,-1.0,1496,32.5
2897,29,Basic,2898,78,4 5,5,A,5 A 2,18,1,0,1,net_win,2.0,1497,34.5
2898,29,Basic,2899,78,A 4,A,2,A 2 K 6,19,1,0,0,net_win,1.0,1498,35.5
2899,29,Basic,2900,78,A A,Q,J,Q J,20,2,1,0,net_push,0.0,1499,35.5
2900,29,Basic,2901,78,A A,4,5,4 5 9,18,2,1,0,net_win,2.0,1500,37.5
2901,30,Simplified,2902,78,9 4,2,3,2 3 6 3 Q,24,1,0,0,net_win,1.0,1401,-104.5
2902,30,Simplified,2903,78,Q 7,8,4,8 4 A 3 9,25,1,0,0,net_win,1.0,1402,-103.5
2903,30,Simplified,2904,78,J 10,10,Q,10 Q,20,1,0,0,net_push,0.0,1403,-103.5
2904,30,Simplified,2905,78,Q 4,6,5,6 5 6,17,1,0,0,net_loss,-1.0,1404,-104.5
2905,30,Simplified,2906,78,A 5,K,J,K J,20,1,0,0,net_loss,-1.0,1405,-105.5
2906,30,Simplified,2907,78,3 5,2,2,2 2 5 7 A,17,1,0,0,net_loss,-1.0,1406,-106.5
2907,30,Simplified,2908,78,5 7,2,9,2 9 9,20,1,0,0,net_loss,-1.0,1407,-107.5
2908,30,Simplified,2909,78,7 10,10,7,10 7,17,1,0,0,net_push,0.0,1408,-107.5
2909,30,Simplified,2910,78,9 9,9,3,9 3 4 8,24,1,0,0,net_win,1.0,1409,-106.5
2910,30,Simplified,2911,78,Q 3,5,4,5 4 10,19,1,0,0,net_loss,-1.0,1410,-107.5
2911,30,Simplified,2912,78,5 Q,K,K,K K,20,1,0,0,net_loss,-1.0,1411,-108.5
2912,30,Simplified,2913,78,4 9,2,6,2 6 10,18,1,0,0,net_loss,-1.0,1412,-109.5
2913,30,Simplified,2914,78,J J,5,5,5 5 Q,20,1,0,0,net_push,0.0,1413,-109.5
2914,30,Simplified,2915,78,3 9,4,Q,4 Q 6,20,1,0,0,net_loss,-1.0,1414,-110.5
2915,30,Simplified,2916,78,Q 3,J,7,J 7,17,1,0,0,net_loss,-1.0,1415,-111.5
2916,30,Simplified,2917,78,5 Q,5,8,5 8 J,23,1,0,0,net_win,1.0,1416,-110.5
2917,30,Simplified,2918,78,Q Q,10,5,10 5 A 7,23,1,0,0,net_win,1.0,1417,-109.5
2918,30,Simplified,2919,78,7 J,5,J,5 J A 9,25,1,0,0,net_win,1.0,1418,-108.5
2919,30,Simplified,2920,78,10 4,J,8,J 8,18,1,0,0,net_loss,-1.0,1419,-109.5
2920,30,Simplified,2921,78,K 5,A,3,A 3 2 10 7,23,1,0,0,net_win,1.0,1420,-108.5
2921,30,Simplified,2922,78,K 9,2,8,2 8 2 Q,22,1,0,0,net_win,1.0,1421,-107.5
2922,30,Simplified,2923,78,4 A,6,8,6 8 A 7,22,1,0,0,net_win,1.0,1422,-106.5
2923,30,Simplified,2924,78,7 5,4,6,4 6 10,20,1,0,0,net_loss,-1.0,1423,-107.5
2924,30,Simplified,2925,78,K 7,4,Q,4 Q 2 A,17,1,0,0,net_push,0.0,1424,-107.5
2925,30,Simplified,2926,78,3 7,6,7,6 7 7,20,1,0,0,net_loss,-1.0,1425,-108.5
2926,30,Simplified,2927,78,4 3,5,10,5 10 Q,25,1,0,0,net_win,1.0,1426,-107.5
2927,30,Simplified,2928,78,A K,Q,J,Q J,20,1,0,0,player_blackjack,1.5,1427,-106.0
2928,30,Simplified,2929,78,9 A,K,3,K 3 6,19,1,0,0,net_win,1.0,1428,-105.0
2929,30,Simplified,2930,78,8 J,K,3,K 3 6,19,1,0,0,net_loss,-1.0,1429,-106.0
2930,30,Simplified,2931,78,2 K,5,A,5 A 8 9,23,1,0,0,net_win,1.0,1430,-105.0
2931,30,Simplified,2932,78,K 4,10,4,10 4 4,18,1,0,0,net_loss,-1.0,1431,-106.0
2932,30,Simplified,2933,78,Q 4,6,J,6 J 9,25,1,0,0,net_win,1.0,1432,-105.0
2933,30,Simplified,2934,78,8 9,7,A,7 A,18,1,0,0,net_loss,-1.0,1433,-106.0
2934,30,Simplified,2935,78,8 K,4,5,4 5 Q,19,1,0,0,net_loss,-1.0,1434,-107.0
2935,30,Simplified,2936,78,6 9,2,J,2 J J,22,1,0,0,net_win,1.0,1435,-106.0
2936,30,Simplified,2937,78,J A,A,8,A 8,19,1,0,0,player_blackjack,1.5,1436,-104.5
2937,30,Simplified,2938,78,6 9,5,10,5 10 4,19,1,0,0,net_loss,-1.0,1437,-105.5
2938,30,Simplified,2939,78,10 2,3,6,3 6 K,19,1,0,0,net_loss,-1.0,1438,-106.5
2939,30,Simplified,2940,78,J J,6,A,6 A,17,1,0,0,net_win,1.0,1439,-105.5
2940,30,Simplified,2941,78,7 7,9,A,9 A,20,1,0,0,net_loss,-1.0,1440,-106.5
2941,30,Simplified,2942,78,5 10,7,5,7 5 3 8,23,1,0,0,net_win,1.0,1441,-105.5
2942,30,Simplified,2943,78,J 2,A,A,A A 10 5,17,1,0,0,net_loss,-1.0,1442,-106.5
2943,30,Simplified,2944,78,A Q,6,J,6 J,16,1,0,0,player_blackjack,1.5,1443,-105.0
2944,30,Simplified,2945,78,10 J,8,4,8 4 7,19,1,0,0,net_win,1.0,1444,-104.0
2945,30,Simplified,2946,78,9 10,A,7,A 7,18,1,0,0,net_win,1.0,1445,-103.0
2946,30,Simplified,2947,78,9 Q,6,7,6 7 7,20,1,0,0,net_loss,-1.0,1446,-104.0
2947,30,Simplified,2948,78,A 5,Q,6,Q 6 2,18,1,0,0,net_win,1.0,1447,-103.0
2948,30,Simplified,2949,78,7 4,4,2,4 2 6 A 6,19,1,0,0,net_win,1.0,1448,-102.0
2949,30,Simplified,2950,78,4 A,Q,9,Q 9,19,1,0,0,net_loss,-1.0,1449,-103.0
2950,30,Simplified,2951,78,5 2,A,7,A 7,18,1,0,0,net_loss,-1.0,1450,-104.0
2951,30,Simplified,2952,78,A Q,6,A,6 A,17,1,0,0,player_blackjack,1.5,1451,-102.5
2952,30,Simplified,2953,78,7 7,10,3,10 3 4,17,1,0,0,net_loss,-1.0,1452,-103.5
2953,30,Simplified,2954,78,2 7,6,9,6 9 3,18,1,0,0,net_win,1.0,1453,-102.5
2954,30,Simplified,2955,78,K 2,10,6,10 6 7,23,1,0,0,net_win,1.0,1454,-101.5
2955,30,Simplified,2956,78,3 K,10,K,10 K,20,1,0,0,net_loss,-1.0,1455,-102.5
2956,30,Simplified,2957,78,5 5,7,K,7 K,17,1,0,0,net_win,1.0,1456,-101.5
2957,30,Simplified,2958,78,K 3,9,Q,9 Q,19,1,0,0,net_loss,-1.0,1457,-102.5
2958,30,Simplified,2959,78,7 Q,5,3,5 3 6 A 8,23,1,0,0,net_win,1.0,1458,-101.5
2959,30,Simplified,2960,78,7 10,8,A,8 A,19,1,0,0,net_loss,-1.0,1459,-102.5
2960,30,Simplified,2961,78,A 6,8,A,8 A,19,1,0,0,net_loss,-1.0,1460,-103.5
2961,30,Simplified,2962,78,K 4,K,2,K 2 7,19,1,0,0,net_loss,-1.0,1461,-104.5
2962,30,Simplified,2963,78,K 8,7,Q,7 Q,17,1,0,0,net_win,1.0,1462,-103.5
2963,30,Simplified,2964,78,A Q,10,A,10 A,21,1,0,0,push_blackjack,0.0,1463,-103.5
2964,30,Simplified,2965,78,Q A,A,10,A 10,21,1,0,0,push_blackjack,0.0,1464,-103.5
2965,30,Simplified,2966,78,8 4,4,2,4 2 2 10,18,1,0,0,net_loss,-1.0,1465,-104.5
2966,30,Simplified,2967,78,Q Q,Q,10,Q 10,20,1,0,0,net_push,0.0,1466,-104.5
2967,30,Simplified,2968,78,6 10,9,6,9 6 6,21,1,0,0,net_loss,-1.0,1467,-105.5
2968,30,Simplified,2969,78,K 3,9,9,9 9,18,1,0,0,net_loss,-1.0,1468,-106.5
2969,30,Simplified,2970,78,K 6,8,8,8 8 J,26,1,0,0,net_win,1.0,1469,-105.5
2970,30,Simplified,2971,78,J 6,9,9,9 9,18,1,0,0,net_loss,-1.0,1470,-106.5
2971,30,Simplified,2972,78,J 6,A,9,A 9,20,1,0,0,net_loss,-1.0,1471,-107.5
2972,30,Simplified,2973,78,K 9,5,A,5 A 2,18,1,0,0,net_win,1.0,1472,-106.5
2973,30,Simplified,2974,78,4 10,5,J,5 J 2,17,1,0,0,net_loss,-1.0,1473,-107.5
2974,30,Simplified,2975,78,Q 9,5,8,5 8 10,23,1,0,0,net_win,1.0,1474,-106.5
2975,30,Simplified,2976,78,3 9,2,K,2 K 10,22,1,0,0,net_win,1.0,1475,-105.5
2976,30,Simplified,2977,78,3 2,7,8,7 8 J,25,1,0,0,net_win,1.0,1476,-104.5
2977,30,Simplified,2978,78,K 3,2,5,2 5 8 A Q,26,1,0,0,net_win,1.0,1477,-103.5
2978,30,Simplified,2979,78,2 10,J,J,J J,20,1,0,0,net_loss,-1.0,1478,-104.5
2979,30,Simplified,2980,78,4 5,9,J,9 J,19,1,0,0,net_loss,-1.0,1479,-105.5
2980,30,Simplified,2981,78,Q J,6,Q,6 Q K,26,1,0,0,net_win,1.0,1480,-104.5
2981,30,Simplified,2982,78,A 8,3,8,3 8 A 4 8,24,1,0,0,net_win,1.0,1481,-103.5
2982,30,Simplified,2983,78,8 K,K,2,K 2 2 4,18,1,0,0,net_push,0.0,1482,-103.5
2983,30,Simplified,2984,78,4 10,Q,4,Q 4 4,18,1,0,0,net_loss,-1.0,1483,-104.5
2984,30,Simplified,2985,78,2 J,8,A,8 A,19,1,0,0,net_loss,-1.0,1484,-105.5
2985,30,Simplified,2986,78,J J,7,8,7 8 10,25,1,0,0,net_win,1.0,1485,-104.5
2986,30,Simplified,2987,78,5 K,4,2,4 2 5 K,21,1,0,0,net_loss,-1.0,1486,-105.5
2987,30,Simplified,2988,78,Q 6,A,10,A 10,21,1,0,0,dealer_blackjack,-1.0,1487,-106.5
2988,30,Simplified,2989,78,7 10,3,J,3 J 5,18,1,0,0,net_loss,-1.0,1488,-107.5
2989,30,Simplified,2990,78,6 7,9,5,9 5 3,17,1,0,0,net_loss,-1.0,1489,-108.5
2990,30,Simplified,2991,78,5 A,10,J,10 J,20,1,0,0,net_push,0.0,1490,-108.5
2991,30,Simplified,2992,78,2 4,4,3,4 3 7 7,21,1,0,0,net_loss,-1.0,1491,-109.5
2992,30,Simplified,2993,78,K 2,Q,10,Q 10,20,1,0,0,net_loss,-1.0,1492,-110.5
2993,30,Simplified,2994,78,8 J,7,Q,7 Q,17,1,0,0,net_win,1.0,1493,-109.5
2994,30,Simplified,2995,78,Q A,J,6,J 6,16,1,0,0,player_blackjack,1.5,1494,-108.0
2995,30,Simplified,2996,78,A A,5,6,5 6 K,21,1,0,0,net_loss,-1.0,1495,-109.0
2996,30,Simplified,2997,78,9 6,10,9,10 9,19,1,0,0,net_loss,-1.0,1496,-110.0
2997,30,Simplified,2998,78,A 8,K,7,K 7,17,1,0,0,net_win,1.0,1497,-109.0
2998,30,Simplified,2999,78,K 8,10,6,10 6 7,23,1,0,0,net_win,1.0,1498,-108.0
2999,30,Simplified,3000,78,10 6,3,K,3 K 7,20,1,0,0,net_loss,-1.0,1499,-109.0
3000,30,Simplified,3001,78,A K,3,K,3 K,13,1,0,0,player_blackjack,1.5,1500,-107.5
3001,31,Basic,3002,78,9 A,9,3,9 3 6,18,1,0,0,net_win,1.0,1501,38.5
3002,31,Basic,3003,78,3 2,4,J,4 J 2 10,26,1,0,0,net_win,1.0,1502,39.5
3003,31,Basic,3004,78,5 8,10,3,10 3 2 7,22,1,0,0,net_win,1.0,1503,40.5
3004,31,Basic,3005,78,7 2,2,Q,2 Q 6,18,1,0,0,net_win,1.0,1504,41.5
3005,31,Basic,3006,78,7 7,10,7,10 7,17,1,0,0,net_win,1.0,1505,42.5
3006,31,Basic,3007,78,4 7,5,K,5 K 6,21,1,0,1,net_loss,-2.0,1506,40.5
3007,31,Basic,3008,78,8 8,5,6,5 6 9,20,2,1,1,net_loss,-3.0,1507,37.5
3008,31,Basic,3009,78,A 8,5,9,5 9 4,18,1,0,0,net_win,1.0,1508,38.5
3009,31,Basic,3010,78,8 4,3,Q,3 Q 9,22,1,0,0,net_win,1.0,1509,39.5
3010,31,Basic,3011,78,Q 4,4,2,4 2 6 6,18,1,0,0,net_loss,-1.0,1510,38.5
3011,31,Basic,3012,78,2 A,Q,A,Q A,21,1,0,0,dealer_blackjack,-1.0,1511,37.5
3012,31,Basic,3013,78,10 J,8,8,8 8 3,19,1,0,0,net_win,1.0,1512,38.5
3013,31,Basic,3014,78,5 A,5,10,5 10 J,25,1,0,1,net_win,2.0,1513,40.5
3014,31,Basic,3015,78,8 2,A,Q,A Q,21,1,0,0,dealer_blackjack,-1.0,1514,39.5
3015,31,Basic,3016,78,6 6,4,8,4 8 A 9,22,2,1,1,net_win,3.0,1515,42.5
3016,31,Basic,3017,78,9 10,4,7,4 7 4 Q,25,1,0,0,net_win,1.0,1516,43.5
3017,31,Basic,3018,78,6 A,A,K,A K,21,1,0,0,dealer_blackjack,-1.0,1517,42.5
3018,31,Basic,3019,78,K 6,10,J,10 J,20,1,0,0,net_loss,-1.0,1518,41.5
3019,31,Basic,3020,78,5 8,A,9,A 9,20,1,0,0,net_loss,-1.0,1519,40.5
3020,31,Basic,3021,78,J A,5,A,5 A,16,1,0,0,player_blackjack,1.5,1520,42.0
3021,31,Basic,3022,78,A 8,2,A,2 A 10 3 3,19,1,0,0,net_push,0.0,1521,42.0
3022,31,Basic,3023,78,Q J,9,K,9 K,19,1,0,0,net_win,1.0,1522,43.0
3023,31,Basic,3024,78,4 3,9,2,9 2,11,1,0,0,net_loss,-1.0,1523,42.0
3024,31,Basic,3025,78,A K,5,8,5 8,13,1,0,0,player_blackjack,1.5,1524,43.5
3025,31,Basic,3026,78,K K,Q,5,Q 5 10,25,1,0,0,net_win,1.0,1525,44.5
3026,31,Basic,3027,78,4 9,6,Q,6 Q 10,26,1,0,0,net_win,1.0,1526,45.5
3027,31,Basic,3028,78,6 6,5,5,5 5 A,21,2,1,1,net_loss,-3.0,1527,42.5
3028,31,Basic,3029,78,6 Q,K,2,K 2 A 3 2,18,1,0,0,net_win,1.0,1528,43.5
3029,31,Basic,3030,78,6 10,5,K,5 K 10,25,1,0,0,net_win,1.0,1529,44.5
3030,31,Basic,3031,78,Q Q,A,7,A 7,18,1,0,0,net_win,1.0,1530,45.5
3031,31,Basic,3032,78,7 Q,Q,3,Q 3 5,18,1,0,0,net_loss,-1.0,1531,44.5
3032,31,Basic,3033,78,A 3,6,8,6 8 7,21,1,0,1,net_loss,-2.0,1532,42.5
3033,31,Basic,3034,78,4 K,6,8,6 8 8,22,1,0,0,net_win,1.0,1533,43.5
3034,31,Basic,3035,78,K 2,9,Q,9 Q,19,1,0,0,net_loss,-1.0,1534,42.5
3035,31,Basic,3036,78,10 10,2,6,2 6 3 3 4,18,1,0,0,net_win,1.0,1535,43.5
3036,31,Basic,3037,78,4 10,K,J,K J,20,1,0,0,net_loss,-1.0,1536,42.5
3037,31,Basic,3038,78,5 J,Q,7,Q 7,17,1,0,0,net_win,1.0,1537,43.5
3038,31,Basic,3039,78,9 6,3,10,3 10 9,22,1,0,0,net_win,1.0,1538,44.5
3039,31,Basic,3040,78,8 3,3,10,3 10 5,18,1,0,1,net_loss,-2.0,1539,42.5
3040,31,Basic,3041,78,6 K,J,4,J 4,14,1,0,0,net_loss,-1.0,1540,41.5
3041,31,Basic,3042,78,8 K,9,A,9 A,20,1,0,0,net_loss,-1.0,1541,40.5
3042,31,Basic,3043,78,4 9,3,9,3 9 7,19,1,0,0,net_loss,-1.0,1542,39.5
3043,31,Basic,3044,78,8 2,3,J,3 J 6,19,1,0,1,net_push,0.0,1543,39.5
3044,31,Basic,3045,78,6 3,Q,8,Q 8,18,1,0,0,net_loss,-1.0,1544,38.5
3045,31,Basic,3046,78,7 J,7,J,7 J,17,1,0,0,net_push,0.0,1545,38.5
3046,31,Basic,3047,78,K K,10,2,10 2 J,22,1,0,0,net_win,1.0,1546,39.5
3047,31,Basic,3048,78,Q K,Q,K,Q K,20,1,0,0,net_push,0.0,1547,39.5
3048,31,Basic,3049,78,3 3,9,6,9 6 8,23,1,0,0,net_win,1.0,1548,40.5
3049,31,Basic,3050,78,9 K,10,10,10 10,20,1,0,0,net_loss,-1.0,1549,39.5
3050,31,Basic,3051,78,Q A,7,3,7 3,10,1,0,0,player_blackjack,1.5,1550,41.0
3051,31,Basic,3052,78,A 2,A,K,A K,21,1,0,0,dealer_blackjack,-1.0,1551,40.0
3052,31,Basic,3053,78,2 9,6,K,6 K K,26,1,0,1,net_win,2.0,1552,42.0
3053,31,Basic,3054,78,3 Q,4,A,4 A K 8,23,1,0,0,net_win,1.0,1553,43.0
3054,31,Basic,3055,78,J 8,Q,3,Q 3 4,17,1,0,0,net_win,1.0,1554,44.0
3055,31,Basic,3056,78,6 9,A,3,A 3,14,1,0,0,net_loss,-1.0,1555,43.0
3056,31,Basic,3057,78,4 6,3,5,3 5 10,18,1,0,1,net_loss,-2.0,1556,41.0
3057,31,Basic,3058,78,A 3,A,5,A 5,16,1,0,0,net_loss,-1.0,1557,40.0
3058,31,Basic,3059,78,6 9,10,10,10 10,20,1,0,0,net_loss,-1.0,1558,39.0
3059,31,Basic,3060,78,4 K,A,2,A 2,13,1,0,0,net_loss,-1.0,1559,38.0
3060,31,Basic,3061,78,4 4,10,7,10 7,17,1,0,0,net_win,1.0,1560,39.0
3061,31,Basic,3062,78,A 6,J,4,J 4 5,19,1,0,0,net_loss,-1.0,1561,38.0
3062,31,Basic,3063,78,J 6,2,2,2 2 8 Q,22,1,0,0,net_win,1.0,1562,39.0
3063,31,Basic,3064,78,A J,8,6,8 6,14,1,0,0,player_blackjack,1.5,1563,40.5
3064,31,Basic,3065,78,4 3,J,3,J 3 5,18,1,0,0,net_loss,-1.0,1564,39.5
3065,31,Basic,3066,78,8 5,6,7,6 7 4,17,1,0,0,net_loss,-1.0,1565,38.5
3066,31,Basic,3067,78,K 9,4,A,4 A 8 3 6,22,1,0,0,net_win,1.0,1566,39.5
3067,31,Basic,3068,78,8 4,3,9,3 9 6,18,1,0,0,net_loss,-1.0,1567,38.5
3068,31,Basic,3069,78,5 3,10,2,10 2 9,21,1,0,0,net_push,0.0,1568,38.5
3069,31,Basic,3070,78,J 6,8,Q,8 Q,18,1,0,0,net_loss,-1.0,1569,37.5
3070,31,Basic,3071,78,9 J,7,5,7 5 K,22,1,0,0,net_win,1.0,1570,38.5
3071,31,Basic,3072,78,10 Q,9,Q,9 Q,19,1,0,0,net_win,1.0,1571,39.5
3072,31,Basic,3073,78,K 8,2,8,2 8 J,20,1,0,0,net_loss,-1.0,1572,38.5
3073,31,Basic,3074,78,2 4,3,8,3 8 5 2,18,1,0,0,net_loss,-1.0,1573,37.5
3074,31,Basic,3075,78,7 Q,7,3,7 3 K,20,1,0,0,net_loss,-1.0,1574,36.5
3075,31,Basic,3076,78,7 7,6,K,6 K J,26,2,1,1,net_win,3.0,1575,39.5
3076,31,Basic,3077,78,A K,10,6,10 6,16,1,0,0,player_blackjack,1.5,1576,41.0
3077,31,Basic,3078,78,2 3,3,K,3 K Q,23,1,0,0,net_win,1.0,1577,42.0
3078,31,Basic,3079,78,K 9,2,10,2 10 J,22,1,0,0,net_win,1.0,1578,43.0
3079,31,Basic,3080,78,3 3,7,5,7 5 A 7,20,2,1,1,net_loss,-1.0,1579,42.0
3080,31,Basic,3081,78,6 10,8,10,8 10,18,1,0,0,net_loss,-1.0,1580,41.0
3081,31,Basic,3082,78,10 Q,J,5,J 5 8,23,1,0,0,net_win,1.0,1581,42.0
3082,31,Basic,3083,78,9 8,4,3,4 3 3 J,20,1,0,0,net_loss,-1.0,1582,41.0
3083,31,Basic,3084,78,8 6,Q,A,Q A,21,1,0,0,dealer_blackjack,-1.0,1583,40.0
3084,31,Basic,3085,78,10 7,K,Q,K Q,20,1,0,0,net_loss,-1.0,1584,39.0
3085,31,Basic,3086,78,A 10,5,5,5 5,10,1,0,0,player_blackjack,1.5,1585,40.5
3086,31,Basic,3087,78,4 10,10,Q,10 Q,20,1,0,0,net_loss,-1.0,1586,39.5
3087,31,Basic,3088,78,J 10,6,Q,6 Q J,26,1,0,0,net_win,1.0,1587,40.5
3088,31,Basic,3089,78,Q 2,A,10,A 10,21,1,0,0,dealer_blackjack,-1.0,1588,39.5
3089,31,Basic,3090,78,6 5,A,9,A 9,20,1,0,0,net_loss,-1.0,1589,38.5
3090,31,Basic,3091,78,10 9,10,K,10 K,20,1,0,0,net_loss,-1.0,1590,37.5
3091,31,Basic,3092,78,5 6,7,3,7 3 10,20,1,0,1,net_loss,-2.0,1591,35.5
3092,31,Basic,3093,78,A 9,3,Q,3 Q 3 3,19,1,0,0,net_win,1.0,1592,36.5
3093,31,Basic,3094,78,10 5,3,4,3 4 6 K,23,1,0,0,net_win,1.0,1593,37.5
3094,31,Basic,3095,78,8 5,Q,2,Q 2 9,21,1,0,0,net_loss,-1.0,1594,36.5
3095,31,Basic,3096,78,K 5,3,10,3 10 9,22,1,0,0,net_win,1.0,1595,37.5
3096,31,Basic,3097,78,6 5,6,9,6 9 9,24,1,0,1,net_win,2.0,1596,39.5
3097,31,Basic,3098,78,9 8,J,5,J 5 6,21,1,0,0,net_loss,-1.0,1597,38.5
3098,31,Basic,3099,78,10 2,2,Q,2 Q,12,1,0,0,net_loss,-1.0,1598,37.5
3099,31,Basic,3100,78,6 7,Q,9,Q 9,19,1,0,0,net_loss,-1.0,1599,36.5
3100,31,Basic,3101,78,Q 9,8,J,8 J,18,1,0,0,net_win,1.0,1600,37.5
3101,32,Simplified,3102,78,3 K,8,6,8 6 A 4,19,1,0,0,net_loss,-1.0,1501,-108.5
3102,32,Simplified,3103,78,9 6,A,A,A A 5,17,1,0,0,net_loss,-1.0,1502,-109.5
3103,32,Simplified,3104,78,5 8,A,6,A 6,17,1,0,0,net_loss,-1.0,1503,-110.5
3104,32,Simplified,3105,78,7 9,J,7,J 7,17,1,0,0,net_loss,-1.0,1504,-111.5
3105,32,Simplified,3106,78,7 7,8,5,8 5 3 K,26,1,0,0,net_win,1.0,1505,-110.5
3106,32,Simplified,3107,78,8 7,A,6,A 6,17,1,0,0,net_loss,-1.0,1506,-111.5
3107,32,Simplified,3108,78,10 Q,9,Q,9 Q,19,1,0,0,net_win,1.0,1507,-110.5
3108,32,Simplified,3109,78,4 7,7,9,7 9 7,23,1,0,0,net_win,1.0,1508,-109.5
3109,32,Simplified,3110,78,6 8,10,10,10 10,20,1,0,0,net_loss,-1.0,1509,-110.5
3110,32,Simplified,3111,78,4 Q,J,4,J 4 8,22,1,0,0,net_win,1.0,1510,-109.5
3111,32,Simplified,3112,78,7 9,3,6,3 6 Q,19,1,0,0,net_loss,-1.0,1511,-110.5
3112,32,Simplified,3113,78,2 K,5,10,5 10 A K,26,1,0,0,net_win,1.0,1512,-109.5
3113,32,Simplified,3114,78,4 8,5,10,5 10 8,23,1,0,0,net_win,1.0,1513,-108.5
3114,32,Simplified,3115,78,4 5,4,3,4 3 J,17,1,0,0,net_win,1.0,1514,-107.5
3115,32,Simplified,3116,78,3 4,K,5,K 5 4,19,1,0,0,net_loss,-1.0,1515,-108.5
3116,32,Simplified,3117,78,J 2,5,5,5 5 8,18,1,0,0,net_loss,-1.0,1516,-109.5
3117,32,Simplified,3118,78,10 A,5,2,5 2,7,1,0,0,player_blackjack,1.5,1517,-108.0
3118,32,Simplified,3119,78,8 4,3,3,3 3 J 5,21,1,0,0,net_loss,-1.0,1518,-109.0
3119,32,Simplified,3120,78,6 6,A,6,A 6,17,1,0,0,net_loss,-1.0,1519,-110.0
3120,32,Simplified,3121,78,8 3,8,Q,8 Q,18,1,0,0,net_loss,-1.0,1520,-111.0
3121,32,Simplified,3122,78,K 5,A,8,A 8,19,1,0,0,net_loss,-1.0,1521,-112.0
3122,32,Simplified,3123,78,6 10,7,9,7 9 J,26,1,0,0,net_win,1.0,1522,-111.0
3123,32,Simplified,3124,78,10 6,5,2,5 2 9 9,25,1,0,0,net_win,1.0,1523,-110.0
3124,32,Simplified,3125,78,9 5,8,Q,8 Q,18,1,0,0,net_loss,-1.0,1524,-111.0
3125,32,Simplified,3126,78,9 K,9,A,9 A,20,1,0,0,net_loss,-1.0,1525,-112.0
3126,32,Simplified,3127,78,10 3,K,4,K 4 J,24,1,0,0,net_win,1.0,1526,-111.0
3127,32,Simplified,3128,78,5 10,8,J,8 J,18,1,0,0,net_loss,-1.0,1527,-112.0
3128,32,Simplified,3129,78,6 K,K,8,K 8,18,1,0,0,net_loss,-1.0,1528,-113.0
3129,32,Simplified,3130,78,A A,6,8,6 8 2 6,22,1,0,0,net_win,1.0,1529,-112.0
3130,32,Simplified,3131,78,6 9,9,10,9 10,19,1,0,0,net_loss,-1.0,1530,-113.0
3131,32,Simplified,3132,78,J 7,10,3,10 3 J,23,1,0,0,net_win,1.0,1531,-112.0
3132,32,Simplified,3133,78,5 7,10,Q,10 Q,20,1,0,0,net_loss,-1.0,1532,-113.0
3133,32,Simplified,3134,78,J 2,A,A,A A A 4,17,1,0,0,net_loss,-1.0,1533,-114.0
3134,32,Simplified,3135,78,J A,J,K,J K,20,1,0,0,player_blackjack,1.5,1534,-112.5
3135,32,Simplified,3136,78,J 8,9,K,9 K,19,1,0,0,net_loss,-1.0,1535,-113.5
3136,32,Simplified,3137,78,3 K,8,10,8 10,18,1,0,0,net_loss,-1.0,1536,-114.5
3137,32,Simplified,3138,78,9 4,9,9,9 9,18,1,0,0,net_loss,-1.0,1537,-115.5
3138,32,Simplified,3139,78,10 5,K,7,K 7,17,1,0,0,net_loss,-1.0,1538,-116.5
3139,32,Simplified,3140,78,6 4,6,8,6 8 7,21,1,0,0,net_loss,-1.0,1539,-117.5
3140,32,Simplified,3141,78,A 5,K,A,K A,21,1,0,0,dealer_blackjack,-1.0,1540,-118.5
3141,32,Simplified,3142,78,7 Q,J,9,J 9,19,1,0,0,net_loss,-1.0,1541,-119.5
3142,32,Simplified,3143,78,9 5,5,K,5 K K,25,1,0,0,net_win,1.0,1542,-118.5
3143,32,Simplified,3144,78,K Q,7,9,7 9 7,23,1,0,0,net_win,1.0,1543,-117.5
3144,32,Simplified,3145,78,2 6,10,7,10 7,17,1,0,0,net_loss,-1.0,1544,-118.5
3145,32,Simplified,3146,78,9 10,10,7,10 7,17,1,0,0,net_win,1.0,1545,-117.5
3146,32,Simplified,3147,78,8 A,Q,2,Q 2 7,19,1,0,0,net_push,0.0,1546,-117.5
3147,32,Simplified,3148,78,A 3,8,K,8 K,18,1,0,0,net_win,1.0,1547,-116.5
3148,32,Simplified,3149,78,9 9,K,A,K A,21,1,0,0,dealer_blackjack,-1.0,1548,-117.5
3149,32,Simplified,3150,78,5 9,K,6,K 6 3,19,1,0,0,net_loss,-1.0,1549,-118.5
3150,32,Simplified,3151,78,4 6,2,3,2 3 7 6,18,1,0,0,net_win,1.0,1550,-117.5
3151,32,Simplified,3152,78,7 A,9,A,9 A,20,1,0,0,net_loss,-1.0,1551,-118.5
3152,32,Simplified,3153,78,4 Q,3,5,3 5 7 Q,25,1,0,0,net_win,1.0,1552,-117.5
3153,32,Simplified,3154,78,5 J,A,9,A 9,20,1,0,0,net_loss,-1.0,1553,-118.5
3154,32,Simplified,3155,78,A 3,A,K,A K,21,1,0,0,dealer_blackjack,-1.0,1554,-119.5
3155,32,Simplified,3156,78,4 A,5,8,5 8 A 8,22,1,0,0,net_win,1.0,1555,-118.5
3156,32,Simplified,3157,78,2 8,A,8,A 8,19,1,0,0,net_loss,-1.0,1556,-119.5
3157,32,Simplified,3158,78,Q 8,A,7,A 7,18,1,0,0,net_push,0.0,1557,-119.5
3158,32,Simplified,3159,78,3 7,7,Q,7 Q,17,1,0,0,net_win,1.0,1558,-118.5
3159,32,Simplified,3160,78,3 J,Q,4,Q 4 10,24,1,0,0,net_win,1.0,1559,-117.5
3160,32,Simplified,3161,78,8 6,9,A,9 A,20,1,0,0,net_loss,-1.0,1560,-118.5
3161,32,Simplified,3162,78,2 10,6,5,6 5 10,21,1,0,0,net_loss,-1.0,1561,-119.5
3162,32,Simplified,3163,78,A 4,4,K,4 K 5,19,1,0,0,net_loss,-1.0,1562,-120.5
3163,32,Simplified,3164,78,A 7,3,2,3 2 4 5 9,23,1,0,0,net_win,1.0,1563,-119.5
3164,32,Simplified,3165,78,4 Q,Q,10,Q 10,20,1,0,0,net_loss,-1.0,1564,-120.5
3165,32,Simplified,3166,78,4 2,7,7,7 7 9,23,1,0,0,net_win,1.0,1565,-119.5
3166,32,Simplified,3167,78,8 J,6,4,6 4 8,18,1,0,0,net_push,0.0,1566,-119.5
3167,32,Simplified,3168,78,J Q,K,3,K 3 2 Q,25,1,0,0,net_win,1.0,1567,-118.5
3168,32,Simplified,3169,78,7 6,Q,6,Q 6 7,23,1,0,0,net_win,1.0,1568,-117.5
3169,32,Simplified,3170,78,8 3,4,6,4 6 10,20,1,0,0,net_win,1.0,1569,-116.5
3170,32,Simplified,3171,78,Q 4,8,6,8 6 6,20,1,0,0,net_loss,-1.0,1570,-117.5
3171,32,Simplified,3172,78,8 3,Q,6,Q 6 9,25,1,0,0,net_win,1.0,1571,-116.5
3172,32,Simplified,3173,78,A 9,Q,10,Q 10,20,1,0,0,net_push,0.0,1572,-116.5
3173,32,Simplified,3174,78,Q 2,10,2,10 2 4 8,24,1,0,0,net_win,1.0,1573,-115.5
3174,32,Simplified,3175,78,5 A,5,K,5 K A 6,22,1,0,0,net_win,1.0,1574,-114.5
3175,32,Simplified,3176,78,2 5,3,Q,3 Q 5,18,1,0,0,net_loss,-1.0,1575,-115.5
3176,32,Simplified,3177,78,3 3,J,A,J A,21,1,0,0,dealer_blackjack,-1.0,1576,-116.5
3177,32,Simplified,3178,78,3 J,A,3,A 3 5,19,1,0,0,net_loss,-1.0,1577,-117.5
3178,32,Simplified,3179,78,J Q,K,9,K 9,19,1,0,0,net_win,1.0,1578,-116.5
3179,32,Simplified,3180,78,2 J,K,A,K A,21,1,0,0,dealer_blackjack,-1.0,1579,-117.5
3180,32,Simplified,3181,78,5 4,5,4,5 4 9,18,1,0,0,net_push,0.0,1580,-117.5
3181,32,Simplified,3182,78,5 3,6,5,6 5 J,21,1,0,0,net_loss,-1.0,1581,-118.5
3182,32,Simplified,3183,78,8 J,4,A,4 A 5,20,1,0,0,net_loss,-1.0,1582,-119.5
3183,32,Simplified,3184,78,5 2,3,4,3 4 2 Q,19,1,0,0,net_loss,-1.0,1583,-120.5
3184,32,Simplified,3185,78,3 Q,A,5,A 5 10 8,24,1,0,0,net_win,1.0,1584,-119.5
3185,32,Simplified,3186,78,2 7,Q,3,Q 3 8,21,1,0,0,net_loss,-1.0,1585,-120.5
3186,32,Simplified,3187,78,Q 5,J,10,J 10,20,1,0,0,net_loss,-1.0,1586,-121.5
3187,32,Simplified,3188,78,10 2,6,J,6 J A,17,1,0,0,net_loss,-1.0,1587,-122.5
3188,32,Simplified,3189,78,Q 3,A,K,A K,21,1,0,0,dealer_blackjack,-1.0,1588,-123.5
3189,32,Simplified,3190,78,J 8,K,3,K 3 9,22,1,0,0,net_win,1.0,1589,-122.5
3190,32,Simplified,3191,78,10 9,Q,J,Q J,20,1,0,0,net_loss,-1.0,1590,-123.5
3191,32,Simplified,3192,78,4 7,J,J,J J,20,1,0,0,net_loss,-1.0,1591,-124.5
3192,32,Simplified,3193,78,Q 2,6,J,6 J 2,18,1,0,0,net_loss,-1.0,1592,-125.5
3193,32,Simplified,3194,78,K 10,10,7,10 7,17,1,0,0,net_win,1.0,1593,-124.5
3194,32,Simplified,3195,78,K 4,2,6,2 6 10,18,1,0,0,net_loss,-1.0,1594,-125.5
3195,32,Simplified,3196,78,2 A,J,K,J K,20,1,0,0,net_loss,-1.0,1595,-126.5
3196,32,Simplified,3197,78,J 3,7,K,7 K,17,1,0,0,net_loss,-1.0,1596,-127.5
3197,32,Simplified,3198,78,3 Q,6,K,6 K J,26,1,0,0,net_win,1.0,1597,-126.5
3198,32,Simplified,3199,78,8 10,J,2,J 2 7,19,1,0,0,net_loss,-1.0,1598,-127.5
3199,32,Simplified,3200,78,7 4,6,7,6 7 3 Q,26,1,0,0,net_win,1.0,1599,-126.5
3200,32,Simplified,3201,78,9 5,Q,2,Q 2 K,22,1,0,0,net_win,1.0,1600,-125.5
3201,33,Basic,3202,78,10 K,3,8,3 8 10,21,1,0,0,net_loss,-1.0,1601,36.5
3202,33,Basic,3203,78,2 9,A,Q,A Q,21,1,0,0,dealer_blackjack,-1.0,1602,35.5
3203,33,Basic,3204,78,3 8,K,6,K 6 9,25,1,0,1,net_win,2.0,1603,37.5
3204,33,Basic,3205,78,3 J,9,K,9 K,19,1,0,0,net_loss,-1.0,1604,36.5
3205,33,Basic,3206,78,A A,Q,10,Q 10,20,2,1,0,net_loss,-2.0,1605,34.5
3206,33,Basic,3207,78,K K,2,8,2 8 6 7,23,1,0,0,net_win,1.0,1606,35.5
3207,33,Basic,3208,78,8 A,Q,6,Q 6 Q,26,1,0,0,net_win,1.0,1607,36.5
3208,33,Basic,3209,78,3 3,A,2,A 2 8,21,1,0,0,net_loss,-1.0,1608,35.5
3209,33,Basic,3210,78,2 A,5,10,5 10 6,21,1,0,1,net_push,0.0,1609,35.5
3210,33,Basic,3211,78,A 3,7,2,7 2 4 Q,23,1,0,0,net_win,1.0,1610,36.5
3211,33,Basic,3212,78,5 J,2,3,2 3 4 Q,19,1,0,0,net_loss,-1.0,1611,35.5
3212,33,Basic,3213,78,J J,7,J,7 J,17,1,0,0,net_win,1.0,1612,36.5
3213,33,Basic,3214,78,A K,9,10,9 10,19,1,0,0,player_blackjack,1.5,1613,38.0
3214,33,Basic,3215,78,6 A,2,9,2 9 2 K,23,1,0,0,net_win,1.0,1614,39.0
3215,33,Basic,3216,78,8 8,10,5,10 5 7,22,3,2,0,net_win,3.0,1615,42.0
3216,33,Basic,3217,78,J 6,5,9,5 9 K,24,1,0,0,net_win,1.0,1616,43.0
3217,33,Basic,3218,78,5 4,3,8,3 8 10,21,1,0,1,net_loss,-2.0,1617,41.0
3218,33,Basic,3219,78,2 2,8,9,8 9,17,1,0,0,net_loss,-1.0,1618,40.0
3219,33,Basic,3220,78,6 Q,6,3,6 3 7 3,19,1,0,0,net_loss,-1.0,1619,39.0
3220,33,Basic,3221,78,10 A,7,A,7 A,18,1,0,0,player_blackjack,1.5,1620,40.5
3221,33,Basic,3222,78,10 3,8,4,8 4,12,1,0,0,net_loss,-1.0,1621,39.5
3222,33,Basic,3223,78,7 4,6,4,6 4 5 6,21,1,0,1,net_push,0.0,1622,39.5
3223,33,Basic,3224,78,2 K,7,9,7 9 5,21,1,0,0,net_loss,-1.0,1623,38.5
3224,33,Basic,3225,78,A 4,Q,6,Q 6 3,19,1,0,0,net_push,0.0,1624,38.5
3225,33,Basic,3226,78,8 3,Q,8,Q 8,18,1,0,1,net_win,2.0,1625,40.5
3226,33,Basic,3227,78,K 3,7,3,7 3,10,1,0,0,net_loss,-1.0,1626,39.5
3227,33,Basic,3228,78,4 8,3,4,3 4,7,1,0,0,net_loss,-1.0,1627,38.5
3228,33,Basic,3229,78,10 6,Q,5,Q 5,15,1,0,0,net_loss,-1.0,1628,37.5
3229,33,Basic,3230,78,2 8,5,J,5 J J,25,1,0,1,net_win,2.0,1629,39.5
3230,33,Basic,3231,78,5 6,Q,7,Q 7,17,1,0,1,net_win,2.0,1630,41.5
3231,33,Basic,3232,78,2 2,10,6,10 6,16,1,0,0,net_loss,-1.0,1631,40.5
3232,33,Basic,3233,78,7 2,6,8,6 8 8,22,1,0,1,net_win,2.0,1632,42.5
3233,33,Basic,3234,78,10 4,A,6,A 6,17,1,0,0,net_loss,-1.0,1633,41.5
3234,33,Basic,3235,78,5 8,9,9,9 9,18,1,0,0,net_loss,-1.0,1634,40.5
3235,33,Basic,3236,78,2 3,Q,7,Q 7,17,1,0,0,net_win,1.0,1635,41.5
3236,33,Basic,3237,78,9 10,5,2,5 2 6 J,23,1,0,0,net_win,1.0,1636,42.5
3237,33,Basic,3238,78,Q 9,K,10,K 10,20,1,0,0,net_loss,-1.0,1637,41.5
3238,33,Basic,3239,78,5 8,9,4,9 4,13,1,0,0,net_loss,-1.0,1638,40.5
3239,33,Basic,3240,78,A 3,7,5,7 5,12,1,0,0,net_loss,-1.0,1639,39.5
3240,33,Basic,3241,78,4 Q,7,6,7 6 2 Q,25,1,0,0,net_win,1.0,1640,40.5
3241,33,Basic,3242,78,Q J,6,3,6 3 5 7,21,1,0,0,net_loss,-1.0,1641,39.5
3242,33,Basic,3243,78,Q 10,6,9,6 9 8,23,1,0,0,net_win,1.0,1642,40.5
3243,33,Basic,3244,78,J 5,6,3,6 3 2 9,20,1,0,0,net_loss,-1.0,1643,39.5
3244,33,Basic,3245,78,8 9,2,10,2 10 3 7,22,1,0,0,net_win,1.0,1644,40.5
3245,33,Basic,3246,78,4 9,10,10,10 10,20,1,0,0,net_loss,-1.0,1645,39.5
3246,33,Basic,3247,78,9 7,8,8,8 8,16,1,0,0,net_loss,-1.0,1646,38.5
3247,33,Basic,3248,78,9 Q,4,6,4 6 J,20,1,0,0,net_loss,-1.0,1647,37.5
3248,33,Basic,3249,78,2 10,5,J,5 J 2,17,1,0,0,net_loss,-1.0,1648,36.5
3249,33,Basic,3250,78,A 3,2,10,2 10 10,22,1,0,0,net_win,1.0,1649,37.5
3250,33,Basic,3251,78,9 7,4,K,4 K 10,24,1,0,0,net_win,1.0,1650,38.5
3251,33,Basic,3252,78,A 7,6,3,6 3 J,19,1,0,1,net_loss,-2.0,1651,36.5
3252,33,Basic,3253,78,10 5,6,10,6 10 2,18,1,0,0,net_loss,-1.0,1652,35.5
3253,33,Basic,3254,78,K 3,K,J,K J,20,1,0,0,net_loss,-1.0,1653,34.5
3254,33,Basic,3255,78,3 Q,2,9,2 9 7,18,1,0,0,net_loss,-1.0,1654,33.5
3255,33,Basic,3256,78,4 3,6,J,6 J 6,22,1,0,0,net_win,1.0,1655,34.5
3256,33,Basic,3257,78,A Q,7,4,7 4,11,1,0,0,player_blackjack,1.5,1656,36.0
3257,33,Basic,3258,78,J 4,4,9,4 9 10,23,1,0,0,net_win,1.0,1657,37.0
3258,33,Basic,3259,78,4 J,2,K,2 K 5,17,1,0,0,net_loss,-1.0,1658,36.0
3259,33,Basic,3260,78,A A,8,9,8 9,17,2,1,0,net_push,0.0,1659,36.0
3260,33,Basic,3261,78,6 Q,K,J,K J,20,1,0,0,net_loss,-1.0,1660,35.0
3261,33,Basic,3262,78,Q Q,9,7,9 7 6,22,1,0,0,net_win,1.0,1661,36.0
3262,33,Basic,3263,78,6 10,5,3,5 3 3 7,18,1,0,0,net_loss,-1.0,1662,35.0
3263,33,Basic,3264,78,5 A,Q,K,Q K,20,1,0,0,net_loss,-1.0,1663,34.0
3264,33,Basic,3265,78,10 6,8,5,8 5 8,21,1,0,0,net_loss,-1.0,1664,33.0
3265,33,Basic,3266,78,9 Q,10,7,10 7,17,1,0,0,net_win,1.0,1665,34.0
3266,33,Basic,3267,78,A J,2,3,2 3,5,1,0,0,player_blackjack,1.5,1666,35.5
3267,33,Basic,3268,78,Q 10,4,5,4 5 2 J,21,1,0,0,net_loss,-1.0,1667,34.5
3268,33,Basic,3269,78,8 4,6,K,6 K 3,19,1,0,0,net_loss,-1.0,1668,33.5
3269,33,Basic,3270,78,6 J,Q,J,Q J,20,1,0,0,net_loss,-1.0,1669,32.5
3270,33,Basic,3271,78,6 J,K,4,K 4,14,1,0,0,net_loss,-1.0,1670,31.5
3271,33,Basic,3272,78,4 2,8,A,8 A,19,1,0,0,net_loss,-1.0,1671,30.5
3272,33,Basic,3273,78,K 7,8,5,8 5 9,22,1,0,0,net_win,1.0,1672,31.5
3273,33,Basic,3274,78,J 2,8,10,8 10,18,1,0,0,net_push,0.0,1673,31.5
3274,33,Basic,3275,78,7 8,4,3,4 3 2 K,19,1,0,0,net_loss,-1.0,1674,30.5
3275,33,Basic,3276,78,Q 6,6,9,6 9 A 9,25,1,0,0,net_win,1.0,1675,31.5
3276,33,Basic,3277,78,6 6,A,6,A 6,17,1,0,0,net_loss,-1.0,1676,30.5
3277,33,Basic,3278,78,8 10,9,A,9 A,20,1,0,0,net_loss,-1.0,1677,29.5
3278,33,Basic,3279,78,10 J,Q,3,Q 3 3 9,25,1,0,0,net_win,1.0,1678,30.5
3279,33,Basic,3280,78,7 J,3,2,3 2 2 6 A 4,18,1,0,0,net_loss,-1.0,1679,29.5
3280,33,Basic,3281,78,8 9,3,A,3 A A 2,17,1,0,0,net_push,0.0,1680,29.5
3281,33,Basic,3282,78,Q 4,K,10,K 10,20,1,0,0,net_loss,-1.0,1681,28.5
3282,33,Basic,3283,78,2 10,7,10,7 10,17,1,0,0,net_push,0.0,1682,28.5
3283,33,Basic,3284,78,4 6,2,10,2 10 9,21,1,0,1,net_loss,-2.0,1683,26.5
3284,33,Basic,3285,78,A 3,3,6,3 6 9,18,1,0,0,net_loss,-1.0,1684,25.5
3285,33,Basic,3286,78,K 9,8,Q,8 Q,18,1,0,0,net_win,1.0,1685,26.5
3286,33,Basic,3287,78,3 5,J,5,J 5 8,23,1,0,0,net_win,1.0,1686,27.5
3287,33,Basic,3288,78,2 J,A,7,A 7,18,1,0,0,net_loss,-1.0,1687,26.5
3288,33,Basic,3289,78,K 5,10,4,10 4,14,1,0,0,net_loss,-1.0,1688,25.5
3289,33,Basic,3290,78,7 4,Q,3,Q 3 J,23,1,0,1,net_win,2.0,1689,27.5
3290,33,Basic,3291,78,K Q,J,10,J 10,20,1,0,0,net_push,0.0,1690,27.5
3291,33,Basic,3292,78,7 5,J,K,J K,20,1,0,0,net_loss,-1.0,1691,26.5
3292,33,Basic,3293,78,5 2,A,6,A 6,17,1,0,0,net_push,0.0,1692,26.5
3293,33,Basic,3294,78,6 J,9,10,9 10,19,1,0,0,net_loss,-1.0,1693,25.5
3294,33,Basic,3295,78,6 3,3,2,3 2 2 K,17,1,0,1,net_win,2.0,1694,27.5
3295,33,Basic,3296,78,J 8,3,K,3 K 6,19,1,0,0,net_loss,-1.0,1695,26.5
3296,33,Basic,3297,78,Q 5,K,6,K 6,16,1,0,0,net_loss,-1.0,1696,25.5
3297,33,Basic,3298,78,3 7,7,5,7 5 8,20,1,0,1,net_loss,-2.0,1697,23.5
3298,33,Basic,3299,78,A Q,9,2,9 2,11,1,0,0,player_blackjack,1.5,1698,25.0
3299,33,Basic,3300,78,Q A,8,6,8 6,14,1,0,0,player_blackjack,1.5,1699,26.5
3300,33,Basic,3301,78,A 6,A,6,A 6,17,1,0,0,net_push,0.0,1700,26.5
3301,34,Simplified,3302,78,9 8,Q,6,Q 6 6,22,1,0,0,net_win,1.0,1601,-124.5
3302,34,Simplified,3303,78,J K,6,8,6 8 J,24,1,0,0,net_win,1.0,1602,-123.5
3303,34,Simplified,3304,78,10 5,4,K,4 K 4,18,1,0,0,net_loss,-1.0,1603,-124.5
3304,34,Simplified,3305,78,7 Q,Q,2,Q 2 5,17,1,0,0,net_push,0.0,1604,-124.5
3305,34,Simplified,3306,78,2 9,5,9,5 9 8,22,1,0,0,net_win,1.0,1605,-123.5
3306,34,Simplified,3307,78,7 3,8,6,8 6 J,24,1,0,0,net_win,1.0,1606,-122.5
3307,34,Simplified,3308,78,10 6,A,2,A 2 K 7,20,1,0,0,net_loss,-1.0,1607,-123.5
3308,34,Simplified,3309,78,J 8,6,10,6 10 A,17,1,0,0,net_win,1.0,1608,-122.5
3309,34,Simplified,3310,78,4 A,8,3,8 3 10,21,1,0,0,net_loss,-1.0,1609,-123.5
3310,34,Simplified,3311,78,10 9,J,5,J 5 A K,26,1,0,0,net_win,1.0,1610,-122.5
3311,34,Simplified,3312,78,8 3,9,5,9 5 K,24,1,0,0,net_win,1.0,1611,-121.5
3312,34,Simplified,3313,78,2 5,6,3,6 3 8,17,1,0,0,net_loss,-1.0,1612,-122.5
3313,34,Simplified,3314,78,4 7,K,8,K 8,18,1,0,0,net_win,1.0,1613,-121.5
3314,34,Simplified,3315,78,4 K,9,6,9 6 6,21,1,0,0,net_loss,-1.0,1614,-122.5
3315,34,Simplified,3316,78,Q 10,5,2,5 2 6 4,17,1,0,0,net_win,1.0,1615,-121.5
3316,34,Simplified,3317,78,10 5,6,3,6 3 K,19,1,0,0,net_loss,-1.0,1616,-122.5
3317,34,Simplified,3318,78,5 A,9,3,9 3 A K,23,1,0,0,net_win,1.0,1617,-121.5
3318,34,Simplified,3319,78,4 2,5,2,5 2 Q,17,1,0,0,net_push,0.0,1618,-121.5
3319,34,Simplified,3320,78,6 5,A,8,A 8,19,1,0,0,net_win,1.0,1619,-120.5
3320,34,Simplified,3321,78,9 3,K,2,K 2 9,21,1,0,0,net_loss,-1.0,1620,-121.5
3321,34,Simplified,3322,78,K Q,6,J,6 J A,17,1,0,0,net_win,1.0,1621,-120.5
3322,34,Simplified,3323,78,Q Q,6,9,6 9 J,25,1,0,0,net_win,1.0,1622,-119.5
3323,34,Simplified,3324,78,A 10,7,K,7 K,17,1,0,0,player_blackjack,1.5,1623,-118.0
3324,34,Simplified,3325,78,2 K,4,8,4 8 8,20,1,0,0,net_loss,-1.0,1624,-119.0
3325,34,Simplified,3326,78,4 6,5,K,5 K 8,23,1,0,0,net_win,1.0,1625,-118.0
3326,34,Simplified,3327,78,10 8,3,J,3 J 7,20,1,0,0,net_loss,-1.0,1626,-119.0
3327,34,Simplified,3328,78,8 7,6,7,6 7 K,23,1,0,0,net_win,1.0,1627,-118.0
3328,34,Simplified,3329,78,2 9,Q,J,Q J,20,1,0,0,net_win,1.0,1628,-117.0
3329,34,Simplified,3330,78,9 6,K,10,K 10,20,1,0,0,net_loss,-1.0,1629,-118.0
3330,34,Simplified,3331,78,10 3,A,A,A A 8,20,1,0,0,net_loss,-1.0,1630,-119.0
3331,34,Simplified,3332,78,4 2,3,Q,3 Q Q,23,1,0,0,net_win,1.0,1631,-118.0
3332,34,Simplified,3333,78,A 5,3,4,3 4 7 9,23,1,0,0,net_win,1.0,1632,-117.0
3333,34,Simplified,3334,78,10 2,J,J,J J,20,1,0,0,net_loss,-1.0,1633,-118.0
3334,34,Simplified,3335,78,J 4,9,8,9 8,17,1,0,0,net_loss,-1.0,1634,-119.0
3335,34,Simplified,3336,78,6 J,8,3,8 3 10,21,1,0,0,net_loss,-1.0,1635,-120.0
3336,34,Simplified,3337,78,3 8,6,10,6 10 K,26,1,0,0,net_win,1.0,1636,-119.0
3337,34,Simplified,3338,78,3 K,A,A,A A 3 10 A 4,20,1,0,0,net_loss,-1.0,1637,-120.0
3338,34,Simplified,3339,78,5 3,10,8,10 8,18,1,0,0,net_win,1.0,1638,-119.0
3339,34,Simplified,3340,78,3 2,4,7,4 7 K,21,1,0,0,net_loss,-1.0,1639,-120.0
3340,34,Simplified,3341,78,4 2,7,Q,7 Q,17,1,0,0,net_loss,-1.0,1640,-121.0
3341,34,Simplified,3342,78,5 8,9,A,9 A,20,1,0,0,net_loss,-1.0,1641,-122.0
3342,34,Simplified,3343,78,3 8,9,7,9 7 6,22,1,0,0,net_win,1.0,1642,-121.0
3343,34,Simplified,3344,78,10 10,10,3,10 3 5,18,1,0,0,net_win,1.0,1643,-120.0
3344,34,Simplified,3345,78,5 8,A,10,A 10,21,1,0,0,dealer_blackjack,-1.0,1644,-121.0
3345,34,Simplified,3346,78,4 5,2,Q,2 Q 9,21,1,0,0,net_loss,-1.0,1645,-122.0
3346,34,Simplified,3347,78,3 4,8,2,8 2 A,21,1,0,0,net_loss,-1.0,1646,-123.0
3347,34,Simplified,3348,78,J 6,3,K,3 K A 3,17,1,0,0,net_loss,-1.0,1647,-124.0
3348,34,Simplified,3349,78,Q 9,A,9,A 9,20,1,0,0,net_loss,-1.0,1648,-125.0
3349,34,Simplified,3350,78,6 A,4,6,4 6 2 2 2 8,24,1,0,0,net_win,1.0,1649,-124.0
3350,34,Simplified,3351,78,9 2,K,K,K K,20,1,0,0,net_win,1.0,1650,-123.0
3351,34,Simplified,3352,78,7 7,4,5,4 5 8,17,1,0,0,net_loss,-1.0,1651,-124.0
3352,34,Simplified,3353,78,10 4,4,2,4 2 A,17,1,0,0,net_loss,-1.0,1652,-125.0
3353,34,Simplified,3354,78,J 2,A,4,A 4 J K,25,1,0,0,net_win,1.0,1653,-124.0
3354,34,Simplified,3355,78,J 7,5,4,5 4 2 Q,21,1,0,0,net_loss,-1.0,1654,-125.0
3355,34,Simplified,3356,78,10 9,3,10,3 10 Q,23,1,0,0,net_win,1.0,1655,-124.0
3356,34,Simplified,3357,78,9 6,A,9,A 9,20,1,0,0,net_loss,-1.0,1656,-125.0
3357,34,Simplified,3358,78,9 6,Q,10,Q 10,20,1,0,0,net_loss,-1.0,1657,-126.0
3358,34,Simplified,3359,78,K 4,J,2,J 2 10,22,1,0,0,net_win,1.0,1658,-125.0
3359,34,Simplified,3360,78,K Q,10,6,10 6 3,19,1,0,0,net_win,1.0,1659,-124.0
3360,34,Simplified,3361,78,8 A,5,K,5 K 10,25,1,0,0,net_win,1.0,1660,-123.0
3361,34,Simplified,3362,78,A 6,A,3,A 3 J 8,22,1,0,0,net_win,1.0,1661,-122.0
3362,34,Simplified,3363,78,3 10,J,5,J 5 K,25,1,0,0,net_win,1.0,1662,-121.0
3363,34,Simplified,3364,78,4 7,3,9,3 9 6,18,1,0,0,net_win,1.0,1663,-120.0
3364,34,Simplified,3365,78,K 6,Q,7,Q 7,17,1,0,0,net_loss,-1.0,1664,-121.0
3365,34,Simplified,3366,78,J 7,9,K,9 K,19,1,0,0,net_loss,-1.0,1665,-122.0
3366,34,Simplified,3367,78,8 J,Q,Q,Q Q,20,1,0,0,net_loss,-1.0,1666,-123.0
3367,34,Simplified,3368,78,6 K,8,8,8 8 8,24,1,0,0,net_win,1.0,1667,-122.0
3368,34,Simplified,3369,78,K 9,8,J,8 J,18,1,0,0,net_win,1.0,1668,-121.0
3369,34,Simplified,3370,78,8 K,7,9,7 9 4,20,1,0,0,net_loss,-1.0,1669,-122.0
3370,34,Simplified,3371,78,8 6,3,4,3 4 7 6,20,1,0,0,net_loss,-1.0,1670,-123.0
3371,34,Simplified,3372,78,K A,Q,8,Q 8,18,1,0,0,player_blackjack,1.5,1671,-121.5
3372,34,Simplified,3373,78,A 3,10,3,10 3 7,20,1,0,0,net_loss,-1.0,1672,-122.5
3373,34,Simplified,3374,78,3 9,K,2,K 2 8,20,1,0,0,net_loss,-1.0,1673,-123.5
3374,34,Simplified,3375,78,A 2,2,8,2 8 Q,20,1,0,0,net_push,0.0,1674,-123.5
3375,34,Simplified,3376,78,A J,7,5,7 5,12,1,0,0,player_blackjack,1.5,1675,-122.0
3376,34,Simplified,3377,78,9 K,J,10,J 10,20,1,0,0,net_loss,-1.0,1676,-123.0
3377,34,Simplified,3378,78,J 10,3,A,3 A K 5,19,1,0,0,net_win,1.0,1677,-122.0
3378,34,Simplified,3379,78,7 7,Q,J,Q J,20,1,0,0,net_loss,-1.0,1678,-123.0
3379,34,Simplified,3380,78,2 8,K,10,K 10,20,1,0,0,net_loss,-1.0,1679,-124.0
3380,34,Simplified,3381,78,7 7,3,5,3 5 6 8,22,1,0,0,net_win,1.0,1680,-123.0
3381,34,Simplified,3382,78,5 Q,Q,2,Q 2 9,21,1,0,0,net_loss,-1.0,1681,-124.0
3382,34,Simplified,3383,78,3 2,K,8,K 8,18,1,0,0,net_loss,-1.0,1682,-125.0
3383,34,Simplified,3384,78,A Q,8,8,8 8,16,1,0,0,player_blackjack,1.5,1683,-123.5
3384,34,Simplified,3385,78,9 4,9,Q,9 Q,19,1,0,0,net_loss,-1.0,1684,-124.5
3385,34,Simplified,3386,78,7 A,2,9,2 9 7,18,1,0,0,net_push,0.0,1685,-124.5
3386,34,Simplified,3387,78,8 6,K,J,K J,20,1,0,0,net_loss,-1.0,1686,-125.5
3387,34,Simplified,3388,78,8 A,9,3,9 3 7,19,1,0,0,net_push,0.0,1687,-125.5
3388,34,Simplified,3389,78,A 3,4,6,4 6 5 A 4,20,1,0,0,net_loss,-1.0,1688,-126.5
3389,34,Simplified,3390,78,10 K,K,5,K 5 3,18,1,0,0,net_win,1.0,1689,-125.5
3390,34,Simplified,3391,78,K 9,4,3,4 3 8 4,19,1,0,0,net_push,0.0,1690,-125.5
3391,34,Simplified,3392,78,10 6,3,9,3 9 6,18,1,0,0,net_loss,-1.0,1691,-126.5
3392,34,Simplified,3393,78,J J,Q,7,Q 7,17,1,0,0,net_win,1.0,1692,-125.5
3393,34,Simplified,3394,78,8 K,4,7,4 7 8,19,1,0,0,net_loss,-1.0,1693,-126.5
3394,34,Simplified,3395,78,2 J,3,9,3 9 5,17,1,0,0,net_loss,-1.0,1694,-127.5
3395,34,Simplified,3396,78,2 4,2,K,2 K K,22,1,0,0,net_win,1.0,1695,-126.5
3396,34,Simplified,3397,78,K 9,9,J,9 J,19,1,0,0,net_push,0.0,1696,-126.5
3397,34,Simplified,3398,78,2 Q,3,5,3 5 3 K,21,1,0,0,net_loss,-1.0,1697,-127.5
3398,34,Simplified,3399,78,A 6,Q,3,Q 3 A 2 9,25,1,0,0,net_win,1.0,1698,-126.5
3399,34,Simplified,3400,78,10 K,7,4,7 4 Q,21,1,0,0,net_loss,-1.0,1699,-127.5
3400,34,Simplified,3401,78,3 8,J,4,J 4 2 J,26,1,0,0,net_win,1.0,1700,-126.5
3401,35,Basic,3402,78,Q 10,Q,3,Q 3 J,23,1,0,0,net_win,1.0,1701,27.5
3402,35,Basic,3403,78,3 9,7,K,7 K,17,1,0,0,net_loss,-1.0,1702,26.5
3403,35,Basic,3404,78,A 4,A,Q,A Q,21,1,0,0,dealer_blackjack,-1.0,1703,25.5
3404,35,Basic,3405,78,9 J,4,7,4 7 K,21,1,0,0,net_loss,-1.0,1704,24.5
3405,35,Basic,3406,78,8 3,10,3,10 3 J,23,1,0,1,net_win,2.0,1705,26.5
3406,35,Basic,3407,78,4 9,8,K,8 K,18,1,0,0,net_loss,-1.0,1706,25.5
3407,35,Basic,3408,78,2 Q,8,4,8 4 K,22,1,0,0,net_win,1.0,1707,26.5
3408,35,Basic,3409,78,8 K,2,5,2 5 J,17,1,0,0,net_win,1.0,1708,27.5
3409,35,Basic,3410,78,7 10,K,7,K 7,17,1,0,0,net_push,0.0,1709,27.5
3410,35,Basic,3411,78,5 10,K,2,K 2 9,21,1,0,0,net_loss,-1.0,1710,26.5
3411,35,Basic,3412,78,10 4,A,2,A 2,13,1,0,0,net_loss,-1.0,1711,25.5
3412,35,Basic,3413,78,J A,6,Q,6 Q,16,1,0,0,player_blackjack,1.5,1712,27.0
3413,35,Basic,3414,78,6 7,J,3,J 3,13,1,0,0,net_loss,-1.0,1713,26.0
3414,35,Basic,3415,78,9 J,2,J,2 J 5,17,1,0,0,net_win,1.0,1714,27.0
3415,35,Basic,3416,78,Q 7,5,4,5 4 6 4,19,1,0,0,net_loss,-1.0,1715,26.0
3416,35,Basic,3417,78,8 Q,6,2,6 2 8 3,19,1,0,0,net_loss,-1.0,1716,25.0
3417,35,Basic,3418,78,3 3,3,3,3 3 10 9,25,2,1,0,net_win,2.0,1717,27.0
3418,35,Basic,3419,78,6 5,K,4,K 4 10,24,1,0,1,net_win,2.0,1718,29.0
3419,35,Basic,3420,78,8 6,Q,7,Q 7,17,1,0,0,net_loss,-1.0,1719,28.0
3420,35,Basic,3421,78,4 J,K,K,K K,20,1,0,0,net_loss,-1.0,1720,27.0
3421,35,Basic,3422,78,5 4,A,K,A K,21,1,0,0,dealer_blackjack,-1.0,1721,26.0
3422,35,Basic,3423,78,Q 5,4,8,4 8 2 J,24,1,0,0,net_win,1.0,1722,27.0
3423,35,Basic,3424,78,9 7,7,4,7 4,11,1,0,0,net_loss,-1.0,1723,26.0
3424,35,Basic,3425,78,4 9,A,5,A 5 9 K,25,1,0,0,net_win,1.0,1724,27.0
3425,35,Basic,3426,78,4 3,10,7,10 7,17,1,0,0,net_push,0.0,1725,27.0
3426,35,Basic,3427,78,8 5,7,3,7 3 2 5,17,1,0,0,net_win,1.0,1726,28.0
3427,35,Basic,3428,78,A 7,7,J,7 J,17,1,0,0,net_win,1.0,1727,29.0
3428,35,Basic,3429,78,4 4,A,J,A J,21,1,0,0,dealer_blackjack,-1.0,1728,28.0
3429,35,Basic,3430,78,4 A,J,3,J 3 4,17,1,0,0,net_win,1.0,1729,29.0
3430,35,Basic,3431,78,Q 6,10,10,10 10,20,1,0,0,net_loss,-1.0,1730,28.0
3431,35,Basic,3432,78,J 9,K,Q,K Q,20,1,0,0,net_loss,-1.0,1731,27.0
3432,35,Basic,3433,78,K 10,2,2,2 2 7 J,21,1,0,0,net_loss,-1.0,1732,26.0
3433,35,Basic,3434,78,6 Q,3,10,3 10 8,21,1,0,0,net_loss,-1.0,1733,25.0
3434,35,Basic,3435,78,K 5,2,7,2 7 9,18,1,0,0,net_loss,-1.0,1734,24.0
3435,35,Basic,3436,78,K K,3,Q,3 Q Q,23,1,0,0,net_win,1.0,1735,25.0
3436,35,Basic,3437,78,9 4,9,7,9 7,16,1,0,0,net_loss,-1.0,1736,24.0
3437,35,Basic,3438,78,9 J,10,7,10 7,17,1,0,0,net_win,1.0,1737,25.0
3438,35,Basic,3439,78,A 2,7,10,7 10,17,1,0,0,net_push,0.0,1738,25.0
3439,35,Basic,3440,78,5 6,4,7,4 7 K,21,1,0,1,net_loss,-2.0,1739,23.0
3440,35,Basic,3441,78,9 K,5,10,5 10 10,25,1,0,0,net_win,1.0,1740,24.0
3441,35,Basic,3442,78,2 J,3,J,3 J Q,23,1,0,0,net_win,1.0,1741,25.0
3442,35,Basic,3443,78,4 10,J,7,J 7,17,1,0,0,net_loss,-1.0,1742,24.0
3443,35,Basic,3444,78,5 K,9,7,9 7 9,25,1,0,0,net_win,1.0,1743,25.0
3444,35,Basic,3445,78,3 K,Q,2,Q 2 2 3,17,1,0,0,net_win,1.0,1744,26.0
3445,35,Basic,3446,78,10 A,8,5,8 5,13,1,0,0,player_blackjack,1.5,1745,27.5
3446,35,Basic,3447,78,4 K,5,3,5 3 7 A K,26,1,0,0,net_win,1.0,1746,28.5
3447,35,Basic,3448,78,J K,2,7,2 7 2 8,19,1,0,0,net_win,1.0,1747,29.5
3448,35,Basic,3449,78,A 9,10,3,10 3 Q,23,1,0,0,net_win,1.0,1748,30.5
3449,35,Basic,3450,78,5 Q,7,2,7 2,9,1,0,0,net_loss,-1.0,1749,29.5
3450,35,Basic,3451,78,4 9,A,5,A 5,16,1,0,0,net_loss,-1.0,1750,28.5
3451,35,Basic,3452,78,5 10,Q,2,Q 2,12,1,0,0,net_loss,-1.0,1751,27.5
3452,35,Basic,3453,78,8 10,J,7,J 7,17,1,0,0,net_win,1.0,1752,28.5
3453,35,Basic,3454,78,5 3,5,K,5 K 5,20,1,0,0,net_loss,-1.0,1753,27.5
3454,35,Basic,3455,78,3 10,A,6,A 6,17,1,0,0,net_loss,-1.0,1754,26.5
3455,35,Basic,3456,78,J 3,2,J,2 J 6,18,1,0,0,net_loss,-1.0,1755,25.5
3456,35,Basic,3457,78,Q A,4,5,4 5,9,1,0,0,player_blackjack,1.5,1756,27.0
3457,35,Basic,3458,78,10 8,2,6,2 6 J,18,1,0,0,net_push,0.0,1757,27.0
3458,35,Basic,3459,78,3 A,3,9,3 9 A 9,22,1,0,0,net_win,1.0,1758,28.0
3459,35,Basic,3460,78,7 7,Q,2,Q 2 3 4,19,1,0,0,net_push,0.0,1759,28.0
3460,35,Basic,3461,78,2 9,2,10,2 10 J,22,1,0,1,net_win,2.0,1760,30.0
3461,35,Basic,3462,78,9 6,3,10,3 10 5,18,1,0,0,net_loss,-1.0,1761,29.0
3462,35,Basic,3463,78,10 3,9,4,9 4 3 J,26,1,0,0,net_win,1.0,1762,30.0
3463,35,Basic,3464,78,K 6,7,4,7 4,11,1,0,0,net_loss,-1.0,1763,29.0
3464,35,Basic,3465,78,9 10,K,3,K 3 K,23,1,0,0,net_win,1.0,1764,30.0
3465,35,Basic,3466,78,6 A,A,7,A 7,18,1,0,0,net_win,1.0,1765,31.0
3466,35,Basic,3467,78,A 3,3,8,3 8 2 7,20,1,0,0,net_loss,-1.0,1766,30.0
3467,35,Basic,3468,78,A 5,5,Q,5 Q 6,21,1,0,1,net_loss,-2.0,1767,28.0
3468,35,Basic,3469,78,5 9,8,8,8 8,16,1,0,0,net_loss,-1.0,1768,27.0
3469,35,Basic,3470,78,Q J,9,7,9 7 10,26,1,0,0,net_win,1.0,1769,28.0
3470,35,Basic,3471,78,J 2,8,3,8 3 10,21,1,0,0,net_loss,-1.0,1770,27.0
3471,35,Basic,3472,78,J 3,10,J,10 J,20,1,0,0,net_loss,-1.0,1771,26.0
3472,35,Basic,3473,78,K A,3,8,3 8,11,1,0,0,player_blackjack,1.5,1772,27.5
3473,35,Basic,3474,78,K Q,10,7,10 7,17,1,0,0,net_win,1.0,1773,28.5
3474,35,Basic,3475,78,9 J,J,5,J 5 10,25,1,0,0,net_win,1.0,1774,29.5
3475,35,Basic,3476,78,A 5,J,7,J 7,17,1,0,0,net_loss,-1.0,1775,28.5
3476,35,Basic,3477,78,J Q,10,4,10 4 2 J,26,1,0,0,net_win,1.0,1776,29.5
3477,35,Basic,3478,78,A J,9,J,9 J,19,1,0,0,player_blackjack,1.5,1777,31.0
3478,35,Basic,3479,78,10 10,2,9,2 9 3 7,21,1,0,0,net_loss,-1.0,1778,30.0
3479,35,Basic,3480,78,J Q,10,4,10 4 3,17,1,0,0,net_win,1.0,1779,31.0
3480,35,Basic,3481,78,5 6,J,7,J 7,17,1,0,1,net_win,2.0,1780,33.0
3481,35,Basic,3482,78,4 5,6,6,6 6 A J,23,1,0,1,net_win,2.0,1781,35.0
3482,35,Basic,3483,78,2 2,4,6,4 6 5 5,20,2,1,0,net_loss,-2.0,1782,33.0
3483,35,Basic,3484,78,5 7,4,Q,4 Q 10,24,1,0,0,net_win,1.0,1783,34.0
3484,35,Basic,3485,78,2 6,10,K,10 K,20,1,0,0,net_loss,-1.0,1784,33.0
3485,35,Basic,3486,78,8 10,5,2,5 2 9 6,22,1,0,0,net_win,1.0,1785,34.0
3486,35,Basic,3487,78,J 10,2,J,2 J Q,22,1,0,0,net_win,1.0,1786,35.0
3487,35,Basic,3488,78,A 2,A,A,A A,12,1,0,0,net_loss,-1.0,1787,34.0
3488,35,Basic,3489,78,2 K,9,K,9 K,19,1,0,0,net_loss,-1.0,1788,33.0
3489,35,Basic,3490,78,2 3,10,9,10 9,19,1,0,0,net_win,1.0,1789,34.0
3490,35,Basic,3491,78,Q 9,K,7,K 7,17,1,0,0,net_win,1.0,1790,35.0
3491,35,Basic,3492,78,A J,Q,8,Q 8,18,1,0,0,player_blackjack,1.5,1791,36.5
3492,35,Basic,3493,78,8 7,J,10,J 10,20,1,0,0,net_loss,-1.0,1792,35.5
3493,35,Basic,3494,78,4 3,J,Q,J Q,20,1,0,0,net_loss,-1.0,1793,34.5
3494,35,Basic,3495,78,4 2,6,6,6 6 10,22,1,0,0,net_win,1.0,1794,35.5
3495,35,Basic,3496,78,K K,A,4,A 4 K K,25,1,0,0,net_win,1.0,1795,36.5
3496,35,Basic,3497,78,5 5,3,8,3 8 J,21,1,0,1,net_loss,-2.0,1796,34.5
3497,35,Basic,3498,78,J 4,6,5,6 5 9,20,1,0,0,net_loss,-1.0,1797,33.5
3498,35,Basic,3499,78,5 A,4,9,4 9 A 9,23,1,0,1,net_win,2.0,1798,35.5
3499,35,Basic,3500,78,5 6,2,2,2 2 7 7,18,1,0,1,net_loss,-2.0,1799,33.5
3500,35,Basic,3501,78,2 7,3,7,3 7 5 6,21,1,0,1,net_loss,-2.0,1800,31.5
3501,36,Simplified,3502,78,3 J,10,6,10 6 5,21,1,0,0,net_loss,-1.0,1701,-127.5
3502,36,Simplified,3503,78,9 J,A,6,A 6,17,1,0,0,net_win,1.0,1702,-126.5
3503,36,Simplified,3504,78,9 10,9,J,9 J,19,1,0,0,net_push,0.0,1703,-126.5
3504,36,Simplified,3505,78,J 3,9,Q,9 Q,19,1,0,0,net_loss,-1.0,1704,-127.5
3505,36,Simplified,3506,78,A 8,6,5,6 5 2 2 4,19,1,0,0,net_push,0.0,1705,-127.5
3506,36,Simplified,3507,78,A K,J,8,J 8,18,1,0,0,player_blackjack,1.5,1706,-126.0
3507,36,Simplified,3508,78,K 4,J,5,J 5 6,21,1,0,0,net_loss,-1.0,1707,-127.0
3508,36,Simplified,3509,78,K J,Q,5,Q 5 3,18,1,0,0,net_win,1.0,1708,-126.0
3509,36,Simplified,3510,78,4 Q,Q,5,Q 5 4,19,1,0,0,net_loss,-1.0,1709,-127.0
3510,36,Simplified,3511,78,9 3,10,3,10 3 6,19,1,0,0,net_loss,-1.0,1710,-128.0
3511,36,Simplified,3512,78,2 2,Q,5,Q 5 3,18,1,0,0,net_loss,-1.0,1711,-129.0
3512,36,Simplified,3513,78,2 5,6,J,6 J 9,25,1,0,0,net_win,1.0,1712,-128.0
3513,36,Simplified,3514,78,8 A,8,8,8 8 6,22,1,0,0,net_win,1.0,1713,-127.0
3514,36,Simplified,3515,78,Q 6,J,2,J 2 3 10,25,1,0,0,net_win,1.0,1714,-126.0
3515,36,Simplified,3516,78,8 K,7,6,7 6 K,23,1,0,0,net_win,1.0,1715,-125.0
3516,36,Simplified,3517,78,9 4,A,8,A 8,19,1,0,0,net_loss,-1.0,1716,-126.0
3517,36,Simplified,3518,78,9 4,3,J,3 J 4,17,1,0,0,net_loss,-1.0,1717,-127.0
3518,36,Simplified,3519,78,7 7,J,2,J 2 Q,22,1,0,0,net_win,1.0,1718,-126.0
3519,36,Simplified,3520,78,3 5,8,Q,8 Q,18,1,0,0,net_loss,-1.0,1719,-127.0
3520,36,Simplified,3521,78,A Q,7,K,7 K,17,1,0,0,player_blackjack,1.5,1720,-125.5
3521,36,Simplified,3522,78,8 Q,Q,9,Q 9,19,1,0,0,net_loss,-1.0,1721,-126.5
3522,36,Simplified,3523,78,9 10,2,8,2 8 5 9,24,1,0,0,net_win,1.0,1722,-125.5
3523,36,Simplified,3524,78,Q A,3,2,3 2,5,1,0,0,player_blackjack,1.5,1723,-124.0
3524,36,Simplified,3525,78,Q J,7,A,7 A,18,1,0,0,net_win,1.0,1724,-123.0
3525,36,Simplified,3526,78,K 10,10,J,10 J,20,1,0,0,net_push,0.0,1725,-123.0
3526,36,Simplified,3527,78,8 A,7,2,7 2 9,18,1,0,0,net_win,1.0,1726,-122.0
3527,36,Simplified,3528,78,6 J,9,A,9 A,20,1,0,0,net_loss,-1.0,1727,-123.0
3528,36,Simplified,3529,78,7 6,K,6,K 6 J,26,1,0,0,net_win,1.0,1728,-122.0
3529,36,Simplified,3530,78,A 8,6,9,6 9 8,23,1,0,0,net_win,1.0,1729,-121.0
3530,36,Simplified,3531,78,9 3,3,3,3 3 7 10,23,1,0,0,net_win,1.0,1730,-120.0
3531,36,Simplified,3532,78,7 6,4,3,4 3 4 Q,21,1,0,0,net_loss,-1.0,1731,-121.0
3532,36,Simplified,3533,78,2 8,3,A,3 A 3,17,1,0,0,net_win,1.0,1732,-120.0
3533,36,Simplified,3534,78,A 10,4,2,4 2,6,1,0,0,player_blackjack,1.5,1733,-118.5
3534,36,Simplified,3535,78,A 6,8,9,8 9,17,1,0,0,net_push,0.0,1734,-118.5
3535,36,Simplified,3536,78,10 8,7,8,7 8 7,22,1,0,0,net_win,1.0,1735,-117.5
3536,36,Simplified,3537,78,J 5,8,10,8 10,18,1,0,0,net_loss,-1.0,1736,-118.5
3537,36,Simplified,3538,78,7 5,10,A,10 A,21,1,0,0,dealer_blackjack,-1.0,1737,-119.5
3538,36,Simplified,3539,78,4 Q,4,6,4 6 3 3 6,22,1,0,0,net_win,1.0,1738,-118.5
3539,36,Simplified,3540,78,8 2,A,A,A A J 2 6,20,1,0,0,net_loss,-1.0,1739,-119.5
3540,36,Simplified,3541,78,K 4,6,4,6 4 3 9,22,1,0,0,net_win,1.0,1740,-118.5
3541,36,Simplified,3542,78,3 K,8,7,8 7 3,18,1,0,0,net_loss,-1.0,1741,-119.5
3542,36,Simplified,3543,78,9 8,3,2,3 2 8 K,23,1,0,0,net_win,1.0,1742,-118.5
3543,36,Simplified,3544,78,5 Q,Q,J,Q J,20,1,0,0,net_loss,-1.0,1743,-119.5
3544,36,Simplified,3545,78,3 8,K,J,K J,20,1,0,0,net_win,1.0,1744,-118.5
3545,36,Simplified,3546,78,3 10,2,A,2 A 2 7 5,17,1,0,0,net_loss,-1.0,1745,-119.5
3546,36,Simplified,3547,78,A 4,2,5,2 5 10,17,1,0,0,net_loss,-1.0,1746,-120.5
3547,36,Simplified,3548,78,6 K,8,2,8 2 10,20,1,0,0,net_loss,-1.0,1747,-121.5
3548,36,Simplified,3549,78,K 10,6,K,6 K 7,23,1,0,0,net_win,1.0,1748,-120.5
3549,36,Simplified,3550,78,Q 7,4,3,4 3 4 10,21,1,0,0,net_loss,-1.0,1749,-121.5
3550,36,Simplified,3551,78,5 8,9,3,9 3 7,19,1,0,0,net_loss,-1.0,1750,-122.5
3551,36,Simplified,3552,78,6 8,6,5,6 5 8,19,1,0,0,net_loss,-1.0,1751,-123.5
3552,36,Simplified,3553,78,8 6,10,3,10 3 7,20,1,0,0,net_loss,-1.0,1752,-124.5
3553,36,Simplified,3554,78,7 8,Q,4,Q 4 A 2,17,1,0,0,net_loss,-1.0,1753,-125.5
3554,36,Simplified,3555,78,3 10,5,J,5 J Q,25,1,0,0,net_win,1.0,1754,-124.5
3555,36,Simplified,3556,78,10 10,8,J,8 J,18,1,0,0,net_win,1.0,1755,-123.5
3556,36,Simplified,3557,78,3 4,5,A,5 A 9 10,25,1,0,0,net_win,1.0,1756,-122.5
3557,36,Simplified,3558,78,Q 3,5,4,5 4 2 3 7,21,1,0,0,net_loss,-1.0,1757,-123.5
3558,36,Simplified,3559,78,K 9,10,K,10 K,20,1,0,0,net_loss,-1.0,1758,-124.5
3559,36,Simplified,3560,78,10 8,8,J,8 J,18,1,0,0,net_push,0.0,1759,-124.5
3560,36,Simplified,3561,78,3 A,6,10,6 10 6,22,1,0,0,net_win,1.0,1760,-123.5
3561,36,Simplified,3562,78,J A,A,4,A 4,15,1,0,0,player_blackjack,1.5,1761,-122.0
3562,36,Simplified,3563,78,3 4,3,J,3 J 7,20,1,0,0,net_win,1.0,1762,-121.0
3563,36,Simplified,3564,78,10 A,6,7,6 7,13,1,0,0,player_blackjack,1.5,1763,-119.5
3564,36,Simplified,3565,78,A 10,5,10,5 10,15,1,0,0,player_blackjack,1.5,1764,-118.0
3565,36,Simplified,3566,78,2 J,A,2,A 2 10 Q,23,1,0,0,net_win,1.0,1765,-117.0
3566,36,Simplified,3567,78,8 A,7,4,7 4 K,21,1,0,0,net_loss,-1.0,1766,-118.0
3567,36,Simplified,3568,78,4 10,5,5,5 5 J,20,1,0,0,net_loss,-1.0,1767,-119.0
3568,36,Simplified,3569,78,3 2,6,Q,6 Q 8,24,1,0,0,net_win,1.0,1768,-118.0
3569,36,Simplified,3570,78,10 7,5,Q,5 Q 7,22,1,0,0,net_win,1.0,1769,-117.0
3570,36,Simplified,3571,78,A Q,9,9,9 9,18,1,0,0,player_blackjack,1.5,1770,-115.5
3571,36,Simplified,3572,78,A 6,4,3,4 3 Q,17,1,0,0,net_loss,-1.0,1771,-116.5
3572,36,Simplified,3573,78,J J,2,Q,2 Q 5,17,1,0,0,net_win,1.0,1772,-115.5
3573,36,Simplified,3574,78,7 5,A,8,A 8,19,1,0,0,net_loss,-1.0,1773,-116.5
3574,36,Simplified,3575,78,3 Q,J,5,J 5 K,25,1,0,0,net_win,1.0,1774,-115.5
3575,36,Simplified,3576,78,4 10,K,A,K A,21,1,0,0,dealer_blackjack,-1.0,1775,-116.5
3576,36,Simplified,3577,78,K 3,7,8,7 8 6,21,1,0,0,net_loss,-1.0,1776,-117.5
3577,36,Simplified,3578,78,7 K,3,5,3 5 10,18,1,0,0,net_loss,-1.0,1777,-118.5
3578,36,Simplified,3579,78,3 8,8,3,8 3 8,19,1,0,0,net_win,1.0,1778,-117.5
3579,36,Simplified,3580,78,7 2,10,3,10 3 J,23,1,0,0,net_win,1.0,1779,-116.5
3580,36,Simplified,3581,78,5 5,A,6,A 6,17,1,0,0,net_win,1.0,1780,-115.5
3581,36,Simplified,3582,78,6 A,J,3,J 3 J,23,1,0,0,net_win,1.0,1781,-114.5
3582,36,Simplified,3583,78,J Q,A,6,A 6,17,1,0,0,net_win,1.0,1782,-113.5
3583,36,Simplified,3584,78,J 7,A,J,A J,21,1,0,0,dealer_blackjack,-1.0,1783,-114.5
3584,36,Simplified,3585,78,Q 5,9,K,9 K,19,1,0,0,net_loss,-1.0,1784,-115.5
3585,36,Simplified,3586,78,7 10,10,2,10 2 K,22,1,0,0,net_win,1.0,1785,-114.5
3586,36,Simplified,3587,78,6 10,A,J,A J,21,1,0,0,dealer_blackjack,-1.0,1786,-115.5
3587,36,Simplified,3588,78,10 A,7,K,7 K,17,1,0,0,player_blackjack,1.5,1787,-114.0
3588,36,Simplified,3589,78,5 5,3,10,3 10 Q,23,1,0,0,net_win,1.0,1788,-113.0
3589,36,Simplified,3590,78,K 7,9,6,9 6 5,20,1,0,0,net_loss,-1.0,1789,-114.0
3590,36,Simplified,3591,78,K 10,9,8,9 8,17,1,0,0,net_win,1.0,1790,-113.0
3591,36,Simplified,3592,78,9 3,7,3,7 3 5 2,17,1,0,0,net_loss,-1.0,1791,-114.0
3592,36,Simplified,3593,78,8 3,Q,5,Q 5 K,25,1,0,0,net_win,1.0,1792,-113.0
3593,36,Simplified,3594,78,9 K,A,2,A 2 10 A 9,23,1,0,0,net_win,1.0,1793,-112.0
3594,36,Simplified,3595,78,7 K,6,5,6 5 7,18,1,0,0,net_loss,-1.0,1794,-113.0
3595,36,Simplified,3596,78,Q 2,K,3,K 3 5,18,1,0,0,net_loss,-1.0,1795,-114.0
3596,36,Simplified,3597,78,3 9,A,8,A 8,19,1,0,0,net_loss,-1.0,1796,-115.0
3597,36,Simplified,3598,78,6 6,J,9,J 9,19,1,0,0,net_loss,-1.0,1797,-116.0
3598,36,Simplified,3599,78,J 10,2,2,2 2 8 J,22,1,0,0,net_win,1.0,1798,-115.0
3599,36,Simplified,3600,78,6 2,A,8,A 8,19,1,0,0,net_loss,-1.0,1799,-116.0
3600,36,Simplified,3601,78,10 4,K,8,K 8,18,1,0,0,net_loss,-1.0,1800,-117.0
3601,37,Basic,3602,78,7 9,A,5,A 5 8 J,24,1,0,0,net_win,1.0,1801,32.5
3602,37,Basic,3603,78,A Q,8,J,8 J,18,1,0,0,player_blackjack,1.5,1802,34.0
3603,37,Basic,3604,78,10 K,K,4,K 4 9,23,1,0,0,net_win,1.0,1803,35.0
3604,37,Basic,3605,78,10 3,2,4,2 4 5 K,21,1,0,0,net_loss,-1.0,1804,34.0
3605,37,Basic,3606,78,8 A,A,2,A 2 J A 6,20,1,0,0,net_loss,-1.0,1805,33.0
3606,37,Basic,3607,78,5 6,K,7,K 7,17,1,0,1,net_win,2.0,1806,35.0
3607,37,Basic,3608,78,A 6,5,7,5 7 2 6,20,1,0,1,net_push,0.0,1807,35.0
3608,37,Basic,3609,78,8 J,6,8,6 8 A 3,18,1,0,0,net_push,0.0,1808,35.0
3609,37,Basic,3610,78,4 K,10,2,10 2,12,1,0,0,net_loss,-1.0,1809,34.0
3610,37,Basic,3611,78,7 J,4,9,4 9 K,23,1,0,0,net_win,1.0,1810,35.0
3611,37,Basic,3612,78,9 5,J,2,J 2,12,1,0,0,net_loss,-1.0,1811,34.0
3612,37,Basic,3613,78,2 A,Q,Q,Q Q,20,1,0,0,net_loss,-1.0,1812,33.0
3613,37,Basic,3614,78,J 6,6,4,6 4 3 5,18,1,0,0,net_loss,-1.0,1813,32.0
3614,37,Basic,3615,78,6 Q,5,Q,5 Q 10,25,1,0,0,net_win,1.0,1814,33.0
3615,37,Basic,3616,78,9 8,7,Q,7 Q,17,1,0,0,net_push,0.0,1815,33.0
3616,37,Basic,3617,78,8 A,K,A,K A,21,1,0,0,dealer_blackjack,-1.0,1816,32.0
3617,37,Basic,3618,78,Q 2,J,3,J 3,13,1,0,0,net_loss,-1.0,1817,31.0
3618,37,Basic,3619,78,6 J,7,6,7 6 8,21,1,0,0,net_loss,-1.0,1818,30.0
3619,37,Basic,3620,78,4 9,K,2,K 2,12,1,0,0,net_loss,-1.0,1819,29.0
3620,37,Basic,3621,78,5 3,4,4,4 4 8 J,26,1,0,0,net_win,1.0,1820,30.0
3621,37,Basic,3622,78,Q 5,Q,2,Q 2 8,20,1,0,0,net_win,1.0,1821,31.0
3622,37,Basic,3623,78,4 2,K,K,K K,20,1,0,0,net_win,1.0,1822,32.0
3623,37,Basic,3624,78,9 J,5,7,5 7 9,21,1,0,0,net_loss,-1.0,1823,31.0
3624,37,Basic,3625,78,Q Q,10,4,10 4 K,24,1,0,0,net_win,1.0,1824,32.0
3625,37,Basic,3626,78,7 7,2,6,2 6 7 K,25,2,1,1,net_win,3.0,1825,35.0
3626,37,Basic,3627,78,5 10,6,7,6 7 2 K,25,1,0,0,net_win,1.0,1826,36.0
3627,37,Basic,3628,78,A 4,9,6,9 6 8,23,1,0,0,net_win,1.0,1827,37.0
3628,37,Basic,3629,78,K 3,10,9,10 9,19,1,0,0,net_loss,-1.0,1828,36.0
3629,37,Basic,3630,78,6 10,10,J,10 J,20,1,0,0,net_loss,-1.0,1829,35.0
3630,37,Basic,3631,78,K 9,10,2,10 2 4 A,17,1,0,0,net_win,1.0,1830,36.0
3631,37,Basic,3632,78,K A,J,J,J J,20,1,0,0,player_blackjack,1.5,1831,37.5
3632,37,Basic,3633,78,9 10,K,7,K 7,17,1,0,0,net_win,1.0,1832,38.5
3633,37,Basic,3634,78,10 3,Q,6,Q 6,16,1,0,0,net_loss,-1.0,1833,37.5
3634,37,Basic,3635,78,A 2,K,7,K 7,17,1,0,0,net_loss,-1.0,1834,36.5
3635,37,Basic,3636,78,Q K,10,8,10 8,18,1,0,0,net_win,1.0,1835,37.5
3636,37,Basic,3637,78,3 9,Q,J,Q J,20,1,0,0,net_loss,-1.0,1836,36.5
3637,37,Basic,3638,78,4 2,8,K,8 K,18,1,0,0,net_win,1.0,1837,37.5
3638,37,Basic,3639,78,K 9,2,6,2 6 9,17,1,0,0,net_win,1.0,1838,38.5
3639,37,Basic,3640,78,A 4,3,10,3 10 8,21,1,0,0,net_loss,-1.0,1839,37.5
3640,37,Basic,3641,78,A 9,2,K,2 K 8,20,1,0,0,net_push,0.0,1840,37.5
3641,37,Basic,3642,78,5 3,J,Q,J Q,20,1,0,0,net_loss,-1.0,1841,36.5
3642,37,Basic,3643,78,2 9,Q,A,Q A,21,1,0,0,dealer_blackjack,-1.0,1842,35.5
3643,37,Basic,3644,78,K A,5,4,5 4,9,1,0,0,player_blackjack,1.5,1843,37.0
3644,37,Basic,3645,78,J 9,3,9,3 9 3 6,21,1,0,0,net_loss,-1.0,1844,36.0
3645,37,Basic,3646,78,8 4,2,9,2 9,11,1,0,0,net_loss,-1.0,1845,35.0
3646,37,Basic,3647,78,A A,7,5,7 5 3 2,17,2,1,0,net_loss,-2.0,1846,33.0
3647,37,Basic,3648,78,6 2,7,10,7 10,17,1,0,0,net_win,1.0,1847,34.0
3648,37,Basic,3649,78,Q 3,7,J,7 J,17,1,0,0,net_push,0.0,1848,34.0
3649,37,Basic,3650,78,10 10,K,4,K 4 K,24,1,0,0,net_win,1.0,1849,35.0
3650,37,Basic,3651,78,4 9,7,3,7 3,10,1,0,0,net_loss,-1.0,1850,34.0
3651,37,Basic,3652,78,K 2,3,J,3 J,13,1,0,0,net_loss,-1.0,1851,33.0
3652,37,Basic,3653,78,J 8,2,J,2 J 7,19,1,0,0,net_loss,-1.0,1852,32.0
3653,37,Basic,3654,78,2 3,2,J,2 J A A A 5,20,1,0,0,net_loss,-1.0,1853,31.0
3654,37,Basic,3655,78,8 10,5,5,5 5 8,18,1,0,0,net_push,0.0,1854,31.0
3655,37,Basic,3656,78,2 Q,10,2,10 2 3 8,23,1,0,0,net_win,1.0,1855,32.0
3656,37,Basic,3657,78,5 J,3,8,3 8 10,21,1,0,0,net_loss,-1.0,1856,31.0
3657,37,Basic,3658,78,J 10,5,2,5 2 10,17,1,0,0,net_win,1.0,1857,32.0
3658,37,Basic,3659,78,K 8,6,8,6 8 9,23,1,0,0,net_win,1.0,1858,33.0
3659,37,Basic,3660,78,Q 5,K,A,K A,21,1,0,0,dealer_blackjack,-1.0,1859,32.0
3660,37,Basic,3661,78,8 7,K,J,K J,20,1,0,0,net_loss,-1.0,1860,31.0
3661,37,Basic,3662,78,J 4,4,8,4 8 K,22,1,0,0,net_win,1.0,1861,32.0
3662,37,Basic,3663,78,8 9,5,8,5 8 Q,23,1,0,0,net_win,1.0,1862,33.0
3663,37,Basic,3664,78,8 4,8,8,8 8 K,26,1,0,0,net_win,1.0,1863,34.0
3664,37,Basic,3665,78,3 2,A,7,A 7,18,1,0,0,net_win,1.0,1864,35.0
3665,37,Basic,3666,78,3 8,J,Q,J Q,20,1,0,1,net_loss,-2.0,1865,33.0
3666,37,Basic,3667,78,4 5,2,8,2 8 K,20,1,0,0,net_push,0.0,1866,33.0
3667,37,Basic,3668,78,A 4,K,2,K 2 3 8,23,1,0,0,net_win,1.0,1867,34.0
3668,37,Basic,3669,78,K 8,4,3,4 3 8 9,24,1,0,0,net_win,1.0,1868,35.0
3669,37,Basic,3670,78,5 3,9,K,9 K,19,1,0,0,net_loss,-1.0,1869,34.0
3670,37,Basic,3671,78,A 5,K,2,K 2 J,22,1,0,0,net_win,1.0,1870,35.0
3671,37,Basic,3672,78,10 4,3,8,3 8 4 4,19,1,0,0,net_loss,-1.0,1871,34.0
3672,37,Basic,3673,78,J 5,5,8,5 8 9,22,1,0,0,net_win,1.0,1872,35.0
3673,37,Basic,3674,78,2 7,5,7,5 7 3 A 3,19,1,0,1,net_push,0.0,1873,35.0
3674,37,Basic,3675,78,2 7,6,A,6 A,17,1,0,1,net_win,2.0,1874,37.0
3675,37,Basic,3676,78,9 8,7,4,7 4 10,21,1,0,0,net_loss,-1.0,1875,36.0
3676,37,Basic,3677,78,8 Q,2,A,2 A K 10,23,1,0,0,net_win,1.0,1876,37.0
3677,37,Basic,3678,78,10 J,6,3,6 3 9,18,1,0,0,net_win,1.0,1877,38.0
3678,37,Basic,3679,78,10 4,6,8,6 8 10,24,1,0,0,net_win,1.0,1878,39.0
3679,37,Basic,3680,78,4 J,3,8,3 8 J,21,1,0,0,net_loss,-1.0,1879,38.0
3680,37,Basic,3681,78,8 9,9,J,9 J,19,1,0,0,net_loss,-1.0,1880,37.0
3681,37,Basic,3682,78,3 2,6,J,6 J 8,24,1,0,0,net_win,1.0,1881,38.0
3682,37,Basic,3683,78,2 Q,J,8,J 8,18,1,0,0,net_win,1.0,1882,39.0
3683,37,Basic,3684,78,2 10,4,K,4 K 6,20,1,0,0,net_loss,-1.0,1883,38.0
3684,37,Basic,3685,78,2 A,10,J,10 J,20,1,0,0,net_loss,-1.0,1884,37.0
3685,37,Basic,3686,78,3 4,7,6,7 6,13,1,0,0,net_loss,-1.0,1885,36.0
3686,37,Basic,3687,78,Q 10,10,A,10 A,21,1,0,0,dealer_blackjack,-1.0,1886,35.0
3687,37,Basic,3688,78,4 9,J,5,J 5,15,1,0,0,net_loss,-1.0,1887,34.0
3688,37,Basic,3689,78,3 K,7,10,7 10,17,1,0,0,net_win,1.0,1888,35.0
3689,37,Basic,3690,78,7 9,2,4,2 4 K A,17,1,0,0,net_loss,-1.0,1889,34.0
3690,37,Basic,3691,78,10 5,10,2,10 2 2 K,24,1,0,0,net_win,1.0,1890,35.0
3691,37,Basic,3692,78,7 3,4,J,4 J 4,18,1,0,1,net_win,2.0,1891,37.0
3692,37,Basic,3693,78,2 Q,5,2,5 2 A,18,1,0,0,net_loss,-1.0,1892,36.0
3693,37,Basic,3694,78,7 6,6,2,6 2 10,18,1,0,0,net_loss,-1.0,1893,35.0
3694,37,Basic,3695,78,J 6,8,9,8 9,17,1,0,0,net_loss,-1.0,1894,34.0
3695,37,Basic,3696,78,A 6,4,Q,4 Q 4,18,1,0,1,net_push,0.0,1895,34.0
3696,37,Basic,3697,78,7 10,9,A,9 A,20,1,0,0,net_loss,-1.0,1896,33.0
3697,37,Basic,3698,78,5 K,A,9,A 9,20,1,0,0,net_loss,-1.0,1897,32.0
3698,37,Basic,3699,78,3 9,9,5,9 5,14,1,0,0,net_loss,-1.0,1898,31.0
3699,37,Basic,3700,78,Q 10,A,5,A 5 Q 3,19,1,0,0,net_win,1.0,1899,32.0
3700,37,Basic,3701,78,6 2,K,7,K 7,17,1,0,0,net_push,0.0,1900,32.0
3701,38,Simplified,3702,78,Q 7,3,Q,3 Q K,23,1,0,0,net_win,1.0,1801,-116.0
3702,38,Simplified,3703,78,A J,3,5,3 5,8,1,0,0,player_blackjack,1.5,1802,-114.5
3703,38,Simplified,3704,78,Q 7,9,10,9 10,19,1,0,0,net_loss,-1.0,1803,-115.5
3704,38,Simplified,3705,78,K 5,2,7,2 7 4 8,21,1,0,0,net_loss,-1.0,1804,-116.5
3705,38,Simplified,3706,78,3 7,8,5,8 5 8,21,1,0,0,net_loss,-1.0,1805,-117.5
3706,38,Simplified,3707,78,5 10,8,6,8 6 4,18,1,0,0,net_loss,-1.0,1806,-118.5
3707,38,Simplified,3708,78,7 J,10,6,10 6 Q,26,1,0,0,net_win,1.0,1807,-117.5
3708,38,Simplified,3709,78,5 4,5,4,5 4 5 K,24,1,0,0,net_win,1.0,1808,-116.5
3709,38,Simplified,3710,78,A K,3,6,3 6,9,1,0,0,player_blackjack,1.5,1809,-115.0
3710,38,Simplified,3711,78,Q 5,10,2,10 2 4 4,20,1,0,0,net_loss,-1.0,1810,-116.0
3711,38,Simplified,3712,78,K 4,9,8,9 8,17,1,0,0,net_loss,-1.0,1811,-117.0
3712,38,Simplified,3713,78,7 4,9,6,9 6 5,20,1,0,0,net_win,1.0,1812,-116.0
3713,38,Simplified,3714,78,2 3,Q,10,Q 10,20,1,0,0,net_loss,-1.0,1813,-117.0
3714,38,Simplified,3715,78,2 7,7,10,7 10,17,1,0,0,net_win,1.0,1814,-116.0
3715,38,Simplified,3716,78,10 J,2,3,2 3 Q 4,19,1,0,0,net_win,1.0,1815,-115.0
3716,38,Simplified,3717,78,9 9,5,7,5 7 J,22,1,0,0,net_win,1.0,1816,-114.0
3717,38,Simplified,3718,78,6 4,9,K,9 K,19,1,0,0,net_win,1.0,1817,-113.0
3718,38,Simplified,3719,78,8 J,3,10,3 10 8,21,1,0,0,net_loss,-1.0,1818,-114.0
3719,38,Simplified,3720,78,2 2,9,6,9 6 K,25,1,0,0,net_win,1.0,1819,-113.0
3720,38,Simplified,3721,78,J 2,A,3,A 3 A 3,18,1,0,0,net_loss,-1.0,1820,-114.0
3721,38,Simplified,3722,78,2 3,5,10,5 10 9,24,1,0,0,net_win,1.0,1821,-113.0
3722,38,Simplified,3723,78,2 K,5,9,5 9 9,23,1,0,0,net_win,1.0,1822,-112.0
3723,38,Simplified,3724,78,A 3,Q,Q,Q Q,20,1,0,0,net_win,1.0,1823,-111.0
3724,38,Simplified,3725,78,8 9,A,3,A 3 9 2 2,17,1,0,0,net_push,0.0,1824,-111.0
3725,38,Simplified,3726,78,3 A,2,8,2 8 K,20,1,0,0,net_loss,-1.0,1825,-112.0
3726,38,Simplified,3727,78,8 7,3,5,3 5 Q,18,1,0,0,net_loss,-1.0,1826,-113.0
3727,38,Simplified,3728,78,10 3,7,A,7 A,18,1,0,0,net_loss,-1.0,1827,-114.0
3728,38,Simplified,3729,78,3 10,3,J,3 J 9,22,1,0,0,net_win,1.0,1828,-113.0
3729,38,Simplified,3730,78,8 3,3,4,3 4 A,18,1,0,0,net_push,0.0,1829,-113.0
3730,38,Simplified,3731,78,3 Q,7,9,7 9 7,23,1,0,0,net_win,1.0,1830,-112.0
3731,38,Simplified,3732,78,4 5,A,6,A 6,17,1,0,0,net_win,1.0,1831,-111.0
3732,38,Simplified,3733,78,10 4,10,J,10 J,20,1,0,0,net_loss,-1.0,1832,-112.0
3733,38,Simplified,3734,78,K A,A,8,A 8,19,1,0,0,player_blackjack,1.5,1833,-110.5
3734,38,Simplified,3735,78,Q K,6,5,6 5 7,18,1,0,0,net_win,1.0,1834,-109.5
3735,38,Simplified,3736,78,J K,5,2,5 2 3 J,20,1,0,0,net_push,0.0,1835,-109.5
3736,38,Simplified,3737,78,2 7,8,9,8 9,17,1,0,0,net_win,1.0,1836,-108.5
3737,38,Simplified,3738,78,9 2,7,6,7 6 J,23,1,0,0,net_win,1.0,1837,-107.5
3738,38,Simplified,3739,78,9 5,9,5,9 5 2 4,20,1,0,0,net_loss,-1.0,1838,-108.5
3739,38,Simplified,3740,78,9 6,9,10,9 10,19,1,0,0,net_loss,-1.0,1839,-109.5
3740,38,Simplified,3741,78,K 6,3,J,3 J 2 2,17,1,0,0,net_loss,-1.0,1840,-110.5
3741,38,Simplified,3742,78,5 Q,9,4,9 4 Q,23,1,0,0,net_win,1.0,1841,-109.5
3742,38,Simplified,3743,78,J 9,7,2,7 2 3 J,22,1,0,0,net_win,1.0,1842,-108.5
3743,38,Simplified,3744,78,6 10,3,10,3 10 2 7,22,1,0,0,net_win,1.0,1843,-107.5
3744,38,Simplified,3745,78,8 3,6,6,6 6 3 K,25,1,0,0,net_win,1.0,1844,-106.5
3745,38,Simplified,3746,78,10 8,7,7,7 7 Q,24,1,0,0,net_win,1.0,1845,-105.5
3746,38,Simplified,3747,78,A 10,2,3,2 3,5,1,0,0,player_blackjack,1.5,1846,-104.0
3747,38,Simplified,3748,78,8 Q,A,10,A 10,21,1,0,0,dealer_blackjack,-1.0,1847,-105.0
3748,38,Simplified,3749,78,6 A,2,2,2 2 9 10,23,1,0,0,net_win,1.0,1848,-104.0
3749,38,Simplified,3750,78,8 7,Q,A,Q A,21,1,0,0,dealer_blackjack,-1.0,1849,-105.0
3750,38,Simplified,3751,78,2 8,6,4,6 4 8,18,1,0,0,net_loss,-1.0,1850,-106.0
3751,38,Simplified,3752,78,Q 6,2,3,2 3 9 10,24,1,0,0,net_win,1.0,1851,-105.0
3752,38,Simplified,3753,78,6 A,2,J,2 J 10,22,1,0,0,net_win,1.0,1852,-104.0
3753,38,Simplified,3754,78,K A,6,A,6 A,17,1,0,0,player_blackjack,1.5,1853,-102.5
3754,38,Simplified,3755,78,2 8,3,3,3 3 5 2 2 Q,25,1,0,0,net_win,1.0,1854,-101.5
3755,38,Simplified,3756,78,6 7,5,9,5 9 10,24,1,0,0,net_win,1.0,1855,-100.5
3756,38,Simplified,3757,78,6 Q,5,9,5 9 4,18,1,0,0,net_loss,-1.0,1856,-101.5
3757,38,Simplified,3758,78,4 9,10,9,10 9,19,1,0,0,net_loss,-1.0,1857,-102.5
3758,38,Simplified,3759,78,7 Q,5,Q,5 Q 7,22,1,0,0,net_win,1.0,1858,-101.5
3759,38,Simplified,3760,78,4 J,A,4,A 4 3,18,1,0,0,net_loss,-1.0,1859,-102.5
3760,38,Simplified,3761,78,K 7,2,9,2 9 9,20,1,0,0,net_loss,-1.0,1860,-103.5
3761,38,Simplified,3762,78,A 9,2,10,2 10 9,21,1,0,0,net_loss,-1.0,1861,-104.5
3762,38,Simplified,3763,78,5 6,4,9,4 9 4,17,1,0,0,net_loss,-1.0,1862,-105.5
3763,38,Simplified,3764,78,5 10,J,4,J 4 Q,24,1,0,0,net_win,1.0,1863,-104.5
3764,38,Simplified,3765,78,6 2,7,J,7 J,17,1,0,0,net_loss,-1.0,1864,-105.5
3765,38,Simplified,3766,78,K Q,Q,K,Q K,20,1,0,0,net_push,0.0,1865,-105.5
3766,38,Simplified,3767,78,9 5,Q,Q,Q Q,20,1,0,0,net_loss,-1.0,1866,-106.5
3767,38,Simplified,3768,78,Q A,3,8,3 8,11,1,0,0,player_blackjack,1.5,1867,-105.0
3768,38,Simplified,3769,78,7 J,K,5,K 5 5,20,1,0,0,net_loss,-1.0,1868,-106.0
3769,38,Simplified,3770,78,Q 10,Q,4,Q 4 A 8,23,1,0,0,net_win,1.0,1869,-105.0
3770,38,Simplified,3771,78,2 8,K,3,K 3 10,23,1,0,0,net_win,1.0,1870,-104.0
3771,38,Simplified,3772,78,10 3,A,J,A J,21,1,0,0,dealer_blackjack,-1.0,1871,-105.0
3772,38,Simplified,3773,78,8 7,A,5,A 5 4,20,1,0,0,net_loss,-1.0,1872,-106.0
3773,38,Simplified,3774,78,8 K,5,Q,5 Q 8,23,1,0,0,net_win,1.0,1873,-105.0
3774,38,Simplified,3775,78,8 2,4,8,4 8 K,22,1,0,0,net_win,1.0,1874,-104.0
3775,38,Simplified,3776,78,Q 5,7,K,7 K,17,1,0,0,net_loss,-1.0,1875,-105.0
3776,38,Simplified,3777,78,7 A,9,Q,9 Q,19,1,0,0,net_loss,-1.0,1876,-106.0
3777,38,Simplified,3778,78,4 J,9,10,9 10,19,1,0,0,net_loss,-1.0,1877,-107.0
3778,38,Simplified,3779,78,10 8,2,K,2 K 5,17,1,0,0,net_win,1.0,1878,-106.0
3779,38,Simplified,3780,78,2 7,J,K,J K,20,1,0,0,net_loss,-1.0,1879,-107.0
3780,38,Simplified,3781,78,2 A,K,Q,K Q,20,1,0,0,net_loss,-1.0,1880,-108.0
3781,38,Simplified,3782,78,J A,2,3,2 3,5,1,0,0,player_blackjack,1.5,1881,-106.5
3782,38,Simplified,3783,78,8 J,9,8,9 8,17,1,0,0,net_win,1.0,1882,-105.5
3783,38,Simplified,3784,78,3 10,4,6,4 6 Q,20,1,0,0,net_loss,-1.0,1883,-106.5
3784,38,Simplified,3785,78,4 9,J,3,J 3 8,21,1,0,0,net_loss,-1.0,1884,-107.5
3785,38,Simplified,3786,78,5 2,K,5,K 5 4,19,1,0,0,net_loss,-1.0,1885,-108.5
3786,38,Simplified,3787,78,Q 10,4,9,4 9 5,18,1,0,0,net_win,1.0,1886,-107.5
3787,38,Simplified,3788,78,5 4,5,K,5 K K,25,1,0,0,net_win,1.0,1887,-106.5
3788,38,Simplified,3789,78,3 5,5,2,5 2 8 9,24,1,0,0,net_win,1.0,1888,-105.5
3789,38,Simplified,3790,78,3 2,K,2,K 2 4 A,17,1,0,0,net_loss,-1.0,1889,-106.5
3790,38,Simplified,3791,78,7 4,8,5,8 5 9,22,1,0,0,net_win,1.0,1890,-105.5
3791,38,Simplified,3792,78,2 Q,A,3,A 3 9 10,23,1,0,0,net_win,1.0,1891,-104.5
3792,38,Simplified,3793,78,10 3,2,4,2 4 4 3 9,22,1,0,0,net_win,1.0,1892,-103.5
3793,38,Simplified,3794,78,2 8,9,Q,9 Q,19,1,0,0,net_push,0.0,1893,-103.5
3794,38,Simplified,3795,78,7 6,2,A,2 A K 2 8,23,1,0,0,net_win,1.0,1894,-102.5
3795,38,Simplified,3796,78,5 2,Q,8,Q 8,18,1,0,0,net_loss,-1.0,1895,-103.5
3796,38,Simplified,3797,78,9 9,J,5,J 5 Q,25,1,0,0,net_win,1.0,1896,-102.5
3797,38,Simplified,3798,78,3 J,10,8,10 8,18,1,0,0,net_loss,-1.0,1897,-103.5
3798,38,Simplified,3799,78,K 4,3,7,3 7 5 7,22,1,0,0,net_win,1.0,1898,-102.5
3799,38,Simplified,3800,78,6 9,K,10,K 10,20,1,0,0,net_loss,-1.0,1899,-103.5
3800,38,Simplified,3801,78,A J,J,5,J 5,15,1,0,0,player_blackjack,1.5,1900,-102.0
3801,39,Basic,3802,78,2 6,A,6,A 6,17,1,0,0,net_win,1.0,1901,33.0
3802,39,Basic,3803,78,A 5,J,8,J 8,18,1,0,0,net_loss,-1.0,1902,32.0
3803,39,Basic,3804,78,K 5,2,3,2 3 2 J,17,1,0,0,net_loss,-1.0,1903,31.0
3804,39,Basic,3805,78,J Q,J,Q,J Q,20,1,0,0,net_push,0.0,1904,31.0
3805,39,Basic,3806,78,2 Q,J,9,J 9,19,1,0,0,net_loss,-1.0,1905,30.0
3806,39,Basic,3807,78,8 6,5,3,5 3 10,18,1,0,0,net_loss,-1.0,1906,29.0
3807,39,Basic,3808,78,4 2,2,Q,2 Q K,22,1,0,0,net_win,1.0,1907,30.0
3808,39,Basic,3809,78,7 A,K,9,K 9,19,1,0,0,net_loss,-1.0,1908,29.0
3809,39,Basic,3810,78,7 9,6,10,6 10 10,26,1,0,0,net_win,1.0,1909,30.0
3810,39,Basic,3811,78,7 K,K,10,K 10,20,1,0,0,net_loss,-1.0,1910,29.0
3811,39,Basic,3812,78,Q 9,6,J,6 J 10,26,1,0,0,net_win,1.0,1911,30.0
3812,39,Basic,3813,78,6 A,6,3,6 3 A,20,1,0,1,net_loss,-2.0,1912,28.0
3813,39,Basic,3814,78,J K,8,3,8 3 7,18,1,0,0,net_win,1.0,1913,29.0
3814,39,Basic,3815,78,K 3,A,3,A 3 2 9 5,20,1,0,0,net_loss,-1.0,1914,28.0
3815,39,Basic,3816,78,2 K,6,Q,6 Q 3,19,1,0,0,net_loss,-1.0,1915,27.0
3816,39,Basic,3817,78,2 Q,9,K,9 K,19,1,0,0,net_loss,-1.0,1916,26.0
3817,39,Basic,3818,78,6 9,4,3,4 3 7 3,17,1,0,0,net_loss,-1.0,1917,25.0
3818,39,Basic,3819,78,J 2,6,9,6 9 10,25,1,0,0,net_win,1.0,1918,26.0
3819,39,Basic,3820,78,7 3,6,7,6 7 2 8,23,1,0,1,net_win,2.0,1919,28.0
3820,39,Basic,3821,78,J 4,8,9,8 9,17,1,0,0,net_win,1.0,1920,29.0
3821,39,Basic,3822,78,6 6,10,3,10 3 8,21,1,0,0,net_loss,-1.0,1921,28.0
3822,39,Basic,3823,78,9 2,K,4,K 4 J,24,1,0,1,net_win,2.0,1922,30.0
3823,39,Basic,3824,78,2 8,3,J,3 J 2 4,19,1,0,1,net_loss,-2.0,1923,28.0
3824,39,Basic,3825,78,8 J,7,9,7 9 3,19,1,0,0,net_loss,-1.0,1924,27.0
3825,39,Basic,3826,78,3 5,K,J,K J,20,1,0,0,net_loss,-1.0,1925,26.0
3826,39,Basic,3827,78,4 J,Q,6,Q 6,16,1,0,0,net_loss,-1.0,1926,25.0
3827,39,Basic,3828,78,4 Q,Q,8,Q 8,18,1,0,0,net_loss,-1.0,1927,24.0
3828,39,Basic,3829,78,4 Q,A,K,A K,21,1,0,0,dealer_blackjack,-1.0,1928,23.0
3829,39,Basic,3830,78,4 Q,J,8,J 8,18,1,0,0,net_loss,-1.0,1929,22.0
3830,39,Basic,3831,78,6 A,8,4,8 4,12,1,0,0,net_loss,-1.0,1930,21.0
3831,39,Basic,3832,78,2 10,10,6,10 6 6,22,1,0,0,net_win,1.0,1931,22.0
3832,39,Basic,3833,78,7 Q,8,4,8 4 8,20,1,0,0,net_loss,-1.0,1932,21.0
3833,39,Basic,3834,78,3 7,7,J,7 J,17,1,0,1,net_win,2.0,1933,23.0
3834,39,Basic,3835,78,2 J,A,A,A A 7,19,1,0,0,net_win,1.0,1934,24.0
3835,39,Basic,3836,78,J 2,3,8,3 8 4 6,21,1,0,0,net_loss,-1.0,1935,23.0
3836,39,Basic,3837,78,Q A,9,10,9 10,19,1,0,0,player_blackjack,1.5,1936,24.5
3837,39,Basic,3838,78,8 J,10,3,10 3 5,18,1,0,0,net_push,0.0,1937,24.5
3838,39,Basic,3839,78,10 J,10,4,10 4 3,17,1,0,0,net_win,1.0,1938,25.5
3839,39,Basic,3840,78,2 6,6,Q,6 Q 3,19,1,0,0,net_push,0.0,1939,25.5
3840,39,Basic,3841,78,2 7,9,8,9 8,17,1,0,0,net_win,1.0,1940,26.5
3841,39,Basic,3842,78,A A,2,K,2 K 2 10,24,2,1,0,net_win,2.0,1941,28.5
3842,39,Basic,3843,78,8 2,Q,10,Q 10,20,1,0,0,net_push,0.0,1942,28.5
3843,39,Basic,3844,78,4 3,8,3,8 3 A K,22,1,0,0,net_win,1.0,1943,29.5
3844,39,Basic,3845,78,8 6,Q,6,Q 6,16,1,0,0,net_loss,-1.0,1944,28.5
3845,39,Basic,3846,78,9 3,A,6,A 6,17,1,0,0,net_loss,-1.0,1945,27.5
3846,39,Basic,3847,78,8 6,2,Q,2 Q J,22,1,0,0,net_win,1.0,1946,28.5
3847,39,Basic,3848,78,10 6,A,K,A K,21,1,0,0,dealer_blackjack,-1.0,1947,27.5
3848,39,Basic,3849,78,3 2,6,A,6 A,17,1,0,0,net_win,1.0,1948,28.5
3849,39,Basic,3850,78,A J,8,2,8 2,10,1,0,0,player_blackjack,1.5,1949,30.0
3850,39,Basic,3851,78,K 4,4,J,4 J 6,20,1,0,0,net_loss,-1.0,1950,29.0
3851,39,Basic,3852,78,10 Q,Q,3,Q 3 4,17,1,0,0,net_win,1.0,1951,30.0
3852,39,Basic,3853,78,5 8,J,7,J 7,17,1,0,0,net_loss,-1.0,1952,29.0
3853,39,Basic,3854,78,7 5,3,2,3 2 Q 9,24,1,0,0,net_win,1.0,1953,30.0
3854,39,Basic,3855,78,4 10,7,8,7 8,15,1,0,0,net_loss,-1.0,1954,29.0
3855,39,Basic,3856,78,3 J,9,J,9 J,19,1,0,0,net_push,0.0,1955,29.0
3856,39,Basic,3857,78,K 8,3,10,3 10 10,23,1,0,0,net_win,1.0,1956,30.0
3857,39,Basic,3858,78,8 8,6,9,6 9 10,25,2,1,1,net_win,3.0,1957,33.0
3858,39,Basic,3859,78,6 7,4,J,4 J 7,21,1,0,0,net_loss,-1.0,1958,32.0
3859,39,Basic,3860,78,Q 4,A,10,A 10,21,1,0,0,dealer_blackjack,-1.0,1959,31.0
3860,39,Basic,3861,78,A 4,4,5,4 5 Q,19,1,0,1,net_loss,-2.0,1960,29.0
3861,39,Basic,3862,78,10 5,6,10,6 10 9,25,1,0,0,net_win,1.0,1961,30.0
3862,39,Basic,3863,78,K 9,Q,3,Q 3 8,21,1,0,0,net_loss,-1.0,1962,29.0
3863,39,Basic,3864,78,7 8,10,2,10 2 10,22,1,0,0,net_win,1.0,1963,30.0
3864,39,Basic,3865,78,3 5,3,4,3 4 5 4 10,26,1,0,0,net_win,1.0,1964,31.0
3865,39,Basic,3866,78,8 4,3,10,3 10,13,1,0,0,net_loss,-1.0,1965,30.0
3866,39,Basic,3867,78,3 A,3,2,3 2 4 Q,19,1,0,0,net_push,0.0,1966,30.0
3867,39,Basic,3868,78,3 5,3,K,3 K J,23,1,0,0,net_win,1.0,1967,31.0
3868,39,Basic,3869,78,3 K,2,7,2 7 6 A 3,19,1,0,0,net_loss,-1.0,1968,30.0
3869,39,Basic,3870,78,6 K,5,8,5 8 A 7,21,1,0,0,net_loss,-1.0,1969,29.0
3870,39,Basic,3871,78,8 5,7,6,7 6,13,1,0,0,net_loss,-1.0,1970,28.0
3871,39,Basic,3872,78,Q 2,10,5,10 5,15,1,0,0,net_loss,-1.0,1971,27.0
3872,39,Basic,3873,78,9 J,8,9,8 9,17,1,0,0,net_win,1.0,1972,28.0
3873,39,Basic,3874,78,7 8,4,J,4 J 5,19,1,0,0,net_loss,-1.0,1973,27.0
3874,39,Basic,3875,78,6 10,K,10,K 10,20,1,0,0,net_loss,-1.0,1974,26.0
3875,39,Basic,3876,78,4 10,7,6,7 6 K,23,1,0,0,net_win,1.0,1975,27.0
3876,39,Basic,3877,78,9 6,K,5,K 5,15,1,0,0,net_loss,-1.0,1976,26.0
3877,39,Basic,3878,78,Q J,7,6,7 6 3 K,26,1,0,0,net_win,1.0,1977,27.0
3878,39,Basic,3879,78,5 10,A,8,A 8,19,1,0,0,net_loss,-1.0,1978,26.0
3879,39,Basic,3880,78,2 A,10,3,10 3,13,1,0,0,net_loss,-1.0,1979,25.0
3880,39,Basic,3881,78,7 8,6,6,6 6 J,22,1,0,0,net_win,1.0,1980,26.0
3881,39,Basic,3882,78,9 4,J,10,J 10,20,1,0,0,net_loss,-1.0,1981,25.0
3882,39,Basic,3883,78,K 10,9,4,9 4 8,21,1,0,0,net_loss,-1.0,1982,24.0
3883,39,Basic,3884,78,3 10,4,6,4 6 Q,20,1,0,0,net_loss,-1.0,1983,23.0
3884,39,Basic,3885,78,K J,A,10,A 10,21,1,0,0,dealer_blackjack,-1.0,1984,22.0
3885,39,Basic,3886,78,10 8,9,Q,9 Q,19,1,0,0,net_loss,-1.0,1985,21.0
3886,39,Basic,3887,78,5 6,9,2,9 2 9,20,1,0,1,net_loss,-2.0,1986,19.0
3887,39,Basic,3888,78,10 Q,7,8,7 8 2,17,1,0,0,net_win,1.0,1987,20.0
3888,39,Basic,3889,78,10 8,7,J,7 J,17,1,0,0,net_win,1.0,1988,21.0
3889,39,Basic,3890,78,2 J,J,Q,J Q,20,1,0,0,net_loss,-1.0,1989,20.0
3890,39,Basic,3891,78,A 5,7,J,7 J,17,1,0,0,net_win,1.0,1990,21.0
3891,39,Basic,3892,78,9 J,7,5,7 5 10,22,1,0,0,net_win,1.0,1991,22.0
3892,39,Basic,3893,78,K 4,7,4,7 4 9,20,1,0,0,net_win,1.0,1992,23.0
3893,39,Basic,3894,78,3 2,9,Q,9 Q,19,1,0,0,net_win,1.0,1993,24.0
3894,39,Basic,3895,78,K 7,7,A,7 A,18,1,0,0,net_loss,-1.0,1994,23.0
3895,39,Basic,3896,78,3 3,8,K,8 K,18,1,0,0,net_loss,-1.0,1995,22.0
3896,39,Basic,3897,78,7 3,10,K,10 K,20,1,0,0,net_loss,-1.0,1996,21.0
3897,39,Basic,3898,78,9 6,6,4,6 4 5 2,17,1,0,0,net_loss,-1.0,1997,20.0
3898,39,Basic,3899,78,10 7,A,8,A 8,19,1,0,0,net_loss,-1.0,1998,19.0
3899,39,Basic,3900,78,A 4,7,2,7 2,9,1,0,0,net_loss,-1.0,1999,18.0
3900,39,Basic,3901,78,J A,8,2,8 2,10,1,0,0,player_blackjack,1.5,2000,19.5
3901,40,Simplified,3902,78,9 10,9,6,9 6 9,24,1,0,0,net_win,1.0,1901,-101.0
3902,40,Simplified,3903,78,7 Q,9,6,9 6 3,18,1,0,0,net_loss,-1.0,1902,-102.0
3903,40,Simplified,3904,78,Q 7,3,5,3 5 10,18,1,0,0,net_loss,-1.0,1903,-103.0
3904,40,Simplified,3905,78,2 6,4,2,4 2 7 J,23,1,0,0,net_win,1.0,1904,-102.0
3905,40,Simplified,3906,78,6 10,2,2,2 2 7 6,17,1,0,0,net_loss,-1.0,1905,-103.0
3906,40,Simplified,3907,78,A J,6,J,6 J,16,1,0,0,player_blackjack,1.5,1906,-101.5
3907,40,Simplified,3908,78,8 10,5,K,5 K 3,18,1,0,0,net_push,0.0,1907,-101.5
3908,40,Simplified,3909,78,J 7,A,10,A 10,21,1,0,0,dealer_blackjack,-1.0,1908,-102.5
3909,40,Simplified,3910,78,Q J,6,5,6 5 J,21,1,0,0,net_loss,-1.0,1909,-103.5
3910,40,Simplified,3911,78,2 A,3,3,3 3 Q A,17,1,0,0,net_loss,-1.0,1910,-104.5
3911,40,Simplified,3912,78,6 Q,J,9,J 9,19,1,0,0,net_loss,-1.0,1911,-105.5
3912,40,Simplified,3913,78,2 A,10,6,10 6 7,23,1,0,0,net_win,1.0,1912,-104.5
3913,40,Simplified,3914,78,2 A,Q,8,Q 8,18,1,0,0,net_loss,-1.0,1913,-105.5
3914,40,Simplified,3915,78,10 7,9,A,9 A,20,1,0,0,net_loss,-1.0,1914,-106.5
3915,40,Simplified,3916,78,J A,10,3,10 3,13,1,0,0,player_blackjack,1.5,1915,-105.0
3916,40,Simplified,3917,78,7 4,Q,J,Q J,20,1,0,0,net_loss,-1.0,1916,-106.0
3917,40,Simplified,3918,78,Q 4,4,3,4 3 10,17,1,0,0,net_loss,-1.0,1917,-107.0
3918,40,Simplified,3919,78,3 4,A,4,A 4 4,19,1,0,0,net_loss,-1.0,1918,-108.0
3919,40,Simplified,3920,78,6 9,J,7,J 7,17,1,0,0,net_loss,-1.0,1919,-109.0
3920,40,Simplified,3921,78,6 10,4,7,4 7 6,17,1,0,0,net_loss,-1.0,1920,-110.0
3921,40,Simplified,3922,78,8 3,3,9,3 9 K,22,1,0,0,net_win,1.0,1921,-109.0
3922,40,Simplified,3923,78,5 2,9,K,9 K,19,1,0,0,net_push,0.0,1922,-109.0
3923,40,Simplified,3924,78,4 K,Q,J,Q J,20,1,0,0,net_loss,-1.0,1923,-110.0
3924,40,Simplified,3925,78,7 J,3,J,3 J 8,21,1,0,0,net_loss,-1.0,1924,-111.0
3925,40,Simplified,3926,78,9 3,4,5,4 5 8,17,1,0,0,net_loss,-1.0,1925,-112.0
3926,40,Simplified,3927,78,Q Q,8,5,8 5 6,19,1,0,0,net_win,1.0,1926,-111.0
3927,40,Simplified,3928,78,3 3,Q,J,Q J,20,1,0,0,net_loss,-1.0,1927,-112.0
3928,40,Simplified,3929,78,9 2,3,J,3 J 8,21,1,0,0,net_loss,-1.0,1928,-113.0
3929,40,Simplified,3930,78,6 A,J,A,J A,21,1,0,0,dealer_blackjack,-1.0,1929,-114.0
3930,40,Simplified,3931,78,8 A,4,2,4 2 9 Q,25,1,0,0,net_win,1.0,1930,-113.0
3931,40,Simplified,3932,78,9 Q,J,6,J 6 7,23,1,0,0,net_win,1.0,1931,-112.0
3932,40,Simplified,3933,78,7 Q,6,A,6 A,17,1,0,0,net_push,0.0,1932,-112.0
3933,40,Simplified,3934,78,J 5,Q,10,Q 10,20,1,0,0,net_loss,-1.0,1933,-113.0
3934,40,Simplified,3935,78,8 3,9,Q,9 Q,19,1,0,0,net_win,1.0,1934,-112.0
3935,40,Simplified,3936,78,J 5,Q,7,Q 7,17,1,0,0,net_loss,-1.0,1935,-113.0
3936,40,Simplified,3937,78,2 2,9,7,9 7 A,17,1,0,0,net_loss,-1.0,1936,-114.0
3937,40,Simplified,3938,78,9 7,2,4,2 4 9 Q,25,1,0,0,net_win,1.0,1937,-113.0
3938,40,Simplified,3939,78,J 2,6,7,6 7 6,19,1,0,0,net_loss,-1.0,1938,-114.0
3939,40,Simplified,3940,78,6 9,Q,J,Q J,20,1,0,0,net_loss,-1.0,1939,-115.0
3940,40,Simplified,3941,78,2 7,3,K,3 K 2 6,21,1,0,0,net_loss,-1.0,1940,-116.0
3941,40,Simplified,3942,78,3 10,6,Q,6 Q 6,22,1,0,0,net_win,1.0,1941,-115.0
3942,40,Simplified,3943,78,5 J,9,2,9 2 3 4,18,1,0,0,net_loss,-1.0,1942,-116.0
3943,40,Simplified,3944,78,7 3,7,4,7 4 10,21,1,0,0,net_push,0.0,1943,-116.0
3944,40,Simplified,3945,78,6 6,J,A,J A,21,1,0,0,dealer_blackjack,-1.0,1944,-117.0
3945,40,Simplified,3946,78,4 7,9,10,9 10,19,1,0,0,net_loss,-1.0,1945,-118.0
3946,40,Simplified,3947,78,J 3,10,9,10 9,19,1,0,0,net_loss,-1.0,1946,-119.0
3947,40,Simplified,3948,78,6 8,K,8,K 8,18,1,0,0,net_loss,-1.0,1947,-120.0
3948,40,Simplified,3949,78,J J,3,K,3 K 3 7,23,1,0,0,net_win,1.0,1948,-119.0
3949,40,Simplified,3950,78,6 10,6,A,6 A,17,1,0,0,net_loss,-1.0,1949,-120.0
3950,40,Simplified,3951,78,Q 5,9,10,9 10,19,1,0,0,net_loss,-1.0,1950,-121.0
3951,40,Simplified,3952,78,7 6,10,10,10 10,20,1,0,0,net_loss,-1.0,1951,-122.0
3952,40,Simplified,3953,78,J 7,10,8,10 8,18,1,0,0,net_loss,-1.0,1952,-123.0
3953,40,Simplified,3954,78,5 2,6,3,6 3 6 5,20,1,0,0,net_loss,-1.0,1953,-124.0
3954,40,Simplified,3955,78,A 9,5,A,5 A 5,21,1,0,0,net_loss,-1.0,1954,-125.0
3955,40,Simplified,3956,78,Q 9,8,6,8 6 A 4,19,1,0,0,net_push,0.0,1955,-125.0
3956,40,Simplified,3957,78,9 8,2,4,2 4 5 6,17,1,0,0,net_push,0.0,1956,-125.0
3957,40,Simplified,3958,78,4 3,6,Q,6 Q 6,22,1,0,0,net_win,1.0,1957,-124.0
3958,40,Simplified,3959,78,10 2,A,J,A J,21,1,0,0,dealer_blackjack,-1.0,1958,-125.0
3959,40,Simplified,3960,78,Q 5,9,K,9 K,19,1,0,0,net_loss,-1.0,1959,-126.0
3960,40,Simplified,3961,78,Q 9,2,8,2 8 K,20,1,0,0,net_loss,-1.0,1960,-127.0
3961,40,Simplified,3962,78,K K,6,4,6 4 5 3,18,1,0,0,net_win,1.0,1961,-126.0
3962,40,Simplified,3963,78,A 7,4,5,4 5 A,20,1,0,0,net_loss,-1.0,1962,-127.0
3963,40,Simplified,3964,78,3 2,3,2,3 2 5 A,21,1,0,0,net_loss,-1.0,1963,-128.0
3964,40,Simplified,3965,78,9 4,J,9,J 9,19,1,0,0,net_loss,-1.0,1964,-129.0
3965,40,Simplified,3966,78,2 3,5,10,5 10 9,24,1,0,0,net_win,1.0,1965,-128.0
3966,40,Simplified,3967,78,K 10,7,9,7 9 7,23,1,0,0,net_win,1.0,1966,-127.0
3967,40,Simplified,3968,78,Q 9,K,5,K 5 4,19,1,0,0,net_push,0.0,1967,-127.0
3968,40,Simplified,3969,78,4 A,6,10,6 10 5,21,1,0,0,net_loss,-1.0,1968,-128.0
3969,40,Simplified,3970,78,6 5,3,10,3 10 7,20,1,0,0,net_loss,-1.0,1969,-129.0
3970,40,Simplified,3971,78,7 J,10,8,10 8,18,1,0,0,net_loss,-1.0,1970,-130.0
3971,40,Simplified,3972,78,J K,10,6,10 6 3,19,1,0,0,net_win,1.0,1971,-129.0
3972,40,Simplified,3973,78,7 10,A,3,A 3 9 Q,23,1,0,0,net_win,1.0,1972,-128.0
3973,40,Simplified,3974,78,K J,Q,10,Q 10,20,1,0,0,net_push,0.0,1973,-128.0
3974,40,Simplified,3975,78,5 10,9,4,9 4 5,18,1,0,0,net_loss,-1.0,1974,-129.0
3975,40,Simplified,3976,78,Q 4,K,6,K 6 9,25,1,0,0,net_win,1.0,1975,-128.0
3976,40,Simplified,3977,78,9 K,A,10,A 10,21,1,0,0,dealer_blackjack,-1.0,1976,-129.0
3977,40,Simplified,3978,78,3 7,K,10,K 10,20,1,0,0,net_loss,-1.0,1977,-130.0
3978,40,Simplified,3979,78,5 4,2,3,2 3 9 J,24,1,0,0,net_win,1.0,1978,-129.0
3979,40,Simplified,3980,78,J 6,5,5,5 5 9,19,1,0,0,net_loss,-1.0,1979,-130.0
3980,40,Simplified,3981,78,7 9,6,6,6 6 A Q,23,1,0,0,net_win,1.0,1980,-129.0
3981,40,Simplified,3982,78,2 4,9,A,9 A,20,1,0,0,net_loss,-1.0,1981,-130.0
3982,40,Simplified,3983,78,4 8,9,2,9 2 4 5,20,1,0,0,net_loss,-1.0,1982,-131.0
3983,40,Simplified,3984,78,K 9,3,A,3 A 5,19,1,0,0,net_push,0.0,1983,-131.0
3984,40,Simplified,3985,78,J 3,7,K,7 K,17,1,0,0,net_loss,-1.0,1984,-132.0
3985,40,Simplified,3986,78,K 9,K,3,K 3 Q,23,1,0,0,net_win,1.0,1985,-131.0
3986,40,Simplified,3987,78,3 9,8,3,8 3 9,20,1,0,0,net_loss,-1.0,1986,-132.0
3987,40,Simplified,3988,78,2 Q,9,7,9 7 J,26,1,0,0,net_win,1.0,1987,-131.0
3988,40,Simplified,3989,78,7 8,10,2,10 2 9,21,1,0,0,net_loss,-1.0,1988,-132.0
3989,40,Simplified,3990,78,10 5,A,9,A 9,20,1,0,0,net_loss,-1.0,1989,-133.0
3990,40,Simplified,3991,78,9 J,10,3,10 3 3 9,25,1,0,0,net_win,1.0,1990,-132.0
3991,40,Simplified,3992,78,5 10,10,10,10 10,20,1,0,0,net_loss,-1.0,1991,-133.0
3992,40,Simplified,3993,78,9 3,6,A,6 A,17,1,0,0,net_loss,-1.0,1992,-134.0
3993,40,Simplified,3994,78,9 3,2,A,2 A 6,19,1,0,0,net_loss,-1.0,1993,-135.0
3994,40,Simplified,3995,78,4 6,Q,2,Q 2 A 3 8,24,1,0,0,net_win,1.0,1994,-134.0
3995,40,Simplified,3996,78,7 7,10,J,10 J,20,1,0,0,net_loss,-1.0,1995,-135.0
3996,40,Simplified,3997,78,4 8,5,10,5 10 7,22,1,0,0,net_win,1.0,1996,-134.0
3997,40,Simplified,3998,78,Q 6,4,6,4 6 10,20,1,0,0,net_loss,-1.0,1997,-135.0
3998,40,Simplified,3999,78,10 9,5,8,5 8 K,23,1,0,0,net_win,1.0,1998,-134.0
3999,40,Simplified,4000,78,7 5,6,8,6 8 2 2,18,1,0,0,net_loss,-1.0,1999,-135.0
4000,40,Simplified,4001,78,J 5,6,A,6 A,17,1,0,0,net_loss,-1.0,2000,-136.0
4001,41,Basic,4002,78,K A,4,6,4 6,10,1,0,0,player_blackjack,1.5,2001,21.0
4002,41,Basic,4003,78,4 K,7,A,7 A,18,1,0,0,net_win,1.0,2002,22.0
4003,41,Basic,4004,78,K Q,6,9,6 9 2,17,1,0,0,net_win,1.0,2003,23.0
4004,41,Basic,4005,78,3 8,J,10,J 10,20,1,0,1,net_loss,-2.0,2004,21.0
4005,41,Basic,4006,78,9 A,4,6,4 6 5 8,23,1,0,0,net_win,1.0,2005,22.0
4006,41,Basic,4007,78,7 A,7,10,7 10,17,1,0,0,net_win,1.0,2006,23.0
4007,41,Basic,4008,78,10 5,K,10,K 10,20,1,0,0,net_loss,-1.0,2007,22.0
4008,41,Basic,4009,78,6 9,5,4,5 4 5 3,17,1,0,0,net_loss,-1.0,2008,21.0
4009,41,Basic,4010,78,10 9,Q,4,Q 4 K,24,1,0,0,net_win,1.0,2009,22.0
4010,41,Basic,4011,78,J 7,Q,K,Q K,20,1,0,0,net_loss,-1.0,2010,21.0
4011,41,Basic,4012,78,4 K,K,6,K 6 9,25,1,0,0,net_win,1.0,2011,22.0
4012,41,Basic,4013,78,K 8,2,5,2 5 7 5,19,1,0,0,net_loss,-1.0,2012,21.0
4013,41,Basic,4014,78,3 6,4,4,4 4 3 9,20,1,0,1,net_loss,-2.0,2013,19.0
4014,41,Basic,4015,78,9 10,10,3,10 3 6,19,1,0,0,net_push,0.0,2014,19.0
4015,41,Basic,4016,78,10 5,Q,10,Q 10,20,1,0,0,net_loss,-1.0,2015,18.0
4016,41,Basic,4017,78,4 5,9,4,9 4 6,19,1,0,0,net_push,0.0,2016,18.0
4017,41,Basic,4018,78,9 5,6,4,6 4 5 3,18,1,0,0,net_loss,-1.0,2017,17.0
4018,41,Basic,4019,78,7 8,9,Q,9 Q,19,1,0,0,net_loss,-1.0,2018,16.0
4019,41,Basic,4020,78,3 9,J,5,J 5 3,18,1,0,0,net_loss,-1.0,2019,15.0
4020,41,Basic,4021,78,3 5,9,Q,9 Q,19,1,0,0,net_push,0.0,2020,15.0
4021,41,Basic,4022,78,2 9,10,5,10 5 J,25,1,0,1,net_win,2.0,2021,17.0
4022,41,Basic,4023,78,K A,2,5,2 5,7,1,0,0,player_blackjack,1.5,2022,18.5
4023,41,Basic,4024,78,A A,8,6,8 6 3,17,2,1,0,net_push,0.0,2023,18.5
4024,41,Basic,4025,78,2 A,Q,Q,Q Q,20,1,0,0,net_loss,-1.0,2024,17.5
4025,41,Basic,4026,78,3 3,A,Q,A Q,21,1,0,0,dealer_blackjack,-1.0,2025,16.5
4026,41,Basic,4027,78,3 2,2,6,2 6 10,18,1,0,0,net_loss,-1.0,2026,15.5
4027,41,Basic,4028,78,4 Q,3,K,3 K 7,20,1,0,0,net_loss,-1.0,2027,14.5
4028,41,Basic,4029,78,6 J,7,K,7 K,17,1,0,0,net_win,1.0,2028,15.5
4029,41,Basic,4030,78,8 9,10,J,10 J,20,1,0,0,net_loss,-1.0,2029,14.5
4030,41,Basic,4031,78,7 Q,5,Q,5 Q A 6,22,1,0,0,net_win,1.0,2030,15.5
4031,41,Basic,4032,78,9 7,7,K,7 K,17,1,0,0,net_win,1.0,2031,16.5
4032,41,Basic,4033,78,K 2,5,8,5 8 Q,23,1,0,0,net_win,1.0,2032,17.5
4033,41,Basic,4034,78,2 3,4,5,4 5 6 4,19,1,0,0,net_loss,-1.0,2033,16.5
4034,41,Basic,4035,78,8 2,7,Q,7 Q,17,1,0,1,net_loss,-2.0,2034,14.5
4035,41,Basic,4036,78,8 8,8,A,8 A,19,2,1,0,net_loss,-2.0,2035,12.5
4036,41,Basic,4037,78,J 6,8,3,8 3 A 4 9,25,1,0,0,net_win,1.0,2036,13.5
4037,41,Basic,4038,78,2 3,2,J,2 J 2 J,24,1,0,0,net_win,1.0,2037,14.5
4038,41,Basic,4039,78,4 5,10,A,10 A,21,1,0,0,dealer_blackjack,-1.0,2038,13.5
4039,41,Basic,4040,78,A 2,5,8,5 8 10,23,1,0,1,net_win,2.0,2039,15.5
4040,41,Basic,4041,78,Q K,7,J,7 J,17,1,0,0,net_win,1.0,2040,16.5
4041,41,Basic,4042,78,9 K,A,J,A J,21,1,0,0,dealer_blackjack,-1.0,2041,15.5
4042,41,Basic,4043,78,K 3,Q,6,Q 6 8,24,1,0,0,net_win,1.0,2042,16.5
4043,41,Basic,4044,78,A 2,A,9,A 9,20,1,0,0,net_loss,-1.0,2043,15.5
4044,41,Basic,4045,78,K 8,5,6,5 6 8,19,1,0,0,net_loss,-1.0,2044,14.5
4045,41,Basic,4046,78,A 2,3,K,3 K 7,20,1,0,0,net_loss,-1.0,2045,13.5
4046,41,Basic,4047,78,7 8,9,6,9 6,15,1,0,0,net_loss,-1.0,2046,12.5
4047,41,Basic,4048,78,7 7,J,8,J 8,18,1,0,0,net_win,1.0,2047,13.5
4048,41,Basic,4049,78,J A,5,Q,5 Q,15,1,0,0,player_blackjack,1.5,2048,15.0
4049,41,Basic,4050,78,9 5,6,A,6 A,17,1,0,0,net_loss,-1.0,2049,14.0
4050,41,Basic,4051,78,10 6,5,9,5 9 Q,24,1,0,0,net_win,1.0,2050,15.0
4051,41,Basic,4052,78,K 2,5,2,5 2 9 3,19,1,0,0,net_loss,-1.0,2051,14.0
4052,41,Basic,4053,78,Q K,9,7,9 7 9,25,1,0,0,net_win,1.0,2052,15.0
4053,41,Basic,4054,78,K K,Q,10,Q 10,20,1,0,0,net_push,0.0,2053,15.0
4054,41,Basic,4055,78,K 2,4,4,4 4 5 J,23,1,0,0,net_win,1.0,2054,16.0
4055,41,Basic,4056,78,6 Q,Q,6,Q 6 3,19,1,0,0,net_loss,-1.0,2055,15.0
4056,41,Basic,4057,78,10 10,Q,5,Q 5 6,21,1,0,0,net_loss,-1.0,2056,14.0
4057,41,Basic,4058,78,2 Q,2,3,2 3,5,1,0,0,net_loss,-1.0,2057,13.0
4058,41,Basic,4059,78,4 4,6,2,6 2 2 7,17,2,1,1,net_loss,-3.0,2058,10.0
4059,41,Basic,4060,78,10 5,5,3,5 3 4 10,22,1,0,0,net_win,1.0,2059,11.0
4060,41,Basic,4061,78,7 3,K,J,K J,20,1,0,0,net_push,0.0,2060,11.0
4061,41,Basic,4062,78,9 K,5,7,5 7 8,20,1,0,0,net_loss,-1.0,2061,10.0
4062,41,Basic,4063,78,A J,3,A,3 A,14,1,0,0,player_blackjack,1.5,2062,11.5
4063,41,Basic,4064,78,5 10,7,8,7 8 6,21,1,0,0,net_push,0.0,2063,11.5
4064,41,Basic,4065,78,5 4,Q,9,Q 9,19,1,0,0,net_loss,-1.0,2064,10.5
4065,41,Basic,4066,78,9 4,2,6,2 6 8 K,26,1,0,0,net_win,1.0,2065,11.5
4066,41,Basic,4067,78,9 Q,7,2,7 2 2 7,18,1,0,0,net_win,1.0,2066,12.5
4067,41,Basic,4068,78,6 5,Q,J,Q J,20,1,0,1,net_loss,-2.0,2067,10.5
4068,41,Basic,4069,78,K 9,J,K,J K,20,1,0,0,net_loss,-1.0,2068,9.5
4069,41,Basic,4070,78,A 6,Q,Q,Q Q,20,1,0,0,net_loss,-1.0,2069,8.5
4070,41,Basic,4071,78,5 K,2,4,2 4 Q 5,21,1,0,0,net_loss,-1.0,2070,7.5
4071,41,Basic,4072,78,9 3,A,K,A K,21,1,0,0,dealer_blackjack,-1.0,2071,6.5
4072,41,Basic,4073,78,5 7,7,10,7 10,17,1,0,0,net_win,1.0,2072,7.5
4073,41,Basic,4074,78,6 9,10,8,10 8,18,1,0,0,net_push,0.0,2073,7.5
4074,41,Basic,4075,78,K K,Q,J,Q J,20,1,0,0,net_push,0.0,2074,7.5
4075,41,Basic,4076,78,8 3,2,9,2 9 K,21,1,0,1,net_loss,-2.0,2075,5.5
4076,41,Basic,4077,78,6 9,5,A,5 A 3,19,1,0,0,net_loss,-1.0,2076,4.5
4077,41,Basic,4078,78,4 J,2,9,2 9 5 9,25,1,0,0,net_win,1.0,2077,5.5
4078,41,Basic,4079,78,7 A,7,2,7 2 J,19,1,0,0,net_loss,-1.0,2078,4.5
4079,41,Basic,4080,78,J Q,Q,3,Q 3 A 7,21,1,0,0,net_loss,-1.0,2079,3.5
4080,41,Basic,4081,78,A 5,A,2,A 2 5,18,1,0,0,net_win,1.0,2080,4.5
4081,41,Basic,4082,78,6 K,4,K,4 K 7,21,1,0,0,net_loss,-1.0,2081,3.5
4082,41,Basic,4083,78,6 8,6,8,6 8 3,17,1,0,0,net_loss,-1.0,2082,2.5
4083,41,Basic,4084,78,7 5,J,6,J 6 7,23,1,0,0,net_win,1.0,2083,3.5
4084,41,Basic,4085,78,10 J,6,6,6 6 A J,23,1,0,0,net_win,1.0,2084,4.5
4085,41,Basic,4086,78,5 7,8,6,8 6 6,20,1,0,0,net_loss,-1.0,2085,3.5
4086,41,Basic,4087,78,2 3,4,10,4 10 6,20,1,0,0,net_win,1.0,2086,4.5
4087,41,Basic,4088,78,9 7,Q,J,Q J,20,1,0,0,net_loss,-1.0,2087,3.5
4088,41,Basic,4089,78,2 2,5,Q,5 Q 2,17,2,1,0,net_loss,-2.0,2088,1.5
4089,41,Basic,4090,78,2 3,3,A,3 A 3,17,1,0,0,net_loss,-1.0,2089,0.5
4090,41,Basic,4091,78,9 K,5,2,5 2 10,17,1,0,0,net_win,1.0,2090,1.5
4091,41,Basic,4092,78,10 J,2,9,2 9 2 10,23,1,0,0,net_win,1.0,2091,2.5
4092,41,Basic,4093,78,K 2,7,9,7 9 K,26,1,0,0,net_win,1.0,2092,3.5
4093,41,Basic,4094,78,5 A,5,10,5 10 3,18,1,0,1,net_loss,-2.0,2093,1.5
4094,41,Basic,4095,78,10 8,2,A,2 A 9 3 3,18,1,0,0,net_push,0.0,2094,1.5
4095,41,Basic,4096,78,Q 10,10,3,10 3 8,21,1,0,0,net_loss,-1.0,2095,0.5
4096,41,Basic,4097,78,J 5,K,2,K 2 Q,22,1,0,0,net_win,1.0,2096,1.5
4097,41,Basic,4098,78,J 6,Q,A,Q A,21,1,0,0,dealer_blackjack,-1.0,2097,0.5
4098,41,Basic,4099,78,9 8,10,K,10 K,20,1,0,0,net_loss,-1.0,2098,-0.5
4099,41,Basic,4100,78,9 A,3,10,3 10 10,23,1,0,0,net_win,1.0,2099,0.5
4100,41,Basic,4101,78,A 8,3,K,3 K 5,18,1,0,0,net_win,1.0,2100,1.5
4101,42,Simplified,4102,78,6 5,7,7,7 7 J,24,1,0,0,net_win,1.0,2001,-135.0
4102,42,Simplified,4103,78,9 J,6,10,6 10 2,18,1,0,0,net_win,1.0,2002,-134.0
4103,42,Simplified,4104,78,Q A,9,A,9 A,20,1,0,0,player_blackjack,1.5,2003,-132.5
4104,42,Simplified,4105,78,7 A,5,6,5 6 Q,21,1,0,0,net_loss,-1.0,2004,-133.5
4105,42,Simplified,4106,78,K 6,10,Q,10 Q,20,1,0,0,net_loss,-1.0,2005,-134.5
4106,42,Simplified,4107,78,Q 2,10,9,10 9,19,1,0,0,net_loss,-1.0,2006,-135.5
4107,42,Simplified,4108,78,5 Q,A,5,A 5 Q 3,19,1,0,0,net_loss,-1.0,2007,-136.5
4108,42,Simplified,4109,78,7 2,6,J,6 J 4,20,1,0,0,net_loss,-1.0,2008,-137.5
4109,42,Simplified,4110,78,5 9,10,2,10 2 6,18,1,0,0,net_loss,-1.0,2009,-138.5
4110,42,Simplified,4111,78,8 2,6,3,6 3 7 3,19,1,0,0,net_win,1.0,2010,-137.5
4111,42,Simplified,4112,78,Q A,K,7,K 7,17,1,0,0,player_blackjack,1.5,2011,-136.0
4112,42,Simplified,4113,78,Q Q,10,3,10 3 8,21,1,0,0,net_loss,-1.0,2012,-137.0
4113,42,Simplified,4114,78,8 4,2,10,2 10 4 10,26,1,0,0,net_win,1.0,2013,-136.0
4114,42,Simplified,4115,78,7 6,10,A,10 A,21,1,0,0,dealer_blackjack,-1.0,2014,-137.0
4115,42,Simplified,4116,78,7 8,6,K,6 K 10,26,1,0,0,net_win,1.0,2015,-136.0
4116,42,Simplified,4117,78,6 10,7,Q,7 Q,17,1,0,0,net_loss,-1.0,2016,-137.0
4117,42,Simplified,4118,78,K 4,7,8,7 8 7,22,1,0,0,net_win,1.0,2017,-136.0
4118,42,Simplified,4119,78,Q 5,7,K,7 K,17,1,0,0,net_loss,-1.0,2018,-137.0
4119,42,Simplified,4120,78,Q 7,6,4,6 4 4 Q,24,1,0,0,net_win,1.0,2019,-136.0
4120,42,Simplified,4121,78,Q 9,8,Q,8 Q,18,1,0,0,net_win,1.0,2020,-135.0
4121,42,Simplified,4122,78,4 9,2,4,2 4 9 5,20,1,0,0,net_loss,-1.0,2021,-136.0
4122,42,Simplified,4123,78,4 K,8,5,8 5 3 4,20,1,0,0,net_loss,-1.0,2022,-137.0
4123,42,Simplified,4124,78,4 10,2,10,2 10 J,22,1,0,0,net_win,1.0,2023,-136.0
4124,42,Simplified,4125,78,Q 4,A,J,A J,21,1,0,0,dealer_blackjack,-1.0,2024,-137.0
4125,42,Simplified,4126,78,A Q,7,J,7 J,17,1,0,0,player_blackjack,1.5,2025,-135.5
4126,42,Simplified,4127,78,K A,K,10,K 10,20,1,0,0,player_blackjack,1.5,2026,-134.0
4127,42,Simplified,4128,78,K 6,5,6,5 6 J,21,1,0,0,net_loss,-1.0,2027,-135.0
4128,42,Simplified,4129,78,4 6,4,10,4 10 8,22,1,0,0,net_win,1.0,2028,-134.0
4129,42,Simplified,4130,78,10 7,2,K,2 K 3 Q,25,1,0,0,net_win,1.0,2029,-133.0
4130,42,Simplified,4131,78,8 6,4,10,4 10 4,18,1,0,0,net_loss,-1.0,2030,-134.0
4131,42,Simplified,4132,78,7 7,5,K,5 K 10,25,1,0,0,net_win,1.0,2031,-133.0
4132,42,Simplified,4133,78,9 9,5,A,5 A A,17,1,0,0,net_win,1.0,2032,-132.0
4133,42,Simplified,4134,78,J 3,8,4,8 4 Q,22,1,0,0,net_win,1.0,2033,-131.0
4134,42,Simplified,4135,78,3 Q,10,10,10 10,20,1,0,0,net_loss,-1.0,2034,-132.0
4135,42,Simplified,4136,78,7 9,2,8,2 8 6 4,20,1,0,0,net_loss,-1.0,2035,-133.0
4136,42,Simplified,4137,78,7 3,10,7,10 7,17,1,0,0,net_win,1.0,2036,-132.0
4137,42,Simplified,4138,78,A 7,8,8,8 8 3,19,1,0,0,net_loss,-1.0,2037,-133.0
4138,42,Simplified,4139,78,3 3,9,8,9 8,17,1,0,0,net_loss,-1.0,2038,-134.0
4139,42,Simplified,4140,78,2 3,J,3,J 3 6,19,1,0,0,net_loss,-1.0,2039,-135.0
4140,42,Simplified,4141,78,7 10,2,9,2 9 K,21,1,0,0,net_loss,-1.0,2040,-136.0
4141,42,Simplified,4142,78,9 4,3,K,3 K 5,18,1,0,0,net_loss,-1.0,2041,-137.0
4142,42,Simplified,4143,78,K A,10,7,10 7,17,1,0,0,player_blackjack,1.5,2042,-135.5
4143,42,Simplified,4144,78,8 7,A,7,A 7,18,1,0,0,net_loss,-1.0,2043,-136.5
4144,42,Simplified,4145,78,J J,4,Q,4 Q 9,23,1,0,0,net_win,1.0,2044,-135.5
4145,42,Simplified,4146,78,A 7,7,2,7 2 K,19,1,0,0,net_loss,-1.0,2045,-136.5
4146,42,Simplified,4147,78,10 J,K,J,K J,20,1,0,0,net_push,0.0,2046,-136.5
4147,42,Simplified,4148,78,Q K,5,Q,5 Q 7,22,1,0,0,net_win,1.0,2047,-135.5
4148,42,Simplified,4149,78,6 Q,6,7,6 7 K,23,1,0,0,net_win,1.0,2048,-134.5
4149,42,Simplified,4150,78,8 6,6,A,6 A,17,1,0,0,net_loss,-1.0,2049,-135.5
4150,42,Simplified,4151,78,2 Q,7,J,7 J,17,1,0,0,net_loss,-1.0,2050,-136.5
4151,42,Simplified,4152,78,J J,J,9,J 9,19,1,0,0,net_win,1.0,2051,-135.5
4152,42,Simplified,4153,78,3 J,7,Q,7 Q,17,1,0,0,net_loss,-1.0,2052,-136.5
4153,42,Simplified,4154,78,2 9,7,5,7 5 5,17,1,0,0,net_win,1.0,2053,-135.5
4154,42,Simplified,4155,78,6 Q,K,6,K 6 7,23,1,0,0,net_win,1.0,2054,-134.5
4155,42,Simplified,4156,78,Q 10,2,J,2 J A K,23,1,0,0,net_win,1.0,2055,-133.5
4156,42,Simplified,4157,78,4 5,Q,J,Q J,20,1,0,0,net_loss,-1.0,2056,-134.5
4157,42,Simplified,4158,78,A 2,Q,5,Q 5 9,24,1,0,0,net_win,1.0,2057,-133.5
4158,42,Simplified,4159,78,9 K,A,3,A 3 10 7,21,1,0,0,net_loss,-1.0,2058,-134.5
4159,42,Simplified,4160,78,5 6,7,5,7 5 Q,22,1,0,0,net_win,1.0,2059,-133.5
4160,42,Simplified,4161,78,10 9,A,9,A 9,20,1,0,0,net_loss,-1.0,2060,-134.5
4161,42,Simplified,4162,78,9 J,5,5,5 5 8,18,1,0,0,net_win,1.0,2061,-133.5
4162,42,Simplified,4163,78,6 4,8,2,8 2 6 Q,26,1,0,0,net_win,1.0,2062,-132.5
4163,42,Simplified,4164,78,10 10,K,4,K 4 9,23,1,0,0,net_win,1.0,2063,-131.5
4164,42,Simplified,4165,78,J 2,5,8,5 8 9,22,1,0,0,net_win,1.0,2064,-130.5
4165,42,Simplified,4166,78,7 Q,9,10,9 10,19,1,0,0,net_loss,-1.0,2065,-131.5
4166,42,Simplified,4167,78,10 2,8,A,8 A,19,1,0,0,net_loss,-1.0,2066,-132.5
4167,42,Simplified,4168,78,A J,4,10,4 10,14,1,0,0,player_blackjack,1.5,2067,-131.0
4168,42,Simplified,4169,78,Q Q,4,10,4 10 3,17,1,0,0,net_win,1.0,2068,-130.0
4169,42,Simplified,4170,78,Q Q,J,7,J 7,17,1,0,0,net_win,1.0,2069,-129.0
4170,42,Simplified,4171,78,5 8,2,J,2 J K,22,1,0,0,net_win,1.0,2070,-128.0
4171,42,Simplified,4172,78,4 K,J,9,J 9,19,1,0,0,net_loss,-1.0,2071,-129.0
4172,42,Simplified,4173,78,4 K,J,3,J 3 J,23,1,0,0,net_win,1.0,2072,-128.0
4173,42,Simplified,4174,78,8 6,3,10,3 10 10,23,1,0,0,net_win,1.0,2073,-127.0
4174,42,Simplified,4175,78,2 6,4,K,4 K J,24,1,0,0,net_win,1.0,2074,-126.0
4175,42,Simplified,4176,78,10 K,8,6,8 6 4,18,1,0,0,net_win,1.0,2075,-125.0
4176,42,Simplified,4177,78,4 3,3,J,3 J 5,18,1,0,0,net_push,0.0,2076,-125.0
4177,42,Simplified,4178,78,3 6,A,3,A 3 10 Q,24,1,0,0,net_win,1.0,2077,-124.0
4178,42,Simplified,4179,78,5 8,K,7,K 7,17,1,0,0,net_loss,-1.0,2078,-125.0
4179,42,Simplified,4180,78,10 3,8,K,8 K,18,1,0,0,net_loss,-1.0,2079,-126.0
4180,42,Simplified,4181,78,9 7,4,10,4 10 5,19,1,0,0,net_loss,-1.0,2080,-127.0
4181,42,Simplified,4182,78,10 9,4,Q,4 Q 8,22,1,0,0,net_win,1.0,2081,-126.0
4182,42,Simplified,4183,78,3 8,K,6,K 6 J,26,1,0,0,net_win,1.0,2082,-125.0
4183,42,Simplified,4184,78,8 10,6,8,6 8 7,21,1,0,0,net_loss,-1.0,2083,-126.0
4184,42,Simplified,4185,78,2 8,J,8,J 8,18,1,0,0,net_win,1.0,2084,-125.0
4185,42,Simplified,4186,78,4 9,10,2,10 2 6,18,1,0,0,net_loss,-1.0,2085,-126.0
4186,42,Simplified,4187,78,5 10,5,7,5 7 6,18,1,0,0,net_loss,-1.0,2086,-127.0
4187,42,Simplified,4188,78,6 8,Q,10,Q 10,20,1,0,0,net_loss,-1.0,2087,-128.0
4188,42,Simplified,4189,78,K 5,5,3,5 3 2 10,20,1,0,0,net_loss,-1.0,2088,-129.0
4189,42,Simplified,4190,78,A 10,J,K,J K,20,1,0,0,player_blackjack,1.5,2089,-127.5
4190,42,Simplified,4191,78,A 6,2,Q,2 Q 5,17,1,0,0,net_push,0.0,2090,-127.5
4191,42,Simplified,4192,78,3 9,7,K,7 K,17,1,0,0,net_loss,-1.0,2091,-128.5
4192,42,Simplified,4193,78,Q 7,A,10,A 10,21,1,0,0,dealer_blackjack,-1.0,2092,-129.5
4193,42,Simplified,4194,78,J A,2,A,2 A,13,1,0,0,player_blackjack,1.5,2093,-128.0
4194,42,Simplified,4195,78,9 A,3,A,3 A 4,18,1,0,0,net_win,1.0,2094,-127.0
4195,42,Simplified,4196,78,4 A,7,7,7 7 8,22,1,0,0,net_win,1.0,2095,-126.0
4196,42,Simplified,4197,78,5 A,7,K,7 K,17,1,0,0,net_loss,-1.0,2096,-127.0
4197,42,Simplified,4198,78,J 7,K,6,K 6 A,17,1,0,0,net_push,0.0,2097,-127.0
4198,42,Simplified,4199,78,8 10,J,7,J 7,17,1,0,0,net_win,1.0,2098,-126.0
4199,42,Simplified,4200,78,10 3,Q,9,Q 9,19,1,0,0,net_loss,-1.0,2099,-127.0
4200,42,Simplified,4201,78,5 5,2,Q,2 Q J,22,1,0,0,net_win,1.0,2100,-126.0
4201,43,Basic,4202,78,10 5,6,3,6 3 8,17,1,0,0,net_loss,-1.0,2101,0.5
4202,43,Basic,4203,78,9 9,K,J,K J,20,1,0,0,net_loss,-1.0,2102,-0.5
4203,43,Basic,4204,78,4 4,K,J,K J,20,1,0,0,net_loss,-1.0,2103,-1.5
4204,43,Basic,4205,78,7 A,4,K,4 K K,24,1,0,1,net_win,2.0,2104,0.5
4205,43,Basic,4206,78,A K,2,10,2 10,12,1,0,0,player_blackjack,1.5,2105,2.0
4206,43,Basic,4207,78,3 J,A,2,A 2,13,1,0,0,net_loss,-1.0,2106,1.0
4207,43,Basic,4208,78,J 2,J,Q,J Q,20,1,0,0,net_win,1.0,2107,2.0
4208,43,Basic,4209,78,8 4,Q,5,Q 5,15,1,0,0,net_loss,-1.0,2108,1.0
4209,43,Basic,4210,78,3 4,Q,3,Q 3 4,17,1,0,0,net_push,0.0,2109,1.0
4210,43,Basic,4211,78,6 3,3,3,3 3 4 7,17,1,0,1,net_push,0.0,2110,1.0
4211,43,Basic,4212,78,2 6,4,4,4 4 3 4 K,25,1,0,0,net_win,1.0,2111,2.0
4212,43,Basic,4213,78,3 4,7,9,7 9 5,21,1,0,0,net_loss,-1.0,2112,1.0
4213,43,Basic,4214,78,2 8,J,8,J 8,18,1,0,0,net_loss,-1.0,2113,0.0
4214,43,Basic,4215,78,5 J,6,4,6 4 5 4,19,1,0,0,net_loss,-1.0,2114,-1.0
4215,43,Basic,4216,78,A A,3,K,3 K 4,17,2,1,0,net_win,2.0,2115,1.0
4216,43,Basic,4217,78,J 4,9,5,9 5 4,18,1,0,0,net_win,1.0,2116,2.0
4217,43,Basic,4218,78,2 7,8,7,8 7,15,1,0,0,net_loss,-1.0,2117,1.0
4218,43,Basic,4219,78,A A,7,6,7 6 Q,23,2,1,0,net_win,2.0,2118,3.0
4219,43,Basic,4220,78,8 K,3,A,3 A 6,20,1,0,0,net_loss,-1.0,2119,2.0
4220,43,Basic,4221,78,5 9,K,3,K 3,13,1,0,0,net_loss,-1.0,2120,1.0
4221,43,Basic,4222,78,J 6,2,9,2 9 5 2,18,1,0,0,net_loss,-1.0,2121,0.0
4222,43,Basic,4223,78,7 9,J,Q,J Q,20,1,0,0,net_loss,-1.0,2122,-1.0
4223,43,Basic,4224,78,9 3,Q,3,Q 3,13,1,0,0,net_loss,-1.0,2123,-2.0
4224,43,Basic,4225,78,3 J,7,K,7 K,17,1,0,0,net_loss,-1.0,2124,-3.0
4225,43,Basic,4226,78,J 8,5,6,5 6 3 3,17,1,0,0,net_win,1.0,2125,-2.0
4226,43,Basic,4227,78,5 J,9,4,9 4,13,1,0,0,net_loss,-1.0,2126,-3.0
4227,43,Basic,4228,78,Q 10,J,K,J K,20,1,0,0,net_push,0.0,2127,-3.0
4228,43,Basic,4229,78,3 7,Q,2,Q 2 7,19,1,0,0,net_loss,-1.0,2128,-4.0
4229,43,Basic,4230,78,A 8,5,J,5 J 4,19,1,0,0,net_push,0.0,2129,-4.0
4230,43,Basic,4231,78,K 9,K,9,K 9,19,1,0,0,net_push,0.0,2130,-4.0
4231,43,Basic,4232,78,9 9,J,10,J 10,20,1,0,0,net_loss,-1.0,2131,-5.0
4232,43,Basic,4233,78,3 J,8,5,8 5,13,1,0,0,net_loss,-1.0,2132,-6.0
4233,43,Basic,4234,78,A 2,9,Q,9 Q,19,1,0,0,net_win,1.0,2133,-5.0
4234,43,Basic,4235,78,K 5,3,4,3 4 6 6,19,1,0,0,net_loss,-1.0,2134,-6.0
4235,43,Basic,4236,78,3 8,9,A,9 A,20,1,0,1,net_loss,-2.0,2135,-8.0
4236,43,Basic,4237,78,J A,Q,4,Q 4,14,1,0,0,player_blackjack,1.5,2136,-6.5
4237,43,Basic,4238,78,A J,K,8,K 8,18,1,0,0,player_blackjack,1.5,2137,-5.0
4238,43,Basic,4239,78,7 K,Q,5,Q 5 8,23,1,0,0,net_win,1.0,2138,-4.0
4239,43,Basic,4240,78,8 K,8,Q,8 Q,18,1,0,0,net_push,0.0,2139,-4.0
4240,43,Basic,4241,78,5 6,J,9,J 9,19,1,0,1,net_win,2.0,2140,-2.0
4241,43,Basic,4242,78,A J,4,J,4 J,14,1,0,0,player_blackjack,1.5,2141,-0.5
4242,43,Basic,4243,78,2 Q,8,K,8 K,18,1,0,0,net_win,1.0,2142,0.5
4243,43,Basic,4244,78,10 A,5,2,5 2,7,1,0,0,player_blackjack,1.5,2143,2.0
4244,43,Basic,4245,78,10 5,6,J,6 J 5,21,1,0,0,net_loss,-1.0,2144,1.0
4245,43,Basic,4246,78,2 3,8,10,8 10,18,1,0,0,net_win,1.0,2145,2.0
4246,43,Basic,4247,78,J 3,J,2,J 2,12,1,0,0,net_loss,-1.0,2146,1.0
4247,43,Basic,4248,78,7 9,4,7,4 7 2 A 6,20,1,0,0,net_loss,-1.0,2147,0.0
4248,43,Basic,4249,78,7 2,K,7,K 7,17,1,0,0,net_win,1.0,2148,1.0
4249,43,Basic,4250,78,5 2,6,6,6 6 A 9,22,1,0,0,net_win,1.0,2149,2.0
4250,43,Basic,4251,78,10 3,8,9,8 9,17,1,0,0,net_loss,-1.0,2150,1.0
4251,43,Basic,4252,78,10 A,J,3,J 3,13,1,0,0,player_blackjack,1.5,2151,2.5
4252,43,Basic,4253,78,10 J,K,3,K 3 6,19,1,0,0,net_win,1.0,2152,3.5
4253,43,Basic,4254,78,2 Q,5,10,5 10 9,24,1,0,0,net_win,1.0,2153,4.5
4254,43,Basic,4255,78,5 K,10,10,10 10,20,1,0,0,net_loss,-1.0,2154,3.5
4255,43,Basic,4256,78,9 10,6,7,6 7 K,23,1,0,0,net_win,1.0,2155,4.5
4256,43,Basic,4257,78,4 7,K,5,K 5 Q,25,1,0,1,net_win,2.0,2156,6.5
4257,43,Basic,4258,78,6 Q,8,8,8 8,16,1,0,0,net_loss,-1.0,2157,5.5
4258,43,Basic,4259,78,10 5,10,8,10 8,18,1,0,0,net_win,1.0,2158,6.5
4259,43,Basic,4260,78,Q 2,8,3,8 3 2 K,23,1,0,0,net_win,1.0,2159,7.5
4260,43,Basic,4261,78,4 4,J,9,J 9,19,1,0,0,net_loss,-1.0,2160,6.5
4261,43,Basic,4262,78,8 4,5,9,5 9 K,24,1,0,0,net_win,1.0,2161,7.5
4262,43,Basic,4263,78,4 10,6,J,6 J 3,19,1,0,0,net_loss,-1.0,2162,6.5
4263,43,Basic,4264,78,A 10,6,5,6 5,11,1,0,0,player_blackjack,1.5,2163,8.0
4264,43,Basic,4265,78,5 A,4,8,4 8 6,18,1,0,1,net_push,0.0,2164,8.0
4265,43,Basic,4266,78,A Q,7,J,7 J,17,1,0,0,player_blackjack,1.5,2165,9.5
4266,43,Basic,4267,78,5 9,8,J,8 J,18,1,0,0,net_win,1.0,2166,10.5
4267,43,Basic,4268,78,10 Q,3,4,3 4 7 10,24,1,0,0,net_win,1.0,2167,11.5
4268,43,Basic,4269,78,Q 7,3,5,3 5 A,19,1,0,0,net_loss,-1.0,2168,10.5
4269,43,Basic,4270,78,10 7,9,5,9 5 J,24,1,0,0,net_win,1.0,2169,11.5
4270,43,Basic,4271,78,3 8,6,7,6 7 3 6,22,1,0,1,net_win,2.0,2170,13.5
4271,43,Basic,4272,78,5 6,K,5,K 5 7,22,1,0,1,net_win,2.0,2171,15.5
4272,43,Basic,4273,78,Q 3,6,5,6 5 A 9,21,1,0,0,net_loss,-1.0,2172,14.5
4273,43,Basic,4274,78,7 K,4,J,4 J 8,22,1,0,0,net_win,1.0,2173,15.5
4274,43,Basic,4275,78,9 J,K,6,K 6 J,26,1,0,0,net_win,1.0,2174,16.5
4275,43,Basic,4276,78,Q A,10,J,10 J,20,1,0,0,player_blackjack,1.5,2175,18.0
4276,43,Basic,4277,78,4 Q,9,4,9 4 8,21,1,0,0,net_loss,-1.0,2176,17.0
4277,43,Basic,4278,78,Q 6,K,K,K K,20,1,0,0,net_loss,-1.0,2177,16.0
4278,43,Basic,4279,78,5 A,J,9,J 9,19,1,0,0,net_push,0.0,2178,16.0
4279,43,Basic,4280,78,8 K,8,9,8 9,17,1,0,0,net_win,1.0,2179,17.0
4280,43,Basic,4281,78,A 8,4,5,4 5 6 K,25,1,0,0,net_win,1.0,2180,18.0
4281,43,Basic,4282,78,J 2,Q,A,Q A,21,1,0,0,dealer_blackjack,-1.0,2181,17.0
4282,43,Basic,4283,78,K 10,2,3,2 3 4 J,19,1,0,0,net_win,1.0,2182,18.0
4283,43,Basic,4284,78,7 A,2,K,2 K J,22,1,0,0,net_win,1.0,2183,19.0
4284,43,Basic,4285,78,9 K,7,J,7 J,17,1,0,0,net_win,1.0,2184,20.0
4285,43,Basic,4286,78,3 4,5,8,5 8 J,23,1,0,0,net_win,1.0,2185,21.0
4286,43,Basic,4287,78,9 A,10,4,10 4 A 8,23,1,0,0,net_win,1.0,2186,22.0
4287,43,Basic,4288,78,9 3,7,J,7 J,17,1,0,0,net_loss,-1.0,2187,21.0
4288,43,Basic,4289,78,Q J,Q,A,Q A,21,1,0,0,dealer_blackjack,-1.0,2188,20.0
4289,43,Basic,4290,78,10 4,2,2,2 2 9 5,18,1,0,0,net_loss,-1.0,2189,19.0
4290,43,Basic,4291,78,Q 10,8,2,8 2 J,20,1,0,0,net_push,0.0,2190,19.0
4291,43,Basic,4292,78,A 9,5,6,5 6 10,21,1,0,0,net_loss,-1.0,2191,18.0
4292,43,Basic,4293,78,8 6,7,3,7 3,10,1,0,0,net_loss,-1.0,2192,17.0
4293,43,Basic,4294,78,6 2,9,K,9 K,19,1,0,0,net_loss,-1.0,2193,16.0
4294,43,Basic,4295,78,5 6,3,Q,3 Q 5,18,1,0,1,net_loss,-2.0,2194,14.0
4295,43,Basic,4296,78,6 7,K,Q,K Q,20,1,0,0,net_loss,-1.0,2195,13.0
4296,43,Basic,4297,78,K Q,2,Q,2 Q 6,18,1,0,0,net_win,1.0,2196,14.0
4297,43,Basic,4298,78,A 2,3,10,3 10 5,18,1,0,0,net_loss,-1.0,2197,13.0
4298,43,Basic,4299,78,4 A,8,3,8 3 4 5,20,1,0,0,net_loss,-1.0,2198,12.0
4299,43,Basic,4300,78,8 K,2,7,2 7 5 8,22,1,0,0,net_win,1.0,2199,13.0
4300,43,Basic,4301,78,A 8,3,K,3 K 4,17,1,0,0,net_win,1.0,2200,14.0
4301,44,Simplified,4302,78,K J,Q,8,Q 8,18,1,0,0,net_win,1.0,2101,-125.0
4302,44,Simplified,4303,78,10 4,Q,8,Q 8,18,1,0,0,net_loss,-1.0,2102,-126.0
4303,44,Simplified,4304,78,8 7,8,2,8 2 7,17,1,0,0,net_loss,-1.0,2103,-127.0
4304,44,Simplified,4305,78,K K,9,A,9 A,20,1,0,0,net_push,0.0,2104,-127.0
4305,44,Simplified,4306,78,J J,10,A,10 A,21,1,0,0,dealer_blackjack,-1.0,2105,-128.0
4306,44,Simplified,4307,78,K 7,10,4,10 4 6,20,1,0,0,net_loss,-1.0,2106,-129.0
4307,44,Simplified,4308,78,4 9,5,K,5 K J,25,1,0,0,net_win,1.0,2107,-128.0
4308,44,Simplified,4309,78,K 4,A,9,A 9,20,1,0,0,net_loss,-1.0,2108,-129.0
4309,44,Simplified,4310,78,6 5,10,8,10 8,18,1,0,0,net_win,1.0,2109,-128.0
4310,44,Simplified,4311,78,5 2,K,A,K A,21,1,0,0,dealer_blackjack,-1.0,2110,-129.0
4311,44,Simplified,4312,78,A Q,J,5,J 5,15,1,0,0,player_blackjack,1.5,2111,-127.5
4312,44,Simplified,4313,78,K 4,10,8,10 8,18,1,0,0,net_loss,-1.0,2112,-128.5
4313,44,Simplified,4314,78,K A,A,5,A 5,16,1,0,0,player_blackjack,1.5,2113,-127.0
4314,44,Simplified,4315,78,6 2,3,Q,3 Q A K,24,1,0,0,net_win,1.0,2114,-126.0
4315,44,Simplified,4316,78,2 3,3,7,3 7 4 3,17,1,0,0,net_loss,-1.0,2115,-127.0
4316,44,Simplified,4317,78,8 A,6,Q,6 Q 9,25,1,0,0,net_win,1.0,2116,-126.0
4317,44,Simplified,4318,78,J 5,7,7,7 7 A 7,22,1,0,0,net_win,1.0,2117,-125.0
4318,44,Simplified,4319,78,6 5,J,9,J 9,19,1,0,0,net_win,1.0,2118,-124.0
4319,44,Simplified,4320,78,A J,6,8,6 8,14,1,0,0,player_blackjack,1.5,2119,-122.5
4320,44,Simplified,4321,78,9 Q,2,6,2 6 J,18,1,0,0,net_win,1.0,2120,-121.5
4321,44,Simplified,4322,78,2 9,K,7,K 7,17,1,0,0,net_loss,-1.0,2121,-122.5
4322,44,Simplified,4323,78,3 6,5,4,5 4 5 6,20,1,0,0,net_loss,-1.0,2122,-123.5
4323,44,Simplified,4324,78,6 7,4,7,4 7 8,19,1,0,0,net_loss,-1.0,2123,-124.5
4324,44,Simplified,4325,78,J Q,10,6,10 6 7,23,1,0,0,net_win,1.0,2124,-123.5
4325,44,Simplified,4326,78,K 7,4,5,4 5 4 J,23,1,0,0,net_win,1.0,2125,-122.5
4326,44,Simplified,4327,78,7 10,10,8,10 8,18,1,0,0,net_loss,-1.0,2126,-123.5
4327,44,Simplified,4328,78,4 10,4,2,4 2 2 K,18,1,0,0,net_loss,-1.0,2127,-124.5
4328,44,Simplified,4329,78,10 2,3,5,3 5 Q,18,1,0,0,net_loss,-1.0,2128,-125.5
4329,44,Simplified,4330,78,J 9,9,J,9 J,19,1,0,0,net_push,0.0,2129,-125.5
4330,44,Simplified,4331,78,A K,5,10,5 10,15,1,0,0,player_blackjack,1.5,2130,-124.0
4331,44,Simplified,4332,78,5 A,5,K,5 K 8,23,1,0,0,net_win,1.0,2131,-123.0
4332,44,Simplified,4333,78,10 9,10,A,10 A,21,1,0,0,dealer_blackjack,-1.0,2132,-124.0
4333,44,Simplified,4334,78,8 J,7,8,7 8 7,22,1,0,0,net_win,1.0,2133,-123.0
4334,44,Simplified,4335,78,6 2,3,6,3 6 6 Q,25,1,0,0,net_win,1.0,2134,-122.0
4335,44,Simplified,4336,78,2 8,10,9,10 9,19,1,0,0,net_loss,-1.0,2135,-123.0
4336,44,Simplified,4337,78,A 3,5,6,5 6 3 A 6,21,1,0,0,net_loss,-1.0,2136,-124.0
4337,44,Simplified,4338,78,8 9,4,6,4 6 3 10,23,1,0,0,net_win,1.0,2137,-123.0
4338,44,Simplified,4339,78,4 5,5,2,5 2 10,17,1,0,0,net_win,1.0,2138,-122.0
4339,44,Simplified,4340,78,J 3,Q,10,Q 10,20,1,0,0,net_loss,-1.0,2139,-123.0
4340,44,Simplified,4341,78,6 5,7,9,7 9 4,20,1,0,0,net_win,1.0,2140,-122.0
4341,44,Simplified,4342,78,4 7,9,7,9 7 10,26,1,0,0,net_win,1.0,2141,-121.0
4342,44,Simplified,4343,78,K 4,10,6,10 6 4,20,1,0,0,net_loss,-1.0,2142,-122.0
4343,44,Simplified,4344,78,7 3,Q,7,Q 7,17,1,0,0,net_win,1.0,2143,-121.0
4344,44,Simplified,4345,78,7 8,6,9,6 9 Q,25,1,0,0,net_win,1.0,2144,-120.0
4345,44,Simplified,4346,78,J 6,7,A,7 A,18,1,0,0,net_loss,-1.0,2145,-121.0
4346,44,Simplified,4347,78,2 J,7,Q,7 Q,17,1,0,0,net_loss,-1.0,2146,-122.0
4347,44,Simplified,4348,78,6 4,6,Q,6 Q 3,19,1,0,0,net_win,1.0,2147,-121.0
4348,44,Simplified,4349,78,J 5,5,Q,5 Q 4,19,1,0,0,net_loss,-1.0,2148,-122.0
4349,44,Simplified,4350,78,K 5,K,4,K 4 K,24,1,0,0,net_win,1.0,2149,-121.0
4350,44,Simplified,4351,78,K K,J,J,J J,20,1,0,0,net_push,0.0,2150,-121.0
4351,44,Simplified,4352,78,4 J,3,6,3 6 4 Q,23,1,0,0,net_win,1.0,2151,-120.0
4352,44,Simplified,4353,78,4 10,A,6,A 6,17,1,0,0,net_loss,-1.0,2152,-121.0
4353,44,Simplified,4354,78,K 10,J,J,J J,20,1,0,0,net_push,0.0,2153,-121.0
4354,44,Simplified,4355,78,6 7,6,2,6 2 5 4,17,1,0,0,net_loss,-1.0,2154,-122.0
4355,44,Simplified,4356,78,9 5,A,A,A A 2 4,18,1,0,0,net_loss,-1.0,2155,-123.0
4356,44,Simplified,4357,78,7 10,K,Q,K Q,20,1,0,0,net_loss,-1.0,2156,-124.0
4357,44,Simplified,4358,78,7 4,J,Q,J Q,20,1,0,0,net_loss,-1.0,2157,-125.0
4358,44,Simplified,4359,78,Q 4,8,6,8 6 4,18,1,0,0,net_loss,-1.0,2158,-126.0
4359,44,Simplified,4360,78,A A,J,3,J 3 5,18,1,0,0,net_win,1.0,2159,-125.0
4360,44,Simplified,4361,78,3 5,3,3,3 3 6 6,18,1,0,0,net_push,0.0,2160,-125.0
4361,44,Simplified,4362,78,7 5,10,K,10 K,20,1,0,0,net_loss,-1.0,2161,-126.0
4362,44,Simplified,4363,78,Q J,3,5,3 5 2 5 6,21,1,0,0,net_loss,-1.0,2162,-127.0
4363,44,Simplified,4364,78,8 K,5,4,5 4 8,17,1,0,0,net_win,1.0,2163,-126.0
4364,44,Simplified,4365,78,3 8,4,9,4 9 K,23,1,0,0,net_win,1.0,2164,-125.0
4365,44,Simplified,4366,78,5 6,K,4,K 4 10,24,1,0,0,net_win,1.0,2165,-124.0
4366,44,Simplified,4367,78,3 7,K,J,K J,20,1,0,0,net_push,0.0,2166,-124.0
4367,44,Simplified,4368,78,7 10,4,Q,4 Q 9,23,1,0,0,net_win,1.0,2167,-123.0
4368,44,Simplified,4369,78,8 2,2,J,2 J 10,22,1,0,0,net_win,1.0,2168,-122.0
4369,44,Simplified,4370,78,4 8,K,2,K 2 7,19,1,0,0,net_loss,-1.0,2169,-123.0
4370,44,Simplified,4371,78,9 2,Q,3,Q 3 2 J,25,1,0,0,net_win,1.0,2170,-122.0
4371,44,Simplified,4372,78,10 4,10,5,10 5 K,25,1,0,0,net_win,1.0,2171,-121.0
4372,44,Simplified,4373,78,5 Q,Q,A,Q A,21,1,0,0,dealer_blackjack,-1.0,2172,-122.0
4373,44,Simplified,4374,78,7 4,8,8,8 8 Q,26,1,0,0,net_win,1.0,2173,-121.0
4374,44,Simplified,4375,78,9 4,6,3,6 3 3 6,18,1,0,0,net_loss,-1.0,2174,-122.0
4375,44,Simplified,4376,78,7 7,2,3,2 3 10 K,25,1,0,0,net_win,1.0,2175,-121.0
4376,44,Simplified,4377,78,8 9,3,10,3 10 5,18,1,0,0,net_loss,-1.0,2176,-122.0
4377,44,Simplified,4378,78,A 9,10,6,10 6 A,17,1,0,0,net_win,1.0,2177,-121.0
4378,44,Simplified,4379,78,J 7,J,3,J 3 8,21,1,0,0,net_loss,-1.0,2178,-122.0
4379,44,Simplified,4380,78,J 2,8,2,8 2 A,21,1,0,0,net_loss,-1.0,2179,-123.0
4380,44,Simplified,4381,78,4 3,8,J,8 J,18,1,0,0,net_loss,-1.0,2180,-124.0
4381,44,Simplified,4382,78,9 9,10,6,10 6 4,20,1,0,0,net_loss,-1.0,2181,-125.0
4382,44,Simplified,4383,78,Q 4,7,J,7 J,17,1,0,0,net_loss,-1.0,2182,-126.0
4383,44,Simplified,4384,78,A 2,7,6,7 6 5,18,1,0,0,net_loss,-1.0,2183,-127.0
4384,44,Simplified,4385,78,5 9,3,Q,3 Q 6,19,1,0,0,net_loss,-1.0,2184,-128.0
4385,44,Simplified,4386,78,8 2,2,3,2 3 8 9,22,1,0,0,net_win,1.0,2185,-127.0
4386,44,Simplified,4387,78,6 8,K,A,K A,21,1,0,0,dealer_blackjack,-1.0,2186,-128.0
4387,44,Simplified,4388,78,8 2,7,K,7 K,17,1,0,0,net_loss,-1.0,2187,-129.0
4388,44,Simplified,4389,78,10 9,10,J,10 J,20,1,0,0,net_loss,-1.0,2188,-130.0
4389,44,Simplified,4390,78,9 K,2,10,2 10 4 Q,26,1,0,0,net_win,1.0,2189,-129.0
4390,44,Simplified,4391,78,2 10,7,8,7 8 8,23,1,0,0,net_win,1.0,2190,-128.0
4391,44,Simplified,4392,78,7 5,9,K,9 K,19,1,0,0,net_loss,-1.0,2191,-129.0
4392,44,Simplified,4393,78,Q 2,3,J,3 J 3 6,22,1,0,0,net_win,1.0,2192,-128.0
4393,44,Simplified,4394,78,5 A,4,4,4 4 8 K,26,1,0,0,net_win,1.0,2193,-127.0
4394,44,Simplified,4395,78,6 6,6,3,6 3 9,18,1,0,0,net_loss,-1.0,2194,-128.0
4395,44,Simplified,4396,78,8 10,3,J,3 J 2 Q,25,1,0,0,net_win,1.0,2195,-127.0
4396,44,Simplified,4397,78,9 Q,6,6,6 6 A 5,18,1,0,0,net_win,1.0,2196,-126.0
4397,44,Simplified,4398,78,10 7,K,K,K K,20,1,0,0,net_loss,-1.0,2197,-127.0
4398,44,Simplified,4399,78,3 10,6,5,6 5 5 6,22,1,0,0,net_win,1.0,2198,-126.0
4399,44,Simplified,4400,78,6 10,2,8,2 8 2 3 J,25,1,0,0,net_win,1.0,2199,-125.0
4400,44,Simplified,4401,78,8 J,7,10,7 10,17,1,0,0,net_win,1.0,2200,-124.0
4401,45,Basic,4402,78,6 9,K,7,K 7,17,1,0,0,net_loss,-1.0,2201,13.0
4402,45,Basic,4403,78,A Q,9,10,9 10,19,1,0,0,player_blackjack,1.5,2202,14.5
4403,45,Basic,4404,78,Q 5,9,7,9 7 5,21,1,0,0,net_loss,-1.0,2203,13.5
4404,45,Basic,4405,78,2 A,K,10,K 10,20,1,0,0,net_loss,-1.0,2204,12.5
4405,45,Basic,4406,78,Q 9,K,K,K K,20,1,0,0,net_loss,-1.0,2205,11.5
4406,45,Basic,4407,78,J 6,5,4,5 4 10,19,1,0,0,net_loss,-1.0,2206,10.5
4407,45,Basic,4408,78,A J,2,7,2 7,9,1,0,0,player_blackjack,1.5,2207,12.0
4408,45,Basic,4409,78,Q K,9,9,9 9,18,1,0,0,net_win,1.0,2208,13.0
4409,45,Basic,4410,78,2 9,9,K,9 K,19,1,0,1,net_win,2.0,2209,15.0
4410,45,Basic,4411,78,6 A,3,8,3 8 K,21,1,0,1,net_loss,-2.0,2210,13.0
4411,45,Basic,4412,78,8 6,9,9,9 9,18,1,0,0,net_win,1.0,2211,14.0
4412,45,Basic,4413,78,9 7,6,9,6 9 2,17,1,0,0,net_loss,-1.0,2212,13.0
4413,45,Basic,4414,78,K 2,4,Q,4 Q 2 6,22,1,0,0,net_win,1.0,2213,14.0
4414,45,Basic,4415,78,A Q,4,Q,4 Q,14,1,0,0,player_blackjack,1.5,2214,15.5
4415,45,Basic,4416,78,4 8,Q,5,Q 5 8,23,1,0,0,net_win,1.0,2215,16.5
4416,45,Basic,4417,78,Q 10,9,2,9 2 9,20,1,0,0,net_push,0.0,2216,16.5
4417,45,Basic,4418,78,2 K,K,K,K K,20,1,0,0,net_loss,-1.0,2217,15.5
4418,45,Basic,4419,78,2 2,Q,Q,Q Q,20,1,0,0,net_loss,-1.0,2218,14.5
4419,45,Basic,4420,78,6 10,J,K,J K,20,1,0,0,net_loss,-1.0,2219,13.5
4420,45,Basic,4421,78,2 K,10,3,10 3,13,1,0,0,net_loss,-1.0,2220,12.5
4421,45,Basic,4422,78,A 3,7,J,7 J,17,1,0,0,net_win,1.0,2221,13.5
4422,45,Basic,4423,78,3 3,J,J,J J,20,1,0,0,net_loss,-1.0,2222,12.5
4423,45,Basic,4424,78,K 9,3,4,3 4 7 5,19,1,0,0,net_push,0.0,2223,12.5
4424,45,Basic,4425,78,9 10,J,3,J 3 10,23,1,0,0,net_win,1.0,2224,13.5
4425,45,Basic,4426,78,Q J,K,6,K 6 A,17,1,0,0,net_win,1.0,2225,14.5
4426,45,Basic,4427,78,4 10,3,10,3 10 Q,23,1,0,0,net_win,1.0,2226,15.5
4427,45,Basic,4428,78,5 4,3,3,3 3 7 Q,23,1,0,1,net_win,2.0,2227,17.5
4428,45,Basic,4429,78,6 A,8,J,8 J,18,1,0,0,net_loss,-1.0,2228,16.5
4429,45,Basic,4430,78,A A,A,5,A 5 4,20,2,1,0,net_loss,-2.0,2229,14.5
4430,45,Basic,4431,78,4 6,2,9,2 9 8,19,1,0,1,net_push,0.0,2230,14.5
4431,45,Basic,4432,78,4 7,8,J,8 J,18,1,0,1,net_push,0.0,2231,14.5
4432,45,Basic,4433,78,J 4,6,8,6 8 10,24,1,0,0,net_win,1.0,2232,15.5
4433,45,Basic,4434,78,2 9,9,6,9 6 8,23,1,0,1,net_win,2.0,2233,17.5
4434,45,Basic,4435,78,J A,8,3,8 3,11,1,0,0,player_blackjack,1.5,2234,19.0
4435,45,Basic,4436,78,A 7,3,8,3 8 8,19,1,0,1,net_loss,-2.0,2235,17.0
4436,45,Basic,4437,78,4 2,K,9,K 9,19,1,0,0,net_loss,-1.0,2236,16.0
4437,45,Basic,4438,78,6 5,5,Q,5 Q 7,22,1,0,1,net_win,2.0,2237,18.0
4438,45,Basic,4439,78,10 3,7,3,7 3 5 6,21,1,0,0,net_loss,-1.0,2238,17.0
4439,45,Basic,4440,78,3 8,7,7,7 7 6,20,1,0,1,net_win,2.0,2239,19.0
4440,45,Basic,4441,78,9 10,7,5,7 5 5,17,1,0,0,net_win,1.0,2240,20.0
4441,45,Basic,4442,78,10 J,3,5,3 5 6 10,24,1,0,0,net_win,1.0,2241,21.0
4442,45,Basic,4443,78,5 5,9,Q,9 Q,19,1,0,1,net_loss,-2.0,2242,19.0
4443,45,Basic,4444,78,3 9,7,Q,7 Q,17,1,0,0,net_win,1.0,2243,20.0
4444,45,Basic,4445,78,8 J,9,J,9 J,19,1,0,0,net_loss,-1.0,2244,19.0
4445,45,Basic,4446,78,6 6,9,2,9 2 3 4,18,1,0,0,net_win,1.0,2245,20.0
4446,45,Basic,4447,78,8 7,8,6,8 6 A 10,25,1,0,0,net_win,1.0,2246,21.0
4447,45,Basic,4448,78,2 J,4,8,4 8 10,22,1,0,0,net_win,1.0,2247,22.0
4448,45,Basic,4449,78,J 8,7,3,7 3 6 K,26,1,0,0,net_win,1.0,2248,23.0
4449,45,Basic,4450,78,6 Q,K,6,K 6 J,26,1,0,0,net_win,1.0,2249,24.0
4450,45,Basic,4451,78,7 3,3,4,3 4 8 K,25,1,0,1,net_win,2.0,2250,26.0
4451,45,Basic,4452,78,Q J,4,5,4 5 Q,19,1,0,0,net_win,1.0,2251,27.0
4452,45,Basic,4453,78,A 3,7,K,7 K,17,1,0,0,net_win,1.0,2252,28.0
4453,45,Basic,4454,78,8 K,J,3,J 3 8,21,1,0,0,net_loss,-1.0,2253,27.0
4454,45,Basic,4455,78,Q 8,10,K,10 K,20,1,0,0,net_loss,-1.0,2254,26.0
4455,45,Basic,4456,78,10 8,10,6,10 6 Q,26,1,0,0,net_win,1.0,2255,27.0
4456,45,Basic,4457,78,9 Q,5,7,5 7 A 5,18,1,0,0,net_win,1.0,2256,28.0
4457,45,Basic,4458,78,4 5,2,K,2 K 3 4,19,1,0,0,net_loss,-1.0,2257,27.0
4458,45,Basic,4459,78,8 8,5,5,5 5 J,20,2,1,1,net_loss,-3.0,2258,24.0
4459,45,Basic,4460,78,Q 3,4,3,4 3 2 9,18,1,0,0,net_loss,-1.0,2259,23.0
4460,45,Basic,4461,78,6 K,5,4,5 4 9,18,1,0,0,net_loss,-1.0,2260,22.0
4461,45,Basic,4462,78,10 5,6,10,6 10 10,26,1,0,0,net_win,1.0,2261,23.0
4462,45,Basic,4463,78,3 2,A,8,A 8,19,1,0,0,net_win,1.0,2262,24.0
4463,45,Basic,4464,78,2 10,6,4,6 4 4 8,22,1,0,0,net_win,1.0,2263,25.0
4464,45,Basic,4465,78,7 8,5,J,5 J A Q,26,1,0,0,net_win,1.0,2264,26.0
4465,45,Basic,4466,78,10 3,Q,9,Q 9,19,1,0,0,net_loss,-1.0,2265,25.0
4466,45,Basic,4467,78,A 8,Q,4,Q 4 Q,24,1,0,0,net_win,1.0,2266,26.0
4467,45,Basic,4468,78,4 K,5,Q,5 Q 5,20,1,0,0,net_loss,-1.0,2267,25.0
4468,45,Basic,4469,78,3 3,J,Q,J Q,20,1,0,0,net_loss,-1.0,2268,24.0
4469,45,Basic,4470,78,4 K,5,A,5 A 7 2 8,23,1,0,0,net_win,1.0,2269,25.0
4470,45,Basic,4471,78,A 2,7,7,7 7 3,17,1,0,0,net_win,1.0,2270,26.0
4471,45,Basic,4472,78,Q 8,9,Q,9 Q,19,1,0,0,net_loss,-1.0,2271,25.0
4472,45,Basic,4473,78,A 2,10,4,10 4,14,1,0,0,net_loss,-1.0,2272,24.0
4473,45,Basic,4474,78,4 10,2,2,2 2 7 A 9,21,1,0,0,net_loss,-1.0,2273,23.0
4474,45,Basic,4475,78,9 K,8,2,8 2 Q,20,1,0,0,net_loss,-1.0,2274,22.0
4475,45,Basic,4476,78,6 A,J,4,J 4 J,24,1,0,0,net_win,1.0,2275,23.0
4476,45,Basic,4477,78,6 7,8,4,8 4 6,18,1,0,0,net_win,1.0,2276,24.0
4477,45,Basic,4478,78,3 10,2,Q,2 Q 8,20,1,0,0,net_loss,-1.0,2277,23.0
4478,45,Basic,4479,78,Q 3,9,4,9 4,13,1,0,0,net_loss,-1.0,2278,22.0
4479,45,Basic,4480,78,5 A,7,5,7 5 8,20,1,0,0,net_loss,-1.0,2279,21.0
4480,45,Basic,4481,78,7 Q,10,J,10 J,20,1,0,0,net_loss,-1.0,2280,20.0
4481,45,Basic,4482,78,A 4,J,6,J 6 9,25,1,0,0,net_win,1.0,2281,21.0
4482,45,Basic,4483,78,2 9,6,A,6 A,17,1,0,1,net_push,0.0,2282,21.0
4483,45,Basic,4484,78,4 4,9,2,9 2 3 5,19,1,0,0,net_win,1.0,2283,22.0
4484,45,Basic,4485,78,A 9,8,Q,8 Q,18,1,0,0,net_win,1.0,2284,23.0
4485,45,Basic,4486,78,5 8,Q,7,Q 7,17,1,0,0,net_win,1.0,2285,24.0
4486,45,Basic,4487,78,9 A,4,4,4 4 2 A,21,1,0,0,net_loss,-1.0,2286,23.0
4487,45,Basic,4488,78,5 4,6,9,6 9 K,25,1,0,1,net_win,2.0,2287,25.0
4488,45,Basic,4489,78,8 3,3,8,3 8 A 10,22,1,0,1,net_win,2.0,2288,27.0
4489,45,Basic,4490,78,Q 3,4,A,4 A A 3,19,1,0,0,net_loss,-1.0,2289,26.0
4490,45,Basic,4491,78,10 6,9,7,9 7 7,23,1,0,0,net_win,1.0,2290,27.0
4491,45,Basic,4492,78,6 7,4,10,4 10 6,20,1,0,0,net_loss,-1.0,2291,26.0
4492,45,Basic,4493,78,9 10,7,Q,7 Q,17,1,0,0,net_win,1.0,2292,27.0
4493,45,Basic,4494,78,4 J,2,10,2 10 K,22,1,0,0,net_win,1.0,2293,28.0
4494,45,Basic,4495,78,K 4,A,8,A 8,19,1,0,0,net_loss,-1.0,2294,27.0
4495,45,Basic,4496,78,Q 6,9,3,9 3,12,1,0,0,net_loss,-1.0,2295,26.0
4496,45,Basic,4497,78,A 2,A,7,A 7,18,1,0,0,net_loss,-1.0,2296,25.0
4497,45,Basic,4498,78,4 Q,3,6,3 6 K,19,1,0,0,net_loss,-1.0,2297,24.0
4498,45,Basic,4499,78,8 9,2,2,2 2 2 A,17,1,0,0,net_push,0.0,2298,24.0
4499,45,Basic,4500,78,2 6,4,6,4 6 A,21,1,0,0,net_loss,-1.0,2299,23.0
4500,45,Basic,4501,78,5 4,5,8,5 8 K,23,1,0,1,net_win,2.0,2300,25.0
4501,46,Simplified,4502,78,9 9,A,9,A 9,20,1,0,0,net_loss,-1.0,2201,-125.0
4502,46,Simplified,4503,78,J 7,8,Q,8 Q,18,1,0,0,net_loss,-1.0,2202,-126.0
4503,46,Simplified,4504,78,9 Q,K,3,K 3 5,18,1,0,0,net_win,1.0,2203,-125.0
4504,46,Simplified,4505,78,8 3,10,K,10 K,20,1,0,0,net_loss,-1.0,2204,-126.0
4505,46,Simplified,4506,78,8 K,10,A,10 A,21,1,0,0,dealer_blackjack,-1.0,2205,-127.0
4506,46,Simplified,4507,78,J 9,4,K,4 K A 10,25,1,0,0,net_win,1.0,2206,-126.0
4507,46,Simplified,4508,78,8 J,J,5,J 5 K,25,1,0,0,net_win,1.0,2207,-125.0
4508,46,Simplified,4509,78,8 6,6,2,6 2 3 10,21,1,0,0,net_loss,-1.0,2208,-126.0
4509,46,Simplified,4510,78,8 3,9,10,9 10,19,1,0,0,net_loss,-1.0,2209,-127.0
4510,46,Simplified,4511,78,A 3,4,10,4 10 Q,24,1,0,0,net_win,1.0,2210,-126.0
4511,46,Simplified,4512,78,J 6,3,8,3 8 5 3,19,1,0,0,net_loss,-1.0,2211,-127.0
4512,46,Simplified,4513,78,K 6,A,J,A J,21,1,0,0,dealer_blackjack,-1.0,2212,-128.0
4513,46,Simplified,4514,78,10 2,3,9,3 9 4 5,21,1,0,0,net_loss,-1.0,2213,-129.0
4514,46,Simplified,4515,78,6 6,K,2,K 2 6,18,1,0,0,net_loss,-1.0,2214,-130.0
4515,46,Simplified,4516,78,Q 3,5,6,5 6 J,21,1,0,0,net_loss,-1.0,2215,-131.0
4516,46,Simplified,4517,78,2 Q,J,9,J 9,19,1,0,0,net_loss,-1.0,2216,-132.0
4517,46,Simplified,4518,78,10 6,J,5,J 5 Q,25,1,0,0,net_win,1.0,2217,-131.0
4518,46,Simplified,4519,78,8 4,K,K,K K,20,1,0,0,net_loss,-1.0,2218,-132.0
4519,46,Simplified,4520,78,7 8,A,A,A A 10 2 K,24,1,0,0,net_win,1.0,2219,-131.0
4520,46,Simplified,4521,78,4 K,K,A,K A,21,1,0,0,dealer_blackjack,-1.0,2220,-132.0
4521,46,Simplified,4522,78,A 2,6,2,6 2 10,18,1,0,0,net_loss,-1.0,2221,-133.0
4522,46,Simplified,4523,78,3 10,6,Q,6 Q 5,21,1,0,0,net_loss,-1.0,2222,-134.0
4523,46,Simplified,4524,78,5 A,2,3,2 3 A 10 9,25,1,0,0,net_win,1.0,2223,-133.0
4524,46,Simplified,4525,78,K 3,10,6,10 6 J,26,1,0,0,net_win,1.0,2224,-132.0
4525,46,Simplified,4526,78,A 8,5,6,5 6 3 J,24,1,0,0,net_win,1.0,2225,-131.0
4526,46,Simplified,4527,78,Q 2,2,A,2 A A 8 2 4,18,1,0,0,net_loss,-1.0,2226,-132.0
4527,46,Simplified,4528,78,8 7,9,Q,9 Q,19,1,0,0,net_loss,-1.0,2227,-133.0
4528,46,Simplified,4529,78,K 6,8,4,8 4 6,18,1,0,0,net_loss,-1.0,2228,-134.0
4529,46,Simplified,4530,78,J 9,J,4,J 4 7,21,1,0,0,net_loss,-1.0,2229,-135.0
4530,46,Simplified,4531,78,5 A,4,J,4 J 5,19,1,0,0,net_loss,-1.0,2230,-136.0
4531,46,Simplified,4532,78,8 7,9,5,9 5 6,20,1,0,0,net_loss,-1.0,2231,-137.0
4532,46,Simplified,4533,78,4 10,A,4,A 4 6,21,1,0,0,net_loss,-1.0,2232,-138.0
4533,46,Simplified,4534,78,8 A,J,10,J 10,20,1,0,0,net_loss,-1.0,2233,-139.0
4534,46,Simplified,4535,78,8 10,9,7,9 7 4,20,1,0,0,net_loss,-1.0,2234,-140.0
4535,46,Simplified,4536,78,7 8,2,9,2 9 6,17,1,0,0,net_loss,-1.0,2235,-141.0
4536,46,Simplified,4537,78,8 10,6,A,6 A,17,1,0,0,net_win,1.0,2236,-140.0
4537,46,Simplified,4538,78,8 9,8,A,8 A,19,1,0,0,net_loss,-1.0,2237,-141.0
4538,46,Simplified,4539,78,8 3,A,4,A 4 K 6,21,1,0,0,net_loss,-1.0,2238,-142.0
4539,46,Simplified,4540,78,10 K,6,3,6 3 K,19,1,0,0,net_win,1.0,2239,-141.0
4540,46,Simplified,4541,78,2 10,2,6,2 6 8 Q,26,1,0,0,net_win,1.0,2240,-140.0
4541,46,Simplified,4542,78,6 J,4,J,4 J Q,24,1,0,0,net_win,1.0,2241,-139.0
4542,46,Simplified,4543,78,10 4,9,4,9 4 2 8,23,1,0,0,net_win,1.0,2242,-138.0
4543,46,Simplified,4544,78,A 2,10,10,10 10,20,1,0,0,net_loss,-1.0,2243,-139.0
4544,46,Simplified,4545,78,6 2,2,Q,2 Q 6,18,1,0,0,net_loss,-1.0,2244,-140.0
4545,46,Simplified,4546,78,2 9,K,A,K A,21,1,0,0,dealer_blackjack,-1.0,2245,-141.0
4546,46,Simplified,4547,78,6 K,K,8,K 8,18,1,0,0,net_loss,-1.0,2246,-142.0
4547,46,Simplified,4548,78,8 10,K,2,K 2 J,22,1,0,0,net_win,1.0,2247,-141.0
4548,46,Simplified,4549,78,10 J,9,2,9 2 J,21,1,0,0,net_loss,-1.0,2248,-142.0
4549,46,Simplified,4550,78,3 A,A,4,A 4 3,18,1,0,0,net_win,1.0,2249,-141.0
4550,46,Simplified,4551,78,7 7,10,6,10 6 9,25,1,0,0,net_win,1.0,2250,-140.0
4551,46,Simplified,4552,78,K A,7,7,7 7,14,1,0,0,player_blackjack,1.5,2251,-138.5
4552,46,Simplified,4553,78,4 9,4,9,4 9 2 7,22,1,0,0,net_win,1.0,2252,-137.5
4553,46,Simplified,4554,78,A 7,Q,K,Q K,20,1,0,0,net_loss,-1.0,2253,-138.5
4554,46,Simplified,4555,78,7 10,K,5,K 5 4,19,1,0,0,net_loss,-1.0,2254,-139.5
4555,46,Simplified,4556,78,10 2,9,7,9 7 4,20,1,0,0,net_loss,-1.0,2255,-140.5
4556,46,Simplified,4557,78,5 K,A,9,A 9,20,1,0,0,net_loss,-1.0,2256,-141.5
4557,46,Simplified,4558,78,6 2,A,10,A 10,21,1,0,0,dealer_blackjack,-1.0,2257,-142.5
4558,46,Simplified,4559,78,Q A,8,6,8 6,14,1,0,0,player_blackjack,1.5,2258,-141.0
4559,46,Simplified,4560,78,10 2,7,7,7 7 A K,25,1,0,0,net_win,1.0,2259,-140.0
4560,46,Simplified,4561,78,Q 7,5,A,5 A 5,21,1,0,0,net_loss,-1.0,2260,-141.0
4561,46,Simplified,4562,78,5 3,10,3,10 3 10,23,1,0,0,net_win,1.0,2261,-140.0
4562,46,Simplified,4563,78,6 4,10,2,10 2 2 4,18,1,0,0,net_win,1.0,2262,-139.0
4563,46,Simplified,4564,78,10 2,9,8,9 8,17,1,0,0,net_loss,-1.0,2263,-140.0
4564,46,Simplified,4565,78,6 9,Q,5,Q 5 A 10,26,1,0,0,net_win,1.0,2264,-139.0
4565,46,Simplified,4566,78,4 8,7,4,7 4 A 10,22,1,0,0,net_win,1.0,2265,-138.0
4566,46,Simplified,4567,78,J K,Q,8,Q 8,18,1,0,0,net_win,1.0,2266,-137.0
4567,46,Simplified,4568,78,8 8,7,5,7 5 10,22,1,0,0,net_win,1.0,2267,-136.0
4568,46,Simplified,4569,78,4 10,K,4,K 4 10,24,1,0,0,net_win,1.0,2268,-135.0
4569,46,Simplified,4570,78,4 2,3,8,3 8 6,17,1,0,0,net_loss,-1.0,2269,-136.0
4570,46,Simplified,4571,78,2 8,8,5,8 5 5,18,1,0,0,net_push,0.0,2270,-136.0
4571,46,Simplified,4572,78,A 6,Q,K,Q K,20,1,0,0,net_loss,-1.0,2271,-137.0
4572,46,Simplified,4573,78,4 8,8,4,8 4 10,22,1,0,0,net_win,1.0,2272,-136.0
4573,46,Simplified,4574,78,7 3,5,Q,5 Q 3,18,1,0,0,net_win,1.0,2273,-135.0
4574,46,Simplified,4575,78,4 4,A,10,A 10,21,1,0,0,dealer_blackjack,-1.0,2274,-136.0
4575,46,Simplified,4576,78,Q J,8,9,8 9,17,1,0,0,net_win,1.0,2275,-135.0
4576,46,Simplified,4577,78,9 2,Q,K,Q K,20,1,0,0,net_loss,-1.0,2276,-136.0
4577,46,Simplified,4578,78,3 K,J,K,J K,20,1,0,0,net_loss,-1.0,2277,-137.0
4578,46,Simplified,4579,78,7 7,5,J,5 J 8,23,1,0,0,net_win,1.0,2278,-136.0
4579,46,Simplified,4580,78,2 A,10,6,10 6 5,21,1,0,0,net_loss,-1.0,2279,-137.0
4580,46,Simplified,4581,78,7 5,4,2,4 2 A,17,1,0,0,net_loss,-1.0,2280,-138.0
4581,46,Simplified,4582,78,9 7,K,3,K 3 3 8,24,1,0,0,net_win,1.0,2281,-137.0
4582,46,Simplified,4583,78,9 4,8,2,8 2 6 6,22,1,0,0,net_win,1.0,2282,-136.0
4583,46,Simplified,4584,78,4 A,8,6,8 6 2 7,23,1,0,0,net_win,1.0,2283,-135.0
4584,46,Simplified,4585,78,6 6,6,3,6 3 9,18,1,0,0,net_loss,-1.0,2284,-136.0
4585,46,Simplified,4586,78,2 9,A,10,A 10,21,1,0,0,dealer_blackjack,-1.0,2285,-137.0
4586,46,Simplified,4587,78,4 10,J,7,J 7,17,1,0,0,net_loss,-1.0,2286,-138.0
4587,46,Simplified,4588,78,K A,3,J,3 J,13,1,0,0,player_blackjack,1.5,2287,-136.5
4588,46,Simplified,4589,78,10 10,5,4,5 4 5 K,24,1,0,0,net_win,1.0,2288,-135.5
4589,46,Simplified,4590,78,4 K,K,6,K 6 3,19,1,0,0,net_loss,-1.0,2289,-136.5
4590,46,Simplified,4591,78,Q Q,2,K,2 K 4 5,21,1,0,0,net_loss,-1.0,2290,-137.5
4591,46,Simplified,4592,78,2 Q,K,K,K K,20,1,0,0,net_loss,-1.0,2291,-138.5
4592,46,Simplified,4593,78,A 5,3,K,3 K 10,23,1,0,0,net_win,1.0,2292,-137.5
4593,46,Simplified,4594,78,J 10,J,Q,J Q,20,1,0,0,net_push,0.0,2293,-137.5
4594,46,Simplified,4595,78,Q 7,K,9,K 9,19,1,0,0,net_loss,-1.0,2294,-138.5
4595,46,Simplified,4596,78,8 K,A,9,A 9,20,1,0,0,net_loss,-1.0,2295,-139.5
4596,46,Simplified,4597,78,5 Q,J,J,J J,20,1,0,0,net_loss,-1.0,2296,-140.5
4597,46,Simplified,4598,78,8 2,4,4,4 4 9,17,1,0,0,net_win,1.0,2297,-139.5
4598,46,Simplified,4599,78,7 5,J,K,J K,20,1,0,0,net_loss,-1.0,2298,-140.5
4599,46,Simplified,4600,78,J 8,8,10,8 10,18,1,0,0,net_push,0.0,2299,-140.5
4600,46,Simplified,4601,78,8 3,J,10,J 10,20,1,0,0,net_loss,-1.0,2300,-141.5
4601,47,Basic,4602,78,2 A,4,5,4 5 7 2,18,1,0,0,net_loss,-1.0,2301,24.0
4602,47,Basic,4603,78,5 Q,3,6,3 6 K,19,1,0,0,net_loss,-1.0,2302,23.0
4603,47,Basic,4604,78,Q 9,3,5,3 5 10,18,1,0,0,net_win,1.0,2303,24.0
4604,47,Basic,4605,78,10 K,7,10,7 10,17,1,0,0,net_win,1.0,2304,25.0
4605,47,Basic,4606,78,10 7,4,3,4 3 4 K,21,1,0,0,net_loss,-1.0,2305,24.0
4606,47,Basic,4607,78,4 9,7,9,7 9,16,1,0,0,net_loss,-1.0,2306,23.0
4607,47,Basic,4608,78,2 5,6,7,6 7 5,18,1,0,0,net_loss,-1.0,2307,22.0
4608,47,Basic,4609,78,J 5,10,4,10 4 Q,24,1,0,0,net_win,1.0,2308,23.0
4609,47,Basic,4610,78,7 2,5,7,5 7 5,17,1,0,1,net_loss,-2.0,2309,21.0
4610,47,Basic,4611,78,A 6,K,7,K 7,17,1,0,0,net_win,1.0,2310,22.0
4611,47,Basic,4612,78,8 9,4,9,4 9 2 8,23,1,0,0,net_win,1.0,2311,23.0
4612,47,Basic,4613,78,8 10,5,4,5 4 7 K,26,1,0,0,net_win,1.0,2312,24.0
4613,47,Basic,4614,78,2 3,K,J,K J,20,1,0,0,net_loss,-1.0,2313,23.0
4614,47,Basic,4615,78,A 5,10,9,10 9,19,1,0,0,net_loss,-1.0,2314,22.0
4615,47,Basic,4616,78,6 7,7,8,7 8 6,21,1,0,0,net_push,0.0,2315,22.0
4616,47,Basic,4617,78,10 4,A,J,A J,21,1,0,0,dealer_blackjack,-1.0,2316,21.0
4617,47,Basic,4618,78,J K,Q,3,Q 3 2 2,17,1,0,0,net_win,1.0,2317,22.0
4618,47,Basic,4619,78,Q 4,10,9,10 9,19,1,0,0,net_loss,-1.0,2318,21.0
4619,47,Basic,4620,78,7 9,3,J,3 J A Q,24,1,0,0,net_win,1.0,2319,22.0
4620,47,Basic,4621,78,2 9,5,6,5 6 10,21,1,0,1,net_push,0.0,2320,22.0
4621,47,Basic,4622,78,A 7,5,9,5 9 8,22,1,0,1,net_win,2.0,2321,24.0
4622,47,Basic,4623,78,J Q,Q,7,Q 7,17,1,0,0,net_win,1.0,2322,25.0
4623,47,Basic,4624,78,4 7,5,5,5 5 6 3,19,1,0,1,net_win,2.0,2323,27.0
4624,47,Basic,4625,78,9 5,3,8,3 8 J,21,1,0,0,net_loss,-1.0,2324,26.0
4625,47,Basic,4626,78,J Q,8,9,8 9,17,1,0,0,net_win,1.0,2325,27.0
4626,47,Basic,4627,78,J 2,Q,2,Q 2 6,18,1,0,0,net_loss,-1.0,2326,26.0
4627,47,Basic,4628,78,4 3,2,6,2 6 3 Q,21,1,0,0,net_loss,-1.0,2327,25.0
4628,47,Basic,4629,78,3 7,J,J,J J,20,1,0,0,net_push,0.0,2328,25.0
4629,47,Basic,4630,78,A J,10,Q,10 Q,20,1,0,0,player_blackjack,1.5,2329,26.5
4630,47,Basic,4631,78,2 J,7,2,7 2,9,1,0,0,net_loss,-1.0,2330,25.5
4631,47,Basic,4632,78,6 3,8,K,8 K,18,1,0,0,net_loss,-1.0,2331,24.5
4632,47,Basic,4633,78,5 Q,K,J,K J,20,1,0,0,net_loss,-1.0,2332,23.5
4633,47,Basic,4634,78,4 3,7,5,7 5 4 8,24,1,0,0,net_win,1.0,2333,24.5
4634,47,Basic,4635,78,8 K,7,4,7 4 2 10,23,1,0,0,net_win,1.0,2334,25.5
4635,47,Basic,4636,78,6 8,K,2,K 2 A 9,22,1,0,0,net_win,1.0,2335,26.5
4636,47,Basic,4637,78,10 Q,10,J,10 J,20,1,0,0,net_push,0.0,2336,26.5
4637,47,Basic,4638,78,K 8,Q,6,Q 6 2,18,1,0,0,net_push,0.0,2337,26.5
4638,47,Basic,4639,78,K 3,10,4,10 4 9,23,1,0,0,net_win,1.0,2338,27.5
4639,47,Basic,4640,78,A 9,4,K,4 K 10,24,1,0,0,net_win,1.0,2339,28.5
4640,47,Basic,4641,78,J 4,6,A,6 A,17,1,0,0,net_loss,-1.0,2340,27.5
4641,47,Basic,4642,78,8 3,7,A,7 A,18,1,0,1,net_loss,-2.0,2341,25.5
4642,47,Basic,4643,78,7 10,5,6,5 6 7,18,1,0,0,net_loss,-1.0,2342,24.5
4643,47,Basic,4644,78,9 8,Q,Q,Q Q,20,1,0,0,net_loss,-1.0,2343,23.5
4644,47,Basic,4645,78,3 7,A,6,A 6,17,1,0,0,net_loss,-1.0,2344,22.5
4645,47,Basic,4646,78,K 2,Q,6,Q 6 5,21,1,0,0,net_loss,-1.0,2345,21.5
4646,47,Basic,4647,78,5 7,10,3,10 3,13,1,0,0,net_loss,-1.0,2346,20.5
4647,47,Basic,4648,78,9 10,3,5,3 5 9,17,1,0,0,net_win,1.0,2347,21.5
4648,47,Basic,4649,78,9 J,8,8,8 8 5,21,1,0,0,net_loss,-1.0,2348,20.5
4649,47,Basic,4650,78,2 2,J,J,J J,20,1,0,0,net_win,1.0,2349,21.5
4650,47,Basic,4651,78,4 10,10,3,10 3 6,19,1,0,0,net_loss,-1.0,2350,20.5
4651,47,Basic,4652,78,Q 8,K,4,K 4 Q,24,1,0,0,net_win,1.0,2351,21.5
4652,47,Basic,4653,78,J A,10,5,10 5,15,1,0,0,player_blackjack,1.5,2352,23.0
4653,47,Basic,4654,78,8 A,K,3,K 3 2 4,19,1,0,0,net_push,0.0,2353,23.0
4654,47,Basic,4655,78,K 2,8,9,8 9,17,1,0,0,net_win,1.0,2354,24.0
4655,47,Basic,4656,78,7 K,8,K,8 K,18,1,0,0,net_loss,-1.0,2355,23.0
4656,47,Basic,4657,78,9 2,5,5,5 5 K,20,1,0,1,net_loss,-2.0,2356,21.0
4657,47,Basic,4658,78,9 J,5,4,5 4 A,20,1,0,0,net_loss,-1.0,2357,20.0
4658,47,Basic,4659,78,4 4,Q,J,Q J,20,1,0,0,net_loss,-1.0,2358,19.0
4659,47,Basic,4660,78,Q 4,7,8,7 8,15,1,0,0,net_loss,-1.0,2359,18.0
4660,47,Basic,4661,78,9 10,K,K,K K,20,1,0,0,net_loss,-1.0,2360,17.0
4661,47,Basic,4662,78,4 A,2,8,2 8 J,20,1,0,0,net_loss,-1.0,2361,16.0
4662,47,Basic,4663,78,K 2,K,5,K 5,15,1,0,0,net_loss,-1.0,2362,15.0
4663,47,Basic,4664,78,10 8,7,Q,7 Q,17,1,0,0,net_win,1.0,2363,16.0
4664,47,Basic,4665,78,2 2,8,Q,8 Q,18,1,0,0,net_loss,-1.0,2364,15.0
4665,47,Basic,4666,78,2 K,3,A,3 A 6,20,1,0,0,net_loss,-1.0,2365,14.0
4666,47,Basic,4667,78,5 9,9,6,9 6 K,25,1,0,0,net_win,1.0,2366,15.0
4667,47,Basic,4668,78,A A,10,9,10 9,19,2,1,0,net_push,0.0,2367,15.0
4668,47,Basic,4669,78,4 10,7,2,7 2 Q,19,1,0,0,net_win,1.0,2368,16.0
4669,47,Basic,4670,78,9 3,J,2,J 2 6,18,1,0,0,net_win,1.0,2369,17.0
4670,47,Basic,4671,78,4 6,K,4,K 4,14,1,0,0,net_loss,-1.0,2370,16.0
4671,47,Basic,4672,78,7 2,K,9,K 9,19,1,0,0,net_loss,-1.0,2371,15.0
4672,47,Basic,4673,78,7 3,5,10,5 10 J,25,1,0,1,net_win,2.0,2372,17.0
4673,47,Basic,4674,78,6 K,7,3,7 3,10,1,0,0,net_loss,-1.0,2373,16.0
4674,47,Basic,4675,78,3 K,7,5,7 5 Q,22,1,0,0,net_win,1.0,2374,17.0
4675,47,Basic,4676,78,K 2,Q,3,Q 3,13,1,0,0,net_loss,-1.0,2375,16.0
4676,47,Basic,4677,78,6 7,J,A,J A,21,1,0,0,dealer_blackjack,-1.0,2376,15.0
4677,47,Basic,4678,78,2 4,Q,10,Q 10,20,1,0,0,net_loss,-1.0,2377,14.0
4678,47,Basic,4679,78,Q Q,9,3,9 3 A 5,18,1,0,0,net_win,1.0,2378,15.0
4679,47,Basic,4680,78,7 4,7,3,7 3 Q,20,1,0,1,net_push,0.0,2379,15.0
4680,47,Basic,4681,78,2 3,2,K,2 K 4 5,21,1,0,0,net_loss,-1.0,2380,14.0
4681,47,Basic,4682,78,9 A,3,4,3 4 8 7,22,1,0,0,net_win,1.0,2381,15.0
4682,47,Basic,4683,78,6 7,3,3,3 3 A,17,1,0,0,net_loss,-1.0,2382,14.0
4683,47,Basic,4684,78,Q J,8,5,8 5 9,22,1,0,0,net_win,1.0,2383,15.0
4684,47,Basic,4685,78,2 2,5,Q,5 Q 8,23,2,1,0,net_win,2.0,2384,17.0
4685,47,Basic,4686,78,6 9,A,8,A 8,19,1,0,0,net_loss,-1.0,2385,16.0
4686,47,Basic,4687,78,3 A,5,8,5 8 4,17,1,0,1,net_loss,-2.0,2386,14.0
4687,47,Basic,4688,78,2 7,Q,A,Q A,21,1,0,0,dealer_blackjack,-1.0,2387,13.0
4688,47,Basic,4689,78,10 9,5,3,5 3 8 Q,26,1,0,0,net_win,1.0,2388,14.0
4689,47,Basic,4690,78,8 8,2,5,2 5 K,17,2,1,0,net_push,0.0,2389,14.0
4690,47,Basic,4691,78,9 8,8,5,8 5 2 2,17,1,0,0,net_push,0.0,2390,14.0
4691,47,Basic,4692,78,5 7,K,2,K 2 Q,22,1,0,0,net_win,1.0,2391,15.0
4692,47,Basic,4693,78,2 7,4,6,4 6 K,20,1,0,1,net_loss,-2.0,2392,13.0
4693,47,Basic,4694,78,9 10,5,6,5 6 4 Q,25,1,0,0,net_win,1.0,2393,14.0
4694,47,Basic,4695,78,4 J,8,Q,8 Q,18,1,0,0,net_loss,-1.0,2394,13.0
4695,47,Basic,4696,78,10 J,9,10,9 10,19,1,0,0,net_win,1.0,2395,14.0
4696,47,Basic,4697,78,Q K,Q,A,Q A,21,1,0,0,dealer_blackjack,-1.0,2396,13.0
4697,47,Basic,4698,78,4 3,K,A,K A,21,1,0,0,dealer_blackjack,-1.0,2397,12.0
4698,47,Basic,4699,78,10 J,6,9,6 9 9,24,1,0,0,net_win,1.0,2398,13.0
4699,47,Basic,4700,78,J 9,A,7,A 7,18,1,0,0,net_win,1.0,2399,14.0
4700,47,Basic,4701,78,J 7,3,Q,3 Q Q,23,1,0,0,net_win,1.0,2400,15.0
4701,48,Simplified,4702,78,6 7,4,6,4 6 J,20,1,0,0,net_loss,-1.0,2301,-142.5
4702,48,Simplified,4703,78,8 2,A,10,A 10,21,1,0,0,dealer_blackjack,-1.0,2302,-143.5
4703,48,Simplified,4704,78,6 10,9,A,9 A,20,1,0,0,net_loss,-1.0,2303,-144.5
4704,48,Simplified,4705,78,A 9,6,8,6 8 3,17,1,0,0,net_win,1.0,2304,-143.5
4705,48,Simplified,4706,78,A K,7,J,7 J,17,1,0,0,player_blackjack,1.5,2305,-142.0
4706,48,Simplified,4707,78,6 3,A,7,A 7,18,1,0,0,net_loss,-1.0,2306,-143.0
4707,48,Simplified,4708,78,3 3,6,J,6 J 6,22,1,0,0,net_win,1.0,2307,-142.0
4708,48,Simplified,4709,78,8 3,2,A,2 A 2 J 10,25,1,0,0,net_win,1.0,2308,-141.0
4709,48,Simplified,4710,78,5 8,3,K,3 K 8,21,1,0,0,net_loss,-1.0,2309,-142.0
4710,48,Simplified,4711,78,K K,J,9,J 9,19,1,0,0,net_win,1.0,2310,-141.0
4711,48,Simplified,4712,78,9 Q,A,4,A 4 Q 10,25,1,0,0,net_win,1.0,2311,-140.0
4712,48,Simplified,4713,78,A 6,10,7,10 7,17,1,0,0,net_win,1.0,2312,-139.0
4713,48,Simplified,4714,78,6 5,6,6,6 6 7,19,1,0,0,net_loss,-1.0,2313,-140.0
4714,48,Simplified,4715,78,9 8,6,2,6 2 K,18,1,0,0,net_loss,-1.0,2314,-141.0
4715,48,Simplified,4716,78,J Q,4,K,4 K 9,23,1,0,0,net_win,1.0,2315,-140.0
4716,48,Simplified,4717,78,7 6,J,10,J 10,20,1,0,0,net_loss,-1.0,2316,-141.0
4717,48,Simplified,4718,78,A 5,4,10,4 10 2 Q,26,1,0,0,net_win,1.0,2317,-140.0
4718,48,Simplified,4719,78,9 K,K,2,K 2 K,22,1,0,0,net_win,1.0,2318,-139.0
4719,48,Simplified,4720,78,5 4,A,7,A 7,18,1,0,0,net_loss,-1.0,2319,-140.0
4720,48,Simplified,4721,78,5 A,9,2,9 2 2 5,18,1,0,0,net_loss,-1.0,2320,-141.0
4721,48,Simplified,4722,78,7 K,J,3,J 3 3 10,26,1,0,0,net_win,1.0,2321,-140.0
4722,48,Simplified,4723,78,5 2,9,7,9 7 10,26,1,0,0,net_win,1.0,2322,-139.0
4723,48,Simplified,4724,78,A 9,A,4,A 4 3,18,1,0,0,net_win,1.0,2323,-138.0
4724,48,Simplified,4725,78,Q 10,2,A,2 A 6,19,1,0,0,net_win,1.0,2324,-137.0
4725,48,Simplified,4726,78,8 2,K,K,K K,20,1,0,0,net_loss,-1.0,2325,-138.0
4726,48,Simplified,4727,78,A J,8,2,8 2,10,1,0,0,player_blackjack,1.5,2326,-136.5
4727,48,Simplified,4728,78,J 5,4,7,4 7 9,20,1,0,0,net_loss,-1.0,2327,-137.5
4728,48,Simplified,4729,78,A 2,5,9,5 9 7,21,1,0,0,net_push,0.0,2328,-137.5
4729,48,Simplified,4730,78,Q 5,5,4,5 4 6 7,22,1,0,0,net_win,1.0,2329,-136.5
4730,48,Simplified,4731,78,K 5,A,Q,A Q,21,1,0,0,dealer_blackjack,-1.0,2330,-137.5
4731,48,Simplified,4732,78,4 2,9,7,9 7 2,18,1,0,0,net_loss,-1.0,2331,-138.5
4732,48,Simplified,4733,78,Q 5,4,5,4 5 7 2,18,1,0,0,net_loss,-1.0,2332,-139.5
4733,48,Simplified,4734,78,3 6,8,9,8 9,17,1,0,0,net_loss,-1.0,2333,-140.5
4734,48,Simplified,4735,78,A 7,K,4,K 4 4,18,1,0,0,net_push,0.0,2334,-140.5
4735,48,Simplified,4736,78,J 10,7,A,7 A,18,1,0,0,net_win,1.0,2335,-139.5
4736,48,Simplified,4737,78,3 3,6,A,6 A,17,1,0,0,net_loss,-1.0,2336,-140.5
4737,48,Simplified,4738,78,4 2,6,3,6 3 4 4,17,1,0,0,net_loss,-1.0,2337,-141.5
4738,48,Simplified,4739,78,3 2,A,9,A 9,20,1,0,0,net_loss,-1.0,2338,-142.5
4739,48,Simplified,4740,78,5 Q,8,4,8 4 10,22,1,0,0,net_win,1.0,2339,-141.5
4740,48,Simplified,4741,78,3 K,A,2,A 2 A J 4,18,1,0,0,net_loss,-1.0,2340,-142.5
4741,48,Simplified,4742,78,8 4,7,K,7 K,17,1,0,0,net_loss,-1.0,2341,-143.5
4742,48,Simplified,4743,78,10 K,9,A,9 A,20,1,0,0,net_push,0.0,2342,-143.5
4743,48,Simplified,4744,78,6 8,J,7,J 7,17,1,0,0,net_loss,-1.0,2343,-144.5
4744,48,Simplified,4745,78,2 A,Q,9,Q 9,19,1,0,0,net_win,1.0,2344,-143.5
4745,48,Simplified,4746,78,3 10,7,3,7 3 Q,20,1,0,0,net_loss,-1.0,2345,-144.5
4746,48,Simplified,4747,78,A Q,6,3,6 3,9,1,0,0,player_blackjack,1.5,2346,-143.0
4747,48,Simplified,4748,78,Q Q,Q,5,Q 5 A 2,18,1,0,0,net_win,1.0,2347,-142.0
4748,48,Simplified,4749,78,8 2,6,8,6 8 Q,24,1,0,0,net_win,1.0,2348,-141.0
4749,48,Simplified,4750,78,K 3,2,Q,2 Q 8,20,1,0,0,net_loss,-1.0,2349,-142.0
4750,48,Simplified,4751,78,10 5,9,A,9 A,20,1,0,0,net_loss,-1.0,2350,-143.0
4751,48,Simplified,4752,78,7 9,6,9,6 9 9,24,1,0,0,net_win,1.0,2351,-142.0
4752,48,Simplified,4753,78,2 7,J,2,J 2 7,19,1,0,0,net_push,0.0,2352,-142.0
4753,48,Simplified,4754,78,9 J,3,7,3 7 2 A J,23,1,0,0,net_win,1.0,2353,-141.0
4754,48,Simplified,4755,78,K 3,J,3,J 3 2 7,22,1,0,0,net_win,1.0,2354,-140.0
4755,48,Simplified,4756,78,10 4,7,Q,7 Q,17,1,0,0,net_loss,-1.0,2355,-141.0
4756,48,Simplified,4757,78,9 10,7,2,7 2 K,19,1,0,0,net_push,0.0,2356,-141.0
4757,48,Simplified,4758,78,J 8,8,6,8 6 Q,24,1,0,0,net_win,1.0,2357,-140.0
4758,48,Simplified,4759,78,6 10,J,3,J 3 5,18,1,0,0,net_loss,-1.0,2358,-141.0
4759,48,Simplified,4760,78,4 K,9,6,9 6 10,25,1,0,0,net_win,1.0,2359,-140.0
4760,48,Simplified,4761,78,9 10,4,5,4 5 8,17,1,0,0,net_win,1.0,2360,-139.0
4761,48,Simplified,4762,78,7 9,8,2,8 2 2 9,21,1,0,0,net_loss,-1.0,2361,-140.0
4762,48,Simplified,4763,78,J 8,6,10,6 10 J,26,1,0,0,net_win,1.0,2362,-139.0
4763,48,Simplified,4764,78,4 J,4,A,4 A J J,25,1,0,0,net_win,1.0,2363,-138.0
4764,48,Simplified,4765,78,4 J,5,J,5 J K,25,1,0,0,net_win,1.0,2364,-137.0
4765,48,Simplified,4766,78,10 10,Q,7,Q 7,17,1,0,0,net_win,1.0,2365,-136.0
4766,48,Simplified,4767,78,3 K,9,5,9 5 9,23,1,0,0,net_win,1.0,2366,-135.0
4767,48,Simplified,4768,78,9 7,7,3,7 3 K,20,1,0,0,net_loss,-1.0,2367,-136.0
4768,48,Simplified,4769,78,Q 7,J,5,J 5 3,18,1,0,0,net_loss,-1.0,2368,-137.0
4769,48,Simplified,4770,78,Q 4,A,2,A 2 6,19,1,0,0,net_loss,-1.0,2369,-138.0
4770,48,Simplified,4771,78,A Q,K,8,K 8,18,1,0,0,player_blackjack,1.5,2370,-136.5
4771,48,Simplified,4772,78,3 2,9,J,9 J,19,1,0,0,net_loss,-1.0,2371,-137.5
4772,48,Simplified,4773,78,A 5,J,8,J 8,18,1,0,0,net_loss,-1.0,2372,-138.5
4773,48,Simplified,4774,78,7 8,7,6,7 6 3 Q,26,1,0,0,net_win,1.0,2373,-137.5
4774,48,Simplified,4775,78,9 J,K,4,K 4 9,23,1,0,0,net_win,1.0,2374,-136.5
4775,48,Simplified,4776,78,A 10,9,K,9 K,19,1,0,0,player_blackjack,1.5,2375,-135.0
4776,48,Simplified,4777,78,J 6,7,3,7 3 8,18,1,0,0,net_loss,-1.0,2376,-136.0
4777,48,Simplified,4778,78,A 9,7,K,7 K,17,1,0,0,net_win,1.0,2377,-135.0
4778,48,Simplified,4779,78,Q Q,5,J,5 J J,25,1,0,0,net_win,1.0,2378,-134.0
4779,48,Simplified,4780,78,10 10,J,8,J 8,18,1,0,0,net_win,1.0,2379,-133.0
4780,48,Simplified,4781,78,4 K,7,2,7 2 9,18,1,0,0,net_loss,-1.0,2380,-134.0
4781,48,Simplified,4782,78,6 9,6,4,6 4 J,20,1,0,0,net_loss,-1.0,2381,-135.0
4782,48,Simplified,4783,78,7 8,10,A,10 A,21,1,0,0,dealer_blackjack,-1.0,2382,-136.0
4783,48,Simplified,4784,78,4 10,9,Q,9 Q,19,1,0,0,net_loss,-1.0,2383,-137.0
4784,48,Simplified,4785,78,4 A,10,7,10 7,17,1,0,0,net_loss,-1.0,2384,-138.0
4785,48,Simplified,4786,78,K J,8,J,8 J,18,1,0,0,net_win,1.0,2385,-137.0
4786,48,Simplified,4787,78,8 4,10,7,10 7,17,1,0,0,net_loss,-1.0,2386,-138.0
4787,48,Simplified,4788,78,3 7,9,J,9 J,19,1,0,0,net_loss,-1.0,2387,-139.0
4788,48,Simplified,4789,78,10 10,3,J,3 J 3 6,22,1,0,0,net_win,1.0,2388,-138.0
4789,48,Simplified,4790,78,3 3,10,7,10 7,17,1,0,0,net_loss,-1.0,2389,-139.0
4790,48,Simplified,4791,78,9 2,3,9,3 9 K,22,1,0,0,net_win,1.0,2390,-138.0
4791,48,Simplified,4792,78,Q 7,A,6,A 6,17,1,0,0,net_push,0.0,2391,-138.0
4792,48,Simplified,4793,78,7 4,9,Q,9 Q,19,1,0,0,net_win,1.0,2392,-137.0
4793,48,Simplified,4794,78,5 5,10,7,10 7,17,1,0,0,net_win,1.0,2393,-136.0
4794,48,Simplified,4795,78,A 5,7,7,7 7 8,22,1,0,0,net_win,1.0,2394,-135.0
4795,48,Simplified,4796,78,8 K,8,4,8 4 Q,22,1,0,0,net_win,1.0,2395,-134.0
4796,48,Simplified,4797,78,4 10,J,9,J 9,19,1,0,0,net_loss,-1.0,2396,-135.0
4797,48,Simplified,4798,78,Q 7,3,6,3 6 5 4,18,1,0,0,net_loss,-1.0,2397,-136.0
4798,48,Simplified,4799,78,10 8,J,J,J J,20,1,0,0,net_loss,-1.0,2398,-137.0
4799,48,Simplified,4800,78,K 8,Q,5,Q 5 5,20,1,0,0,net_loss,-1.0,2399,-138.0
4800,48,Simplified,4801,78,3 Q,J,K,J K,20,1,0,0,net_loss,-1.0,2400,-139.0
4801,49,Basic,4802,78,4 A,9,8,9 8,17,1,0,0,net_win,1.0,2401,16.0
4802,49,Basic,4803,78,Q 2,7,8,7 8,15,1,0,0,net_loss,-1.0,2402,15.0
4803,49,Basic,4804,78,5 8,3,9,3 9 4 6,22,1,0,0,net_win,1.0,2403,16.0
4804,49,Basic,4805,78,J 6,4,A,4 A K 8,23,1,0,0,net_win,1.0,2404,17.0
4805,49,Basic,4806,78,8 2,10,10,10 10,20,1,0,0,net_loss,-1.0,2405,16.0
4806,49,Basic,4807,78,3 3,K,A,K A,21,1,0,0,dealer_blackjack,-1.0,2406,15.0
4807,49,Basic,4808,78,5 10,7,K,7 K,17,1,0,0,net_loss,-1.0,2407,14.0
4808,49,Basic,4809,78,Q J,2,8,2 8 J,20,1,0,0,net_push,0.0,2408,14.0
4809,49,Basic,4810,78,3 A,Q,4,Q 4 5,19,1,0,0,net_win,1.0,2409,15.0
4810,49,Basic,4811,78,9 2,K,8,K 8,18,1,0,1,net_loss,-2.0,2410,13.0
4811,49,Basic,4812,78,8 9,J,7,J 7,17,1,0,0,net_push,0.0,2411,13.0
4812,49,Basic,4813,78,2 A,7,3,7 3 10,20,1,0,0,net_push,0.0,2412,13.0
4813,49,Basic,4814,78,J 5,8,6,8 6,14,1,0,0,net_loss,-1.0,2413,12.0
4814,49,Basic,4815,78,2 2,9,10,9 10,19,1,0,0,net_loss,-1.0,2414,11.0
4815,49,Basic,4816,78,10 Q,2,A,2 A K 9,22,1,0,0,net_win,1.0,2415,12.0
4816,49,Basic,4817,78,Q Q,7,10,7 10,17,1,0,0,net_win,1.0,2416,13.0
4817,49,Basic,4818,78,K 9,J,4,J 4 4,18,1,0,0,net_win,1.0,2417,14.0
4818,49,Basic,4819,78,7 4,K,2,K 2 8,20,1,0,1,net_push,0.0,2418,14.0
4819,49,Basic,4820,78,A 7,3,Q,3 Q Q,23,1,0,1,net_win,2.0,2419,16.0
4820,49,Basic,4821,78,4 2,3,5,3 5 Q,18,1,0,0,net_win,1.0,2420,17.0
4821,49,Basic,4822,78,4 K,K,K,K K,20,1,0,0,net_push,0.0,2421,17.0
4822,49,Basic,4823,78,9 4,9,2,9 2 10,21,1,0,0,net_loss,-1.0,2422,16.0
4823,49,Basic,4824,78,4 2,8,J,8 J,18,1,0,0,net_loss,-1.0,2423,15.0
4824,49,Basic,4825,78,9 Q,3,4,3 4 6 A Q,24,1,0,0,net_win,1.0,2424,16.0
4825,49,Basic,4826,78,9 K,4,Q,4 Q 6,20,1,0,0,net_loss,-1.0,2425,15.0
4826,49,Basic,4827,78,3 A,J,3,J 3 J,23,1,0,0,net_win,1.0,2426,16.0
4827,49,Basic,4828,78,9 2,7,A,7 A,18,1,0,1,net_win,2.0,2427,18.0
4828,49,Basic,4829,78,K 8,2,5,2 5 7 9,23,1,0,0,net_win,1.0,2428,19.0
4829,49,Basic,4830,78,K Q,3,5,3 5 5 4,17,1,0,0,net_win,1.0,2429,20.0
4830,49,Basic,4831,78,6 10,J,4,J 4,14,1,0,0,net_loss,-1.0,2430,19.0
4831,49,Basic,4832,78,4 J,A,5,A 5,16,1,0,0,net_loss,-1.0,2431,18.0
4832,49,Basic,4833,78,7 J,2,4,2 4 10 K,26,1,0,0,net_win,1.0,2432,19.0
4833,49,Basic,4834,78,K Q,J,7,J 7,17,1,0,0,net_win,1.0,2433,20.0
4834,49,Basic,4835,78,A Q,Q,3,Q 3,13,1,0,0,player_blackjack,1.5,2434,21.5
4835,49,Basic,4836,78,5 8,9,K,9 K,19,1,0,0,net_loss,-1.0,2435,20.5
4836,49,Basic,4837,78,5 10,3,9,3 9 7,19,1,0,0,net_loss,-1.0,2436,19.5
4837,49,Basic,4838,78,J K,Q,10,Q 10,20,1,0,0,net_push,0.0,2437,19.5
4838,49,Basic,4839,78,2 5,J,K,J K,20,1,0,0,net_loss,-1.0,2438,18.5
4839,49,Basic,4840,78,5 7,3,9,3 9 Q,22,1,0,0,net_win,1.0,2439,19.5
4840,49,Basic,4841,78,7 10,6,6,6 6 7,19,1,0,0,net_loss,-1.0,2440,18.5
4841,49,Basic,4842,78,5 3,K,10,K 10,20,1,0,0,net_loss,-1.0,2441,17.5
4842,49,Basic,4843,78,2 7,10,3,10 3 5,18,1,0,0,net_win,1.0,2442,18.5
4843,49,Basic,4844,78,8 K,6,3,6 3 9,18,1,0,0,net_push,0.0,2443,18.5
4844,49,Basic,4845,78,7 Q,6,Q,6 Q 8,24,1,0,0,net_win,1.0,2444,19.5
4845,49,Basic,4846,78,K 3,4,3,4 3 7 10,24,1,0,0,net_win,1.0,2445,20.5
4846,49,Basic,4847,78,2 J,9,3,9 3 5,17,1,0,0,net_win,1.0,2446,21.5
4847,49,Basic,4848,78,9 4,7,Q,7 Q,17,1,0,0,net_loss,-1.0,2447,20.5
4848,49,Basic,4849,78,8 6,7,5,7 5,12,1,0,0,net_loss,-1.0,2448,19.5
4849,49,Basic,4850,78,Q J,3,10,3 10 7,20,1,0,0,net_push,0.0,2449,19.5
4850,49,Basic,4851,78,J K,7,A,7 A,18,1,0,0,net_win,1.0,2450,20.5
4851,49,Basic,4852,78,Q 7,Q,2,Q 2 2 10,24,1,0,0,net_win,1.0,2451,21.5
4852,49,Basic,4853,78,3 9,2,9,2 9 8,19,1,0,0,net_loss,-1.0,2452,20.5
4853,49,Basic,4854,78,Q 9,5,4,5 4 K,19,1,0,0,net_push,0.0,2453,20.5
4854,49,Basic,4855,78,5 3,4,A,4 A Q K,25,1,0,0,net_win,1.0,2454,21.5
4855,49,Basic,4856,78,A Q,7,2,7 2,9,1,0,0,player_blackjack,1.5,2455,23.0
4856,49,Basic,4857,78,2 8,A,5,A 5 7 7,20,1,0,0,net_loss,-1.0,2456,22.0
4857,49,Basic,4858,78,7 8,Q,5,Q 5,15,1,0,0,net_loss,-1.0,2457,21.0
4858,49,Basic,4859,78,2 5,7,6,7 6,13,1,0,0,net_loss,-1.0,2458,20.0
4859,49,Basic,4860,78,J Q,10,2,10 2 8,20,1,0,0,net_push,0.0,2459,20.0
4860,49,Basic,4861,78,5 9,5,6,5 6 Q,21,1,0,0,net_loss,-1.0,2460,19.0
4861,49,Basic,4862,78,2 3,J,J,J J,20,1,0,0,net_loss,-1.0,2461,18.0
4862,49,Basic,4863,78,10 K,9,A,9 A,20,1,0,0,net_push,0.0,2462,18.0
4863,49,Basic,4864,78,10 10,8,4,8 4 7,19,1,0,0,net_win,1.0,2463,19.0
4864,49,Basic,4865,78,5 7,K,A,K A,21,1,0,0,dealer_blackjack,-1.0,2464,18.0
4865,49,Basic,4866,78,2 6,J,2,J 2,12,1,0,0,net_loss,-1.0,2465,17.0
4866,49,Basic,4867,78,J 8,4,K,4 K 7,21,1,0,0,net_loss,-1.0,2466,16.0
4867,49,Basic,4868,78,10 3,A,4,A 4 2,17,1,0,0,net_push,0.0,2467,16.0
4868,49,Basic,4869,78,3 8,9,A,9 A,20,1,0,1,net_loss,-2.0,2468,14.0
4869,49,Basic,4870,78,J 7,7,4,7 4 10,21,1,0,0,net_loss,-1.0,2469,13.0
4870,49,Basic,4871,78,A 3,5,2,5 2 7 4,18,1,0,1,net_loss,-2.0,2470,11.0
4871,49,Basic,4872,78,2 8,5,10,5 10 K,25,1,0,1,net_win,2.0,2471,13.0
4872,49,Basic,4873,78,2 4,8,9,8 9,17,1,0,0,net_loss,-1.0,2472,12.0
4873,49,Basic,4874,78,Q K,7,3,7 3 10,20,1,0,0,net_push,0.0,2473,12.0
4874,49,Basic,4875,78,J 2,3,J,3 J 5,18,1,0,0,net_loss,-1.0,2474,11.0
4875,49,Basic,4876,78,9 2,5,10,5 10 3,18,1,0,1,net_win,2.0,2475,13.0
4876,49,Basic,4877,78,2 2,3,K,3 K 3 2,18,3,2,0,net_win,3.0,2476,16.0
4877,49,Basic,4878,78,6 3,6,5,6 5 9,20,1,0,1,net_loss,-2.0,2477,14.0
4878,49,Basic,4879,78,4 J,5,J,5 J 3,18,1,0,0,net_loss,-1.0,2478,13.0
4879,49,Basic,4880,78,7 J,5,2,5 2 2 3 3 3,18,1,0,0,net_loss,-1.0,2479,12.0
4880,49,Basic,4881,78,Q 7,2,Q,2 Q K,22,1,0,0,net_win,1.0,2480,13.0
4881,49,Basic,4882,78,7 5,A,J,A J,21,1,0,0,dealer_blackjack,-1.0,2481,12.0
4882,49,Basic,4883,78,K 8,4,10,4 10 9,23,1,0,0,net_win,1.0,2482,13.0
4883,49,Basic,4884,78,Q 6,5,10,5 10 8,23,1,0,0,net_win,1.0,2483,14.0
4884,49,Basic,4885,78,K 4,5,2,5 2 K,17,1,0,0,net_loss,-1.0,2484,13.0
4885,49,Basic,4886,78,6 J,J,4,J 4,14,1,0,0,net_loss,-1.0,2485,12.0
4886,49,Basic,4887,78,10 5,2,Q,2 Q K,22,1,0,0,net_win,1.0,2486,13.0
4887,49,Basic,4888,78,9 3,A,7,A 7,18,1,0,0,net_loss,-1.0,2487,12.0
4888,49,Basic,4889,78,7 Q,8,A,8 A,19,1,0,0,net_loss,-1.0,2488,11.0
4889,49,Basic,4890,78,5 9,Q,10,Q 10,20,1,0,0,net_loss,-1.0,2489,10.0
4890,49,Basic,4891,78,Q 2,5,5,5 5 5 Q,25,1,0,0,net_win,1.0,2490,11.0
4891,49,Basic,4892,78,5 7,6,J,6 J J,26,1,0,0,net_win,1.0,2491,12.0
4892,49,Basic,4893,78,4 8,A,J,A J,21,1,0,0,dealer_blackjack,-1.0,2492,11.0
4893,49,Basic,4894,78,A 3,6,6,6 6 10,22,1,0,1,net_win,2.0,2493,13.0
4894,49,Basic,4895,78,8 5,5,7,5 7 7,19,1,0,0,net_loss,-1.0,2494,12.0
4895,49,Basic,4896,78,A A,K,9,K 9,19,2,1,0,net_loss,-1.0,2495,11.0
4896,49,Basic,4897,78,9 6,A,K,A K,21,1,0,0,dealer_blackjack,-1.0,2496,10.0
4897,49,Basic,4898,78,4 4,6,K,6 K 10,26,2,1,1,net_win,3.0,2497,13.0
4898,49,Basic,4899,78,3 10,8,2,8 2 6 3,19,1,0,0,net_push,0.0,2498,13.0
4899,49,Basic,4900,78,8 5,8,5,8 5 4,17,1,0,0,net_win,1.0,2499,14.0
4900,49,Basic,4901,78,5 6,6,8,6 8 3,17,1,0,1,net_loss,-2.0,2500,12.0
4901,50,Simplified,4902,78,2 8,4,8,4 8 A K,23,1,0,0,net_win,1.0,2401,-138.0
4902,50,Simplified,4903,78,A 3,6,A,6 A,17,1,0,0,net_loss,-1.0,2402,-139.0
4903,50,Simplified,4904,78,3 8,2,K,2 K 3 9,24,1,0,0,net_win,1.0,2403,-138.0
4904,50,Simplified,4905,78,10 K,10,A,10 A,21,1,0,0,dealer_blackjack,-1.0,2404,-139.0
4905,50,Simplified,4906,78,7 5,4,4,4 4 2 K,20,1,0,0,net_loss,-1.0,2405,-140.0
4906,50,Simplified,4907,78,K 4,4,J,4 J K,24,1,0,0,net_win,1.0,2406,-139.0
4907,50,Simplified,4908,78,9 9,5,6,5 6 2 J,23,1,0,0,net_win,1.0,2407,-138.0
4908,50,Simplified,4909,78,7 3,8,4,8 4 J,22,1,0,0,net_win,1.0,2408,-137.0
4909,50,Simplified,4910,78,3 6,9,9,9 9,18,1,0,0,net_win,1.0,2409,-136.0
4910,50,Simplified,4911,78,3 2,A,10,A 10,21,1,0,0,dealer_blackjack,-1.0,2410,-137.0
4911,50,Simplified,4912,78,3 3,5,9,5 9 J,24,1,0,0,net_win,1.0,2411,-136.0
4912,50,Simplified,4913,78,6 J,5,7,5 7 5,17,1,0,0,net_loss,-1.0,2412,-137.0
4913,50,Simplified,4914,78,K 4,K,3,K 3 3 4,20,1,0,0,net_loss,-1.0,2413,-138.0
4914,50,Simplified,4915,78,10 Q,10,5,10 5 8,23,1,0,0,net_win,1.0,2414,-137.0
4915,50,Simplified,4916,78,Q 9,4,4,4 4 Q,18,1,0,0,net_win,1.0,2415,-136.0
4916,50,Simplified,4917,78,3 K,J,8,J 8,18,1,0,0,net_loss,-1.0,2416,-137.0
4917,50,Simplified,4918,78,9 6,2,4,2 4 Q 6,22,1,0,0,net_win,1.0,2417,-136.0
4918,50,Simplified,4919,78,4 9,J,2,J 2 Q,22,1,0,0,net_win,1.0,2418,-135.0
4919,50,Simplified,4920,78,Q 4,7,5,7 5 K,22,1,0,0,net_win,1.0,2419,-134.0
4920,50,Simplified,4921,78,J 7,7,K,7 K,17,1,0,0,net_push,0.0,2420,-134.0
4921,50,Simplified,4922,78,9 9,3,5,3 5 6 A J,25,1,0,0,net_win,1.0,2421,-133.0
4922,50,Simplified,4923,78,Q J,8,6,8 6 A K,25,1,0,0,net_win,1.0,2422,-132.0
4923,50,Simplified,4924,78,10 7,8,4,8 4 7,19,1,0,0,net_loss,-1.0,2423,-133.0
4924,50,Simplified,4925,78,K J,6,Q,6 Q 4,20,1,0,0,net_push,0.0,2424,-133.0
4925,50,Simplified,4926,78,6 K,8,K,8 K,18,1,0,0,net_loss,-1.0,2425,-134.0
4926,50,Simplified,4927,78,3 5,10,3,10 3 J,23,1,0,0,net_win,1.0,2426,-133.0
4927,50,Simplified,4928,78,10 Q,8,5,8 5 Q,23,1,0,0,net_win,1.0,2427,-132.0
4928,50,Simplified,4929,78,2 2,4,3,4 3 7 10,24,1,0,0,net_win,1.0,2428,-131.0
4929,50,Simplified,4930,78,2 3,Q,2,Q 2 6,18,1,0,0,net_loss,-1.0,2429,-132.0
4930,50,Simplified,4931,78,J Q,K,J,K J,20,1,0,0,net_push,0.0,2430,-132.0
4931,50,Simplified,4932,78,3 Q,A,9,A 9,20,1,0,0,net_loss,-1.0,2431,-133.0
4932,50,Simplified,4933,78,6 2,6,7,6 7 9,22,1,0,0,net_win,1.0,2432,-132.0
4933,50,Simplified,4934,78,9 J,K,2,K 2 Q,22,1,0,0,net_win,1.0,2433,-131.0
4934,50,Simplified,4935,78,J K,2,10,2 10 5,17,1,0,0,net_win,1.0,2434,-130.0
4935,50,Simplified,4936,78,2 9,A,6,A 6,17,1,0,0,net_push,0.0,2435,-130.0
4936,50,Simplified,4937,78,3 A,K,4,K 4 2 2,18,1,0,0,net_loss,-1.0,2436,-131.0
4937,50,Simplified,4938,78,2 5,J,6,J 6 5,21,1,0,0,net_loss,-1.0,2437,-132.0
4938,50,Simplified,4939,78,10 4,J,4,J 4 4,18,1,0,0,net_loss,-1.0,2438,-133.0
4939,50,Simplified,4940,78,10 5,A,A,A A 8,20,1,0,0,net_loss,-1.0,2439,-134.0
4940,50,Simplified,4941,78,6 7,J,A,J A,21,1,0,0,dealer_blackjack,-1.0,2440,-135.0
4941,50,Simplified,4942,78,10 3,A,10,A 10,21,1,0,0,dealer_blackjack,-1.0,2441,-136.0
4942,50,Simplified,4943,78,3 4,A,10,A 10,21,1,0,0,dealer_blackjack,-1.0,2442,-137.0
4943,50,Simplified,4944,78,6 4,A,7,A 7,18,1,0,0,net_loss,-1.0,2443,-138.0
4944,50,Simplified,4945,78,5 10,3,3,3 3 6 8,20,1,0,0,net_loss,-1.0,2444,-139.0
4945,50,Simplified,4946,78,8 8,6,Q,6 Q 10,26,1,0,0,net_win,1.0,2445,-138.0
4946,50,Simplified,4947,78,9 A,6,7,6 7 2 7,22,1,0,0,net_win,1.0,2446,-137.0
4947,50,Simplified,4948,78,Q 8,6,Q,6 Q J,26,1,0,0,net_win,1.0,2447,-136.0
4948,50,Simplified,4949,78,7 6,2,Q,2 Q 5,17,1,0,0,net_loss,-1.0,2448,-137.0
4949,50,Simplified,4950,78,J K,2,5,2 5 9 7,23,1,0,0,net_win,1.0,2449,-136.0
4950,50,Simplified,4951,78,4 10,J,8,J 8,18,1,0,0,net_loss,-1.0,2450,-137.0
4951,50,Simplified,4952,78,5 6,5,2,5 2 J,17,1,0,0,net_win,1.0,2451,-136.0
4952,50,Simplified,4953,78,10 10,10,J,10 J,20,1,0,0,net_push,0.0,2452,-136.0
4953,50,Simplified,4954,78,8 3,Q,8,Q 8,18,1,0,0,net_win,1.0,2453,-135.0
4954,50,Simplified,4955,78,9 5,3,8,3 8 2 6,19,1,0,0,net_loss,-1.0,2454,-136.0
4955,50,Simplified,4956,78,4 6,5,10,5 10 Q,25,1,0,0,net_win,1.0,2455,-135.0
4956,50,Simplified,4957,78,9 4,7,3,7 3 A,21,1,0,0,net_loss,-1.0,2456,-136.0
4957,50,Simplified,4958,78,9 J,K,J,K J,20,1,0,0,net_loss,-1.0,2457,-137.0
4958,50,Simplified,4959,78,K 9,7,5,7 5 J,22,1,0,0,net_win,1.0,2458,-136.0
4959,50,Simplified,4960,78,K 2,2,K,2 K 3 8,23,1,0,0,net_win,1.0,2459,-135.0
4960,50,Simplified,4961,78,Q 2,A,Q,A Q,21,1,0,0,dealer_blackjack,-1.0,2460,-136.0
4961,50,Simplified,4962,78,J 3,6,4,6 4 7,17,1,0,0,net_loss,-1.0,2461,-137.0
4962,50,Simplified,4963,78,J J,6,6,6 6 2 K,24,1,0,0,net_win,1.0,2462,-136.0
4963,50,Simplified,4964,78,9 K,7,6,7 6 6,19,1,0,0,net_push,0.0,2463,-136.0
4964,50,Simplified,4965,78,7 7,J,8,J 8,18,1,0,0,net_loss,-1.0,2464,-137.0
4965,50,Simplified,4966,78,5 8,7,8,7 8 8,23,1,0,0,net_win,1.0,2465,-136.0
4966,50,Simplified,4967,78,10 10,7,J,7 J,17,1,0,0,net_win,1.0,2466,-135.0
4967,50,Simplified,4968,78,10 A,J,7,J 7,17,1,0,0,player_blackjack,1.5,2467,-133.5
4968,50,Simplified,4969,78,A 9,4,J,4 J 8,22,1,0,0,net_win,1.0,2468,-132.5
4969,50,Simplified,4970,78,8 A,3,K,3 K 9,22,1,0,0,net_win,1.0,2469,-131.5
4970,50,Simplified,4971,78,K 4,J,8,J 8,18,1,0,0,net_loss,-1.0,2470,-132.5
4971,50,Simplified,4972,78,K 2,10,6,10 6 9,25,1,0,0,net_win,1.0,2471,-131.5
4972,50,Simplified,4973,78,10 4,10,10,10 10,20,1,0,0,net_loss,-1.0,2472,-132.5
4973,50,Simplified,4974,78,6 5,2,7,2 7 K,19,1,0,0,net_win,1.0,2473,-131.5
4974,50,Simplified,4975,78,2 Q,7,Q,7 Q,17,1,0,0,net_loss,-1.0,2474,-132.5
4975,50,Simplified,4976,78,K 8,7,A,7 A,18,1,0,0,net_push,0.0,2475,-132.5
4976,50,Simplified,4977,78,3 5,3,10,3 10 4,17,1,0,0,net_win,1.0,2476,-131.5
4977,50,Simplified,4978,78,5 5,3,2,3 2 5 3 8,21,1,0,0,net_loss,-1.0,2477,-132.5
4978,50,Simplified,4979,78,9 2,5,6,5 6 7,18,1,0,0,net_loss,-1.0,2478,-133.5
4979,50,Simplified,4980,78,9 J,A,5,A 5 7 9,22,1,0,0,net_win,1.0,2479,-132.5
4980,50,Simplified,4981,78,3 6,10,2,10 2 9,21,1,0,0,net_loss,-1.0,2480,-133.5
4981,50,Simplified,4982,78,5 J,6,3,6 3 J,19,1,0,0,net_loss,-1.0,2481,-134.5
4982,50,Simplified,4983,78,A 3,2,7,2 7 J,19,1,0,0,net_win,1.0,2482,-133.5
4983,50,Simplified,4984,78,3 9,Q,6,Q 6 9,25,1,0,0,net_win,1.0,2483,-132.5
4984,50,Simplified,4985,78,K 3,8,Q,8 Q,18,1,0,0,net_loss,-1.0,2484,-133.5
4985,50,Simplified,4986,78,2 10,7,8,7 8 5,20,1,0,0,net_loss,-1.0,2485,-134.5
4986,50,Simplified,4987,78,Q 10,Q,K,Q K,20,1,0,0,net_push,0.0,2486,-134.5
4987,50,Simplified,4988,78,6 8,8,4,8 4 7,19,1,0,0,net_loss,-1.0,2487,-135.5
4988,50,Simplified,4989,78,7 J,J,10,J 10,20,1,0,0,net_loss,-1.0,2488,-136.5
4989,50,Simplified,4990,78,10 6,8,7,8 7 10,25,1,0,0,net_win,1.0,2489,-135.5
4990,50,Simplified,4991,78,Q 3,5,2,5 2 5 8,20,1,0,0,net_loss,-1.0,2490,-136.5
4991,50,Simplified,4992,78,7 3,4,4,4 4 3 7,18,1,0,0,net_loss,-1.0,2491,-137.5
4992,50,Simplified,4993,78,A 9,7,Q,7 Q,17,1,0,0,net_win,1.0,2492,-136.5
4993,50,Simplified,4994,78,8 5,10,J,10 J,20,1,0,0,net_loss,-1.0,2493,-137.5
4994,50,Simplified,4995,78,A 7,Q,K,Q K,20,1,0,0,net_loss,-1.0,2494,-138.5
4995,50,Simplified,4996,78,4 9,J,2,J 2 A 7,20,1,0,0,net_loss,-1.0,2495,-139.5
4996,50,Simplified,4997,78,9 2,6,J,6 J 6,22,1,0,0,net_win,1.0,2496,-138.5
4997,50,Simplified,4998,78,J 6,8,3,8 3 5 6,22,1,0,0,net_win,1.0,2497,-137.5
4998,50,Simplified,4999,78,4 10,9,2,9 2 5 10,26,1,0,0,net_win,1.0,2498,-136.5
4999,50,Simplified,5000,78,10 Q,2,7,2 7 5 4,18,1,0,0,net_win,1.0,2499,-135.5
5000,50,Simplified,5001,78,5 K,6,Q,6 Q 8,24,1,0,0,net_win,1.0,2500,-134.5
