round_no,block_no,strategy,shoe_no,hand_id,parent_hand_id,from_split,split_aces,initial_player_cards,final_player_cards,dealer_upcard,dealer_final_cards,player_total,dealer_total,actions,bet_units,outcome,net_return
1,1,Basic,2,1,0,False,False,Q 2,Q 2 8,9,9 8,20,17,hit > stand,1.0,win,1.0
2,1,Basic,3,1,0,False,False,8 5,8 5 K,Q,Q K,23,20,hit,1.0,loss_bust,-1.0
3,1,Basic,4,1,0,False,False,8 4,8 4 2 5,7,7 J,19,17,hit > hit > stand,1.0,win,1.0
4,1,Basic,5,1,0,False,False,7 3,7 3 Q,10,10 6 2,20,18,hit > stand,1.0,win,1.0
5,1,Basic,6,1,0,False,False,4 4,4 4 A,8,8 6 10,19,24,hit > stand,1.0,win_dealer_bust,1.0
6,1,Basic,7,1,0,False,False,2 K,2 K Q,Q,Q K,22,20,hit,1.0,loss_bust,-1.0
7,1,Basic,8,1,1,True,False,2 K,2 K 4,3,3 3 5 9,16,20,hit > stand,1.0,loss,-1.0
7,1,Basic,8,2,1,True,False,2 10,2 10 3,3,3 3 5 9,15,20,hit > stand,1.0,loss,-1.0
8,1,Basic,9,1,0,False,False,2 A,2 A 2 6,9,9 3 A 7,21,20,hit > hit,1.0,win,1.0
9,1,Basic,10,1,0,False,False,8 10,8 10,9,9 8,18,17,stand,1.0,win,1.0
10,1,Basic,11,1,0,False,False,A 6,A 6 5 5,2,2 5 J,17,17,hit > hit > stand,1.0,push,0.0
11,1,Basic,12,1,0,False,False,10 7,10 7,J,J 8,17,18,stand,1.0,loss,-1.0
12,1,Basic,13,1,0,False,False,7 9,7 9 3,7,7 6 6,19,19,hit > stand,1.0,push,0.0
13,1,Basic,14,1,0,False,False,2 7,2 7 3 3 J,A,A 2,25,13,hit > hit > hit,1.0,loss_bust,-1.0
14,1,Basic,15,1,0,False,False,A 4,A 4 9 J,Q,Q 5,24,15,hit > hit,1.0,loss_bust,-1.0
15,1,Basic,16,1,0,False,False,K 4,K 4,3,3 5 2 5 Q,14,25,stand,1.0,win_dealer_bust,1.0
16,1,Basic,17,1,0,False,False,9 7,9 7 10,Q,Q 3,26,13,hit,1.0,loss_bust,-1.0
17,1,Basic,18,1,0,False,False,K A,K A,5,5 3,21,8,blackjack_check,1.0,player_blackjack,1.5
18,1,Basic,19,1,0,False,False,K 2,K 2 8,9,9 2 J,20,21,hit > stand,1.0,loss,-1.0
19,1,Basic,20,1,0,False,False,A J,A J,K,K 4,21,14,blackjack_check,1.0,player_blackjack,1.5
20,1,Basic,21,1,0,False,False,3 6,3 6 3 J,J,J 4,22,14,hit > hit,1.0,loss_bust,-1.0
21,1,Basic,22,1,0,False,False,6 3,6 3 Q,4,4 4 7 K,19,25,double,2.0,win_dealer_bust,2.0
22,1,Basic,23,1,0,False,False,A 8,A 8,8,8 K,19,18,stand,1.0,win,1.0
23,1,Basic,24,1,0,False,False,5 7,5 7,5,5 A 9 8,12,23,stand,1.0,win_dealer_bust,1.0
24,1,Basic,25,1,0,False,False,7 4,7 4 A,2,2 Q 8,12,20,double,2.0,loss,-2.0
25,1,Basic,26,1,0,False,False,6 10,6 10,3,3 J 6,16,19,stand,1.0,loss,-1.0
26,1,Basic,27,1,0,False,False,10 A,10 A,A,A K,21,21,blackjack_check,1.0,push_blackjack,0.0
27,1,Basic,28,1,0,False,False,J 10,J 10,6,6 K 5,20,21,stand,1.0,loss,-1.0
28,1,Basic,29,1,0,False,False,4 8,4 8,4,4 2 9 10,12,25,stand,1.0,win_dealer_bust,1.0
29,1,Basic,30,1,0,False,False,J 9,J 9,8,8 4 8,19,20,stand,1.0,loss,-1.0
30,1,Basic,31,1,0,False,False,2 3,2 3 3 5,2,2 2 2 7 10,13,23,hit > hit > stand,1.0,win_dealer_bust,1.0
31,1,Basic,32,1,0,False,False,3 3,3 3 Q 7,8,8 7,23,15,hit > hit,1.0,loss_bust,-1.0
32,1,Basic,33,1,0,False,False,10 K,10 K,J,J 9,20,19,stand,1.0,win,1.0
33,1,Basic,34,1,0,False,False,4 8,4 8,6,6 7 9,12,22,stand,1.0,win_dealer_bust,1.0
34,1,Basic,35,1,0,False,False,2 8,2 8,Q,Q A,10,21,blackjack_check,1.0,dealer_blackjack,-1.0
35,1,Basic,36,1,0,False,False,6 4,6 4 7,K,K 2 5,17,17,hit > stand,1.0,push,0.0
36,1,Basic,37,1,0,False,False,A 9,A 9,3,3 3 7 10,20,23,stand,1.0,win_dealer_bust,1.0
37,1,Basic,38,1,0,False,False,4 5,4 5 5,6,6 A,14,17,double,2.0,loss,-2.0
38,1,Basic,39,1,0,False,False,2 4,2 4 A 5 K,J,J 5,22,15,hit > hit > hit,1.0,loss_bust,-1.0
39,1,Basic,40,1,0,False,False,9 6,9 6 Q,K,K 2,25,12,hit,1.0,loss_bust,-1.0
40,1,Basic,41,1,1,True,False,8 K,8 K,J,J Q,18,20,stand,1.0,loss,-1.0
40,1,Basic,41,2,1,True,False,8 10,8 10,J,J Q,18,20,stand,1.0,loss,-1.0
41,1,Basic,42,1,0,False,False,6 9,6 9,3,3 6 10,15,19,stand,1.0,loss,-1.0
42,1,Basic,43,1,0,False,False,A 5,A 5 9 7,Q,Q J,22,20,hit > hit,1.0,loss_bust,-1.0
43,1,Basic,44,1,0,False,False,J 6,J 6 7,10,10 6,23,16,hit,1.0,loss_bust,-1.0
44,1,Basic,45,1,0,False,False,Q 3,Q 3,4,4 5 8,13,17,stand,1.0,loss,-1.0
45,1,Basic,46,1,0,False,False,6 5,6 5 2,2,2 5 7 K,13,24,double,2.0,win_dealer_bust,2.0
46,1,Basic,47,1,0,False,False,6 9,6 9,4,4 7 5 3,15,19,stand,1.0,loss,-1.0
47,1,Basic,48,1,0,False,False,5 A,5 A 10,2,2 10 5,16,17,hit > stand,1.0,loss,-1.0
48,1,Basic,49,1,0,False,False,8 9,8 9,3,3 9 A 7,17,20,stand,1.0,loss,-1.0
49,1,Basic,50,1,0,False,False,5 A,5 A Q K,8,8 6,26,14,hit > hit,1.0,loss_bust,-1.0
50,1,Basic,51,1,0,False,False,2 3,2 3 2 5 Q,J,J 4,22,14,hit > hit > hit,1.0,loss_bust,-1.0
51,1,Basic,52,1,0,False,False,4 A,4 A Q 7,8,8 8,22,16,hit > hit,1.0,loss_bust,-1.0
52,1,Basic,53,1,0,False,False,9 10,9 10,J,J 6 9,19,25,stand,1.0,win_dealer_bust,1.0
53,1,Basic,54,1,0,False,False,7 A,7 A,7,7 J,18,17,stand,1.0,win,1.0
54,1,Basic,55,1,0,False,False,J A,J A,Q,Q 3,21,13,blackjack_check,1.0,player_blackjack,1.5
55,1,Basic,56,1,0,False,False,K 2,K 2 6,9,9 6 Q,18,25,hit > stand,1.0,win_dealer_bust,1.0
56,1,Basic,57,1,0,False,False,4 A,4 A K 8,7,7 A,23,18,hit > hit,1.0,loss_bust,-1.0
57,1,Basic,58,1,0,False,False,7 7,7 7 3,J,J K,17,20,hit > stand,1.0,loss,-1.0
58,1,Basic,59,1,0,False,False,2 A,2 A 9 8,K,K 9,20,19,hit > hit > stand,1.0,win,1.0
59,1,Basic,60,1,0,False,False,5 5,5 5 J,9,9 J,20,19,double,2.0,win,2.0
60,1,Basic,61,1,0,False,False,Q 2,Q 2,4,4 5 Q,12,19,stand,1.0,loss,-1.0
61,1,Basic,62,1,0,False,False,4 K,4 K,3,3 A 8 4 K,14,26,stand,1.0,win_dealer_bust,1.0
62,1,Basic,63,1,0,False,False,6 6,6 6 A 5,7,7 Q,18,17,hit > hit > stand,1.0,win,1.0
63,1,Basic,64,1,0,False,False,4 10,4 10,4,4 3 10,14,17,stand,1.0,loss,-1.0
64,1,Basic,65,1,0,False,False,9 3,9 3 A 6,7,7 9 Q,19,26,hit > hit > stand,1.0,win_dealer_bust,1.0
65,1,Basic,66,1,0,False,False,2 J,2 J 8,7,7 4 A K,20,22,hit > stand,1.0,win_dealer_bust,1.0
66,1,Basic,67,1,0,False,False,7 A,7 A,2,2 Q 4 6,18,22,stand,1.0,win_dealer_bust,1.0
67,1,Basic,68,1,0,False,False,J 9,J 9,6,6 7 J,19,23,stand,1.0,win_dealer_bust,1.0
68,1,Basic,69,1,0,False,False,7 5,7 5 2 J,10,10 6,24,16,hit > hit,1.0,loss_bust,-1.0
69,1,Basic,70,1,0,False,False,10 Q,10 Q,2,2 9 Q,20,21,stand,1.0,loss,-1.0
70,1,Basic,71,1,0,False,False,4 K,4 K,5,5 7 A K,14,23,stand,1.0,win_dealer_bust,1.0
71,1,Basic,72,1,0,False,False,8 6,8 6 A 3,7,7 5 Q,18,22,hit > hit > stand,1.0,win_dealer_bust,1.0
72,1,Basic,73,1,0,False,False,7 A,7 A 5 2 7,Q,Q Q,22,20,hit > hit > hit,1.0,loss_bust,-1.0
73,1,Basic,74,1,0,False,False,6 K,6 K,3,3 J 5,16,18,stand,1.0,loss,-1.0
74,1,Basic,75,1,0,False,False,10 3,10 3 9,K,K 5,22,15,hit,1.0,loss_bust,-1.0
75,1,Basic,76,1,0,False,False,4 5,4 5 8,4,4 3 2 J,17,19,double,2.0,loss,-2.0
76,1,Basic,77,1,0,False,False,8 5,8 5,2,2 K 6,13,18,stand,1.0,loss,-1.0
77,1,Basic,78,1,0,False,False,J 9,J 9,J,J 4 4,19,18,stand,1.0,win,1.0
78,1,Basic,79,1,0,False,False,8 J,8 J,K,K 8,18,18,stand,1.0,push,0.0
79,1,Basic,80,1,0,False,False,K 7,K 7,10,10 5 2,17,17,stand,1.0,push,0.0
80,1,Basic,81,1,0,False,False,5 4,5 4 9,10,10 2 8,18,20,hit > stand,1.0,loss,-1.0
81,1,Basic,82,1,0,False,False,9 8,9 8,A,A J,17,21,blackjack_check,1.0,dealer_blackjack,-1.0
82,1,Basic,83,1,0,False,False,8 K,8 K,K,K 10,18,20,stand,1.0,loss,-1.0
83,1,Basic,84,1,0,False,False,A J,A J,2,2 A,21,13,blackjack_check,1.0,player_blackjack,1.5
84,1,Basic,85,1,0,False,False,6 K,6 K,J,J A,16,21,blackjack_check,1.0,dealer_blackjack,-1.0
85,1,Basic,86,1,0,False,False,5 3,5 3 5 6,7,7 10,19,17,hit > hit > stand,1.0,win,1.0
86,1,Basic,87,1,0,False,False,6 A,6 A 4,9,9 A,21,20,hit,1.0,win,1.0
87,1,Basic,88,1,0,False,False,A 6,A 6,A,A 10,17,21,blackjack_check,1.0,dealer_blackjack,-1.0
88,1,Basic,89,1,0,False,False,8 6,8 6,4,4 Q A 7,14,22,stand,1.0,win_dealer_bust,1.0
89,1,Basic,90,1,0,False,False,J 5,J 5 7,10,10 2,22,12,hit,1.0,loss_bust,-1.0
90,1,Basic,91,1,0,False,False,K 2,K 2 4 9,8,8 A,25,19,hit > hit,1.0,loss_bust,-1.0
91,1,Basic,92,1,0,False,False,3 6,3 6 7 7,8,8 2,23,10,hit > hit,1.0,loss_bust,-1.0
92,1,Basic,93,1,0,False,False,9 A,9 A,Q,Q 6 9,20,25,stand,1.0,win_dealer_bust,1.0
93,1,Basic,94,1,0,False,False,2 J,2 J 7,10,10 8,19,18,hit > stand,1.0,win,1.0
94,1,Basic,95,1,0,False,False,9 6,9 6,4,4 K A 8,15,23,stand,1.0,win_dealer_bust,1.0
95,1,Basic,96,1,0,False,False,5 K,5 K A 6,10,10 8,22,18,hit > hit,1.0,loss_bust,-1.0
96,1,Basic,97,1,0,False,False,K Q,K Q,9,9 J,20,19,stand,1.0,win,1.0
97,1,Basic,98,1,0,False,False,9 J,9 J,J,J 4 J,19,24,stand,1.0,win_dealer_bust,1.0
98,1,Basic,99,1,0,False,False,Q K,Q K,A,A A K 9,20,21,stand,1.0,loss,-1.0
99,1,Basic,100,1,0,False,False,9 9,9 9,A,A 8,18,19,stand,1.0,loss,-1.0
100,1,Basic,101,1,0,False,False,2 3,2 3 2 Q,8,8 8 K,17,26,hit > hit > stand,1.0,win_dealer_bust,1.0
101,2,Simplified,102,1,0,False,False,Q A,Q A,2,2 3,21,5,blackjack_check,1.0,player_blackjack,1.5
102,2,Simplified,103,1,0,False,False,4 Q,4 Q,8,8 Q,14,18,stand,1.0,loss,-1.0
103,2,Simplified,104,1,0,False,False,5 J,5 J,2,2 8 3 K,15,23,stand,1.0,win_dealer_bust,1.0
104,2,Simplified,105,1,0,False,False,Q 9,Q 9,7,7 A,19,18,stand,1.0,win,1.0
105,2,Simplified,106,1,0,False,False,10 K,10 K,10,10 J,20,20,stand,1.0,push,0.0
106,2,Simplified,107,1,0,False,False,K 9,K 9,2,2 6 K,19,18,stand,1.0,win,1.0
107,2,Simplified,108,1,0,False,False,A 8,A 8,2,2 A 9 Q,19,22,stand,1.0,win_dealer_bust,1.0
108,2,Simplified,109,1,0,False,False,J Q,J Q,5,5 6 A 2 6,20,20,stand,1.0,push,0.0
109,2,Simplified,110,1,0,False,False,3 6,3 6 K,5,5 4 10,19,19,hit > stand,1.0,push,0.0
110,2,Simplified,111,1,0,False,False,3 10,3 10,5,5 A 2,13,18,stand,1.0,loss,-1.0
111,2,Simplified,112,1,0,False,False,3 5,3 5 6,2,2 9 J,14,21,hit > stand,1.0,loss,-1.0
112,2,Simplified,113,1,0,False,False,K 3,K 3,4,4 J 9,13,23,stand,1.0,win_dealer_bust,1.0
113,2,Simplified,114,1,0,False,False,A 9,A 9,10,10 J,20,20,stand,1.0,push,0.0
114,2,Simplified,115,1,0,False,False,K 6,K 6,5,5 2 3 2 5,16,17,stand,1.0,loss,-1.0
115,2,Simplified,116,1,0,False,False,K 5,K 5,4,4 8 8,15,20,stand,1.0,loss,-1.0
116,2,Simplified,117,1,0,False,False,A K,A K,6,6 4,21,10,blackjack_check,1.0,player_blackjack,1.5
117,2,Simplified,118,1,0,False,False,6 A,6 A K,7,7 10,17,17,hit > stand,1.0,push,0.0
118,2,Simplified,119,1,0,False,False,7 9,7 9,10,10 8,16,18,stand,1.0,loss,-1.0
119,2,Simplified,120,1,0,False,False,3 J,3 J,4,4 9 5,13,18,stand,1.0,loss,-1.0
120,2,Simplified,121,1,0,False,False,K 7,K 7,10,10 J,17,20,stand,1.0,loss,-1.0
121,2,Simplified,122,1,0,False,False,Q 8,Q 8,K,K 9,18,19,stand,1.0,loss,-1.0
122,2,Simplified,123,1,0,False,False,A K,A K,4,4 10,21,14,blackjack_check,1.0,player_blackjack,1.5
123,2,Simplified,124,1,0,False,False,A 6,A 6 10,K,K 8,17,18,hit > stand,1.0,loss,-1.0
124,2,Simplified,125,1,0,False,False,J J,J J,Q,Q 5 3,20,18,stand,1.0,win,1.0
125,2,Simplified,126,1,0,False,False,A K,A K,9,9 9,21,18,blackjack_check,1.0,player_blackjack,1.5
126,2,Simplified,127,1,0,False,False,4 4,4 4 10,7,7 A,18,18,hit > stand,1.0,push,0.0
127,2,Simplified,128,1,0,False,False,8 7,8 7,6,6 K Q,15,26,stand,1.0,win_dealer_bust,1.0
128,2,Simplified,129,1,0,False,False,9 10,9 10,5,5 4 J,19,19,stand,1.0,push,0.0
129,2,Simplified,130,1,0,False,False,10 4,10 4,5,5 A 9 5,14,20,stand,1.0,loss,-1.0
130,2,Simplified,131,1,0,False,False,K 4,K 4,8,8 9,14,17,stand,1.0,loss,-1.0
131,2,Simplified,132,1,0,False,False,7 2,7 2 4,A,A 9,13,20,hit > stand,1.0,loss,-1.0
132,2,Simplified,133,1,0,False,False,3 A,3 A 2 Q,5,5 K 6,16,21,hit > hit > stand,1.0,loss,-1.0
133,2,Simplified,134,1,0,False,False,Q 4,Q 4,10,10 3 J,14,23,stand,1.0,win_dealer_bust,1.0
134,2,Simplified,135,1,0,False,False,2 9,2 9 J,4,4 K 10,21,24,hit,1.0,win_dealer_bust,1.0
135,2,Simplified,136,1,0,False,False,7 3,7 3 5,10,10 J,15,20,hit > stand,1.0,loss,-1.0
136,2,Simplified,137,1,0,False,False,10 K,10 K,K,K A,20,21,blackjack_check,1.0,dealer_blackjack,-1.0
137,2,Simplified,138,1,0,False,False,9 A,9 A,4,4 6 3 8,20,21,stand,1.0,loss,-1.0
138,2,Simplified,139,1,0,False,False,8 9,8 9,8,8 6 K,17,24,stand,1.0,win_dealer_bust,1.0
139,2,Simplified,140,1,0,False,False,10 J,10 J,K,K 6 5,20,21,stand,1.0,loss,-1.0
140,2,Simplified,141,1,0,False,False,K Q,K Q,Q,Q A,20,21,blackjack_check,1.0,dealer_blackjack,-1.0
141,2,Simplified,142,1,0,False,False,3 K,3 K,A,A J,13,21,blackjack_check,1.0,dealer_blackjack,-1.0
142,2,Simplified,143,1,0,False,False,J K,J K,7,7 Q,20,17,stand,1.0,win,1.0
143,2,Simplified,144,1,0,False,False,7 7,7 7,4,4 A 5,14,20,stand,1.0,loss,-1.0
144,2,Simplified,145,1,0,False,False,6 6,6 6,8,8 2 4 9,12,23,stand,1.0,win_dealer_bust,1.0
145,2,Simplified,146,1,0,False,False,9 4,9 4,2,2 10 A 7,13,20,stand,1.0,loss,-1.0
146,2,Simplified,147,1,0,False,False,5 2,5 2 3 6,10,10 5 5,16,20,hit > hit > stand,1.0,loss,-1.0
147,2,Simplified,148,1,0,False,False,5 10,5 10,6,6 J 7,15,23,stand,1.0,win_dealer_bust,1.0
148,2,Simplified,149,1,0,False,False,4 4,4 4 A,J,J 3 6,19,19,hit > stand,1.0,push,0.0
149,2,Simplified,150,1,0,False,False,3 10,3 10,10,10 J,13,20,stand,1.0,loss,-1.0
150,2,Simplified,151,1,0,False,False,9 J,9 J,7,7 3 9,19,19,stand,1.0,push,0.0
151,2,Simplified,152,1,0,False,False,K 2,K 2,2,2 8 Q,12,20,stand,1.0,loss,-1.0
152,2,Simplified,153,1,0,False,False,6 K,6 K,10,10 8,16,18,stand,1.0,loss,-1.0
153,2,Simplified,154,1,0,False,False,A J,A J,8,8 9,21,17,blackjack_check,1.0,player_blackjack,1.5
154,2,Simplified,155,1,0,False,False,A Q,A Q,K,K 7,21,17,blackjack_check,1.0,player_blackjack,1.5
155,2,Simplified,156,1,0,False,False,8 9,8 9,5,5 10 K,17,25,stand,1.0,win_dealer_bust,1.0
156,2,Simplified,157,1,0,False,False,2 5,2 5 10,9,9 J,17,19,hit > stand,1.0,loss,-1.0
157,2,Simplified,158,1,0,False,False,3 K,3 K,3,3 9 Q,13,22,stand,1.0,win_dealer_bust,1.0
158,2,Simplified,159,1,0,False,False,6 J,6 J,4,4 6 4 10,16,24,stand,1.0,win_dealer_bust,1.0
159,2,Simplified,160,1,0,False,False,10 Q,10 Q,6,6 Q 4,20,20,stand,1.0,push,0.0
160,2,Simplified,161,1,0,False,False,7 6,7 6,3,3 10 8,13,21,stand,1.0,loss,-1.0
161,2,Simplified,162,1,0,False,False,4 2,4 2 J,J,J 5 7,16,22,hit > stand,1.0,win_dealer_bust,1.0
162,2,Simplified,163,1,0,False,False,8 2,8 2 4,8,8 J,14,18,hit > stand,1.0,loss,-1.0
163,2,Simplified,164,1,0,False,False,Q 5,Q 5,7,7 9 7,15,23,stand,1.0,win_dealer_bust,1.0
164,2,Simplified,165,1,0,False,False,2 9,2 9 K,6,6 3 9,21,18,hit,1.0,win,1.0
165,2,Simplified,166,1,0,False,False,8 K,8 K,3,3 9 2 7,18,21,stand,1.0,loss,-1.0
166,2,Simplified,167,1,0,False,False,A 7,A 7,9,9 6 J,18,25,stand,1.0,win_dealer_bust,1.0
167,2,Simplified,168,1,0,False,False,4 A,4 A 7,6,6 A,12,17,hit > stand,1.0,loss,-1.0
168,2,Simplified,169,1,0,False,False,A K,A K,Q,Q 2,21,12,blackjack_check,1.0,player_blackjack,1.5
169,2,Simplified,170,1,0,False,False,3 3,3 3 4 9,2,2 6 K,19,18,hit > hit > stand,1.0,win,1.0
170,2,Simplified,171,1,0,False,False,5 5,5 5 6,10,10 3 5,16,18,hit > stand,1.0,loss,-1.0
171,2,Simplified,172,1,0,False,False,4 8,4 8,5,5 2 Q,12,17,stand,1.0,loss,-1.0
172,2,Simplified,173,1,0,False,False,4 6,4 6,K,K A,10,21,blackjack_check,1.0,dealer_blackjack,-1.0
173,2,Simplified,174,1,0,False,False,3 10,3 10,J,J 4 Q,13,24,stand,1.0,win_dealer_bust,1.0
174,2,Simplified,175,1,0,False,False,J 8,J 8,A,A 6,18,17,stand,1.0,win,1.0
175,2,Simplified,176,1,0,False,False,2 4,2 4 8,J,J Q,14,20,hit > stand,1.0,loss,-1.0
176,2,Simplified,177,1,0,False,False,4 8,4 8,6,6 9 5,12,20,stand,1.0,loss,-1.0
177,2,Simplified,178,1,0,False,False,A 10,A 10,9,9 J,21,19,blackjack_check,1.0,player_blackjack,1.5
178,2,Simplified,179,1,0,False,False,9 9,9 9,9,9 2 8,18,19,stand,1.0,loss,-1.0
179,2,Simplified,180,1,0,False,False,7 9,7 9,6,6 9 4,16,19,stand,1.0,loss,-1.0
180,2,Simplified,181,1,0,False,False,J K,J K,3,3 4 J,20,17,stand,1.0,win,1.0
181,2,Simplified,182,1,0,False,False,7 5,7 5,7,7 9 6,12,22,stand,1.0,win_dealer_bust,1.0
182,2,Simplified,183,1,0,False,False,4 A,4 A K,K,K K,15,20,hit > stand,1.0,loss,-1.0
183,2,Simplified,184,1,0,False,False,5 Q,5 Q,3,3 J 10,15,23,stand,1.0,win_dealer_bust,1.0
184,2,Simplified,185,1,0,False,False,K A,K A,9,9 7,21,16,blackjack_check,1.0,player_blackjack,1.5
185,2,Simplified,186,1,0,False,False,Q 5,Q 5,5,5 K 9,15,24,stand,1.0,win_dealer_bust,1.0
186,2,Simplified,187,1,0,False,False,2 2,2 2 3 3 7,3,3 10 J,17,23,hit > hit > hit > stand,1.0,win_dealer_bust,1.0
187,2,Simplified,188,1,0,False,False,4 10,4 10,7,7 5 7,14,19,stand,1.0,loss,-1.0
188,2,Simplified,189,1,0,False,False,J 10,J 10,5,5 4 K,20,19,stand,1.0,win,1.0
189,2,Simplified,190,1,0,False,False,10 3,10 3,7,7 Q,13,17,stand,1.0,loss,-1.0
190,2,Simplified,191,1,0,False,False,5 5,5 5 A,9,9 5 3,21,17,hit,1.0,win,1.0
191,2,Simplified,192,1,0,False,False,8 8,8 8,7,7 7 Q,16,24,stand,1.0,win_dealer_bust,1.0
192,2,Simplified,193,1,0,False,False,Q 8,Q 8,7,7 A,18,18,stand,1.0,push,0.0
193,2,Simplified,194,1,0,False,False,9 K,9 K,Q,Q 5 6,19,21,stand,1.0,loss,-1.0
194,2,Simplified,195,1,0,False,False,10 A,10 A,2,2 8,21,10,blackjack_check,1.0,player_blackjack,1.5
195,2,Simplified,196,1,0,False,False,J 7,J 7,4,4 3 A,17,18,stand,1.0,loss,-1.0
196,2,Simplified,197,1,0,False,False,2 10,2 10,J,J 3 10,12,23,stand,1.0,win_dealer_bust,1.0
197,2,Simplified,198,1,0,False,False,10 9,10 9,K,K 5 K,19,25,stand,1.0,win_dealer_bust,1.0
198,2,Simplified,199,1,0,False,False,9 10,9 10,3,3 7 7,19,17,stand,1.0,win,1.0
199,2,Simplified,200,1,0,False,False,A J,A J,5,5 10,21,15,blackjack_check,1.0,player_blackjack,1.5
200,2,Simplified,201,1,0,False,False,A 2,A 2 Q,8,8 7 K,13,25,hit > stand,1.0,win_dealer_bust,1.0
201,3,Basic,202,1,0,False,False,A 7,A 7 K,5,5 2 6 K,18,23,double,2.0,win_dealer_bust,2.0
202,3,Basic,203,1,0,False,False,J 10,J 10,J,J 4 K,20,24,stand,1.0,win_dealer_bust,1.0
203,3,Basic,204,1,0,False,False,3 10,3 10,3,3 10 9,13,22,stand,1.0,win_dealer_bust,1.0
204,3,Basic,205,1,0,False,False,7 2,7 2 J,6,6 8 2 A,19,17,double,2.0,win,2.0
205,3,Basic,206,1,0,False,False,8 A,8 A,Q,Q 9,19,19,stand,1.0,push,0.0
206,3,Basic,207,1,0,False,False,4 3,4 3 K,8,8 8 K,17,26,hit > stand,1.0,win_dealer_bust,1.0
207,3,Basic,208,1,0,False,False,6 7,6 7 4,J,J 8,17,18,hit > stand,1.0,loss,-1.0
208,3,Basic,209,1,0,False,False,Q 8,Q 8,9,9 2 8,18,19,stand,1.0,loss,-1.0
209,3,Basic,210,1,0,False,False,5 10,5 10,6,6 3 8,15,17,stand,1.0,loss,-1.0
210,3,Basic,211,1,0,False,False,10 3,10 3,3,3 8 6,13,17,stand,1.0,loss,-1.0
211,3,Basic,212,1,0,False,False,J 5,J 5 6,K,K 9,21,19,hit,1.0,win,1.0
212,3,Basic,213,1,0,False,False,6 3,6 3 Q,9,9 8,19,17,hit > stand,1.0,win,1.0
213,3,Basic,214,1,0,False,False,A 6,A 6 Q,K,K J,17,20,hit > stand,1.0,loss,-1.0
214,3,Basic,215,1,0,False,False,A 3,A 3 Q 10,7,7 K,24,17,hit > hit,1.0,loss_bust,-1.0
215,3,Basic,216,1,0,False,False,5 9,5 9,4,4 4 A,14,19,stand,1.0,loss,-1.0
216,3,Basic,217,1,0,False,False,10 K,10 K,5,5 4 2 Q,20,21,stand,1.0,loss,-1.0
217,3,Basic,218,1,0,False,False,6 2,6 2 A,7,7 9 3,19,19,hit > stand,1.0,push,0.0
218,3,Basic,219,1,0,False,False,6 3,6 3 6 7,J,J 10,22,20,hit > hit,1.0,loss_bust,-1.0
219,3,Basic,220,1,0,False,False,9 A,9 A,A,A 4 9 4,20,18,stand,1.0,win,1.0
220,3,Basic,221,1,0,False,False,9 8,9 8,K,K 2 8,17,20,stand,1.0,loss,-1.0
221,3,Basic,222,1,0,False,False,J K,J K,9,9 J,20,19,stand,1.0,win,1.0
222,3,Basic,223,1,0,False,False,K 9,K 9,10,10 7,19,17,stand,1.0,win,1.0
223,3,Basic,224,1,0,False,False,K Q,K Q,K,K 7,20,17,stand,1.0,win,1.0
224,3,Basic,225,1,0,False,False,4 7,4 7 7,J,J 10,18,20,double,2.0,loss,-2.0
225,3,Basic,226,1,0,False,False,2 7,2 7 4 5,J,J 6 J,18,26,hit > hit > stand,1.0,win_dealer_bust,1.0
226,3,Basic,227,1,0,False,False,6 J,6 J K,Q,Q 4,26,14,hit,1.0,loss_bust,-1.0
227,3,Basic,228,1,0,False,False,3 6,3 6 3 A 9,7,7 A,22,18,hit > hit > hit,1.0,loss_bust,-1.0
228,3,Basic,229,1,0,False,False,10 J,10 J,7,7 6 8,20,21,stand,1.0,loss,-1.0
229,3,Basic,230,1,0,False,False,5 Q,5 Q A 3,J,J 7,19,17,hit > hit > stand,1.0,win,1.0
230,3,Basic,231,1,0,False,False,2 Q,2 Q K,J,J 6,22,16,hit,1.0,loss_bust,-1.0
231,3,Basic,232,1,0,False,False,6 A,6 A 8 10,K,K Q,25,20,hit > hit,1.0,loss_bust,-1.0
232,3,Basic,233,1,0,False,False,Q A,Q A,Q,Q 2,21,12,blackjack_check,1.0,player_blackjack,1.5
233,3,Basic,234,1,0,False,False,4 A,4 A 10,5,5 6 J,15,21,double,2.0,loss,-2.0
234,3,Basic,235,1,0,False,False,6 J,6 J 4,7,7 3 5 3,20,18,hit > stand,1.0,win,1.0
235,3,Basic,236,1,0,False,False,9 A,9 A,Q,Q 9,20,19,stand,1.0,win,1.0
236,3,Basic,237,1,0,False,False,J Q,J Q,K,K K,20,20,stand,1.0,push,0.0
237,3,Basic,238,1,0,False,False,5 6,5 6 3,2,2 J 5,14,17,double,2.0,loss,-2.0
238,3,Basic,239,1,0,False,False,A K,A K,5,5 9,21,14,blackjack_check,1.0,player_blackjack,1.5
239,3,Basic,240,1,0,False,False,6 Q,6 Q J,K,K K,26,20,hit,1.0,loss_bust,-1.0
240,3,Basic,241,1,0,False,False,8 9,8 9,Q,Q J,17,20,stand,1.0,loss,-1.0
241,3,Basic,242,1,0,False,False,5 K,5 K,3,3 2 8 J,15,23,stand,1.0,win_dealer_bust,1.0
242,3,Basic,243,1,0,False,False,2 6,2 6 2 5 4,7,7 5 A 3 6,19,22,hit > hit > hit > stand,1.0,win_dealer_bust,1.0
243,3,Basic,244,1,0,False,False,2 Q,2 Q,4,4 A K K,12,25,stand,1.0,win_dealer_bust,1.0
244,3,Basic,245,1,0,False,False,2 Q,2 Q A,2,2 4 6 A 7,13,20,hit > stand,1.0,loss,-1.0
245,3,Basic,246,1,0,False,False,J 2,J 2,4,4 K 7,12,21,stand,1.0,loss,-1.0
246,3,Basic,247,1,0,False,False,5 3,5 3 10,9,9 7 Q,18,26,hit > stand,1.0,win_dealer_bust,1.0
247,3,Basic,248,1,0,False,False,K 7,K 7,2,2 6 8 Q,17,26,stand,1.0,win_dealer_bust,1.0
248,3,Basic,249,1,0,False,False,A Q,A Q,2,2 5,21,7,blackjack_check,1.0,player_blackjack,1.5
249,3,Basic,250,1,0,False,False,J K,J K,A,A 7,20,18,stand,1.0,win,1.0
250,3,Basic,251,1,0,False,False,4 8,4 8,6,6 J 5,12,21,stand,1.0,loss,-1.0
251,3,Basic,252,1,0,False,False,A 9,A 9,3,3 J 6,20,19,stand,1.0,win,1.0
252,3,Basic,253,1,0,False,False,10 8,10 8,2,2 A 4,18,17,stand,1.0,win,1.0
253,3,Basic,254,1,0,False,False,5 8,5 8 10,8,8 J,23,18,hit,1.0,loss_bust,-1.0
254,3,Basic,255,1,0,False,False,3 5,3 5 10,10,10 J,18,20,hit > stand,1.0,loss,-1.0
255,3,Basic,256,1,0,False,False,10 4,10 4 9,9,9 9,23,18,hit,1.0,loss_bust,-1.0
256,3,Basic,257,1,0,False,False,10 4,10 4 7,9,9 Q,21,19,hit,1.0,win,1.0
257,3,Basic,258,1,0,False,False,3 5,3 5 6 5,J,J K,19,20,hit > hit > stand,1.0,loss,-1.0
258,3,Basic,259,1,0,False,False,K 9,K 9,2,2 3 Q 7,19,22,stand,1.0,win_dealer_bust,1.0
259,3,Basic,260,1,0,False,False,J Q,J Q,3,3 K 8,20,21,stand,1.0,loss,-1.0
260,3,Basic,261,1,0,False,False,Q K,Q K,K,K Q,20,20,stand,1.0,push,0.0
261,3,Basic,262,1,0,False,False,8 5,8 5 10,Q,Q 3,23,13,hit,1.0,loss_bust,-1.0
262,3,Basic,263,1,0,False,False,3 A,3 A 4,7,7 7 9,18,23,hit > stand,1.0,win_dealer_bust,1.0
263,3,Basic,264,1,0,False,False,J 4,J 4 Q,10,10 9,24,19,hit,1.0,loss_bust,-1.0
264,3,Basic,265,1,0,False,False,10 2,10 2 Q,K,K 6,22,16,hit,1.0,loss_bust,-1.0
265,3,Basic,266,1,0,False,False,6 9,6 9 4,10,10 Q,19,20,hit > stand,1.0,loss,-1.0
266,3,Basic,267,1,0,False,False,8 Q,8 Q,6,6 K 10,18,26,stand,1.0,win_dealer_bust,1.0
267,3,Basic,268,1,0,False,False,K 3,K 3 A J,Q,Q K,24,20,hit > hit,1.0,loss_bust,-1.0
268,3,Basic,269,1,0,False,False,2 K,2 K,4,4 6 Q,12,20,stand,1.0,loss,-1.0
269,3,Basic,270,1,0,False,False,3 7,3 7,J,J A,10,21,blackjack_check,1.0,dealer_blackjack,-1.0
270,3,Basic,271,1,0,False,False,10 8,10 8,7,7 K,18,17,stand,1.0,win,1.0
271,3,Basic,272,1,0,False,False,A Q,A Q,7,7 9,21,16,blackjack_check,1.0,player_blackjack,1.5
272,3,Basic,273,1,0,False,False,8 J,8 J,8,8 2 10,18,20,stand,1.0,loss,-1.0
273,3,Basic,274,1,0,False,False,A 10,A 10,9,9 5,21,14,blackjack_check,1.0,player_blackjack,1.5
274,3,Basic,275,1,0,False,False,6 A,6 A 6 6,A,A 3 8 8,19,20,hit > hit > stand,1.0,loss,-1.0
275,3,Basic,276,1,0,False,False,K 10,K 10,A,A A 3 Q 3,20,18,stand,1.0,win,1.0
276,3,Basic,277,1,0,False,False,J 10,J 10,2,2 5 J,20,17,stand,1.0,win,1.0
277,3,Basic,278,1,0,False,False,J 7,J 7,8,8 5 2 3,17,18,stand,1.0,loss,-1.0
278,3,Basic,279,1,0,False,False,2 J,2 J J,3,3 K,22,13,hit,1.0,loss_bust,-1.0
279,3,Basic,280,1,0,False,False,K 10,K 10,A,A 2 4,20,17,stand,1.0,win,1.0
280,3,Basic,281,1,0,False,False,7 K,7 K,2,2 8 4 J,17,24,stand,1.0,win_dealer_bust,1.0
281,3,Basic,282,1,0,False,False,K 8,K 8,4,4 A A K K,18,26,stand,1.0,win_dealer_bust,1.0
282,3,Basic,283,1,0,False,False,5 2,5 2 6 2 J,7,7 4,25,11,hit > hit > hit,1.0,loss_bust,-1.0
283,3,Basic,284,1,0,False,False,K 5,K 5 7,Q,Q 9,22,19,hit,1.0,loss_bust,-1.0
284,3,Basic,285,1,0,False,False,3 2,3 2 5 J,Q,Q 10,20,20,hit > hit > stand,1.0,push,0.0
285,3,Basic,286,1,0,False,False,2 J,2 J 4 9,9,9 8,25,17,hit > hit,1.0,loss_bust,-1.0
286,3,Basic,287,1,0,False,False,10 10,10 10,9,9 6 Q,20,25,stand,1.0,win_dealer_bust,1.0
287,3,Basic,288,1,0,False,False,5 9,5 9 4,9,9 10,18,19,hit > stand,1.0,loss,-1.0
288,3,Basic,289,1,0,False,False,5 J,5 J 3,9,9 2 6,18,17,hit > stand,1.0,win,1.0
289,3,Basic,290,1,0,False,False,J 8,J 8,7,7 9 3,18,19,stand,1.0,loss,-1.0
290,3,Basic,291,1,0,False,False,4 10,4 10,5,5 K 5,14,20,stand,1.0,loss,-1.0
291,3,Basic,292,1,0,False,False,K 3,K 3,5,5 Q 2,13,17,stand,1.0,loss,-1.0
292,3,Basic,293,1,0,False,False,4 A,4 A 4,3,3 3 J 5,19,21,hit > stand,1.0,loss,-1.0
293,3,Basic,294,1,0,False,False,10 6,10 6 K,7,7 2,26,9,hit,1.0,loss_bust,-1.0
294,3,Basic,295,1,0,False,False,3 A,3 A 3 A,8,8 4 2 6,18,20,hit > hit > stand,1.0,loss,-1.0
295,3,Basic,296,1,0,False,False,Q 7,Q 7,8,8 4 J,17,22,stand,1.0,win_dealer_bust,1.0
296,3,Basic,297,1,0,False,False,5 4,5 4 5,6,6 Q 6,14,22,double,2.0,win_dealer_bust,2.0
297,3,Basic,298,1,0,False,False,K 6,K 6,5,5 2 10,16,17,stand,1.0,loss,-1.0
298,3,Basic,299,1,0,False,False,2 4,2 4 J,3,3 A 9 3 Q,16,26,hit > stand,1.0,win_dealer_bust,1.0
299,3,Basic,300,1,0,False,False,5 4,5 4 K,Q,Q 8,19,18,hit > stand,1.0,win,1.0
300,3,Basic,301,1,0,False,False,6 4,6 4 6,9,9 Q,16,19,double,2.0,loss,-2.0
301,4,Simplified,302,1,0,False,False,6 J,6 J,10,10 Q,16,20,stand,1.0,loss,-1.0
302,4,Simplified,303,1,0,False,False,Q 7,Q 7,K,K 7,17,17,stand,1.0,push,0.0
303,4,Simplified,304,1,0,False,False,6 A,6 A 5,2,2 7 Q,12,19,hit > stand,1.0,loss,-1.0
304,4,Simplified,305,1,0,False,False,2 10,2 10,8,8 3 3 J,12,24,stand,1.0,win_dealer_bust,1.0
305,4,Simplified,306,1,0,False,False,5 2,5 2 Q,9,9 4 6,17,19,hit > stand,1.0,loss,-1.0
306,4,Simplified,307,1,0,False,False,K J,K J,A,A 8,20,19,stand,1.0,win,1.0
307,4,Simplified,308,1,0,False,False,5 2,5 2 9,6,6 7 4,16,17,hit > stand,1.0,loss,-1.0
308,4,Simplified,309,1,0,False,False,J 3,J 3,J,J 9,13,19,stand,1.0,loss,-1.0
309,4,Simplified,310,1,0,False,False,10 A,10 A,10,10 9,21,19,blackjack_check,1.0,player_blackjack,1.5
310,4,Simplified,311,1,0,False,False,K K,K K,K,K 5 6,20,21,stand,1.0,loss,-1.0
311,4,Simplified,312,1,0,False,False,9 2,9 2 2,8,8 8 K,13,26,hit > stand,1.0,win_dealer_bust,1.0
312,4,Simplified,313,1,0,False,False,Q 8,Q 8,8,8 J,18,18,stand,1.0,push,0.0
313,4,Simplified,314,1,0,False,False,6 8,6 8,A,A 9,14,20,stand,1.0,loss,-1.0
314,4,Simplified,315,1,0,False,False,Q 5,Q 5,3,3 A 3,15,17,stand,1.0,loss,-1.0
315,4,Simplified,316,1,0,False,False,9 K,9 K,Q,Q 3 4,19,17,stand,1.0,win,1.0
316,4,Simplified,317,1,0,False,False,A 6,A 6 4,5,5 A 4,21,20,hit,1.0,win,1.0
317,4,Simplified,318,1,0,False,False,7 9,7 9,J,J A,16,21,blackjack_check,1.0,dealer_blackjack,-1.0
318,4,Simplified,319,1,0,False,False,5 8,5 8,6,6 4 5 Q,13,25,stand,1.0,win_dealer_bust,1.0
319,4,Simplified,320,1,0,False,False,A A,A A 6,10,10 7,18,17,hit > stand,1.0,win,1.0
320,4,Simplified,321,1,0,False,False,6 6,6 6,7,7 Q,12,17,stand,1.0,loss,-1.0
321,4,Simplified,322,1,0,False,False,J 6,J 6,8,8 8 3,16,19,stand,1.0,loss,-1.0
322,4,Simplified,323,1,0,False,False,7 7,7 7,K,K 7,14,17,stand,1.0,loss,-1.0
323,4,Simplified,324,1,0,False,False,Q K,Q K,3,3 A Q 9,20,23,stand,1.0,win_dealer_bust,1.0
324,4,Simplified,325,1,0,False,False,A 2,A 2 A Q,7,7 8 4,14,19,hit > hit > stand,1.0,loss,-1.0
325,4,Simplified,326,1,0,False,False,9 Q,9 Q,3,3 Q 9,19,22,stand,1.0,win_dealer_bust,1.0
326,4,Simplified,327,1,0,False,False,8 Q,8 Q,Q,Q K,18,20,stand,1.0,loss,-1.0
327,4,Simplified,328,1,0,False,False,8 7,8 7,4,4 10 7,15,21,stand,1.0,loss,-1.0
328,4,Simplified,329,1,0,False,False,3 Q,3 Q,Q,Q 4 J,13,24,stand,1.0,win_dealer_bust,1.0
329,4,Simplified,330,1,0,False,False,7 4,7 4 10,4,4 A 7 8,21,20,hit,1.0,win,1.0
330,4,Simplified,331,1,0,False,False,9 K,9 K,3,3 A 6,19,20,stand,1.0,loss,-1.0
331,4,Simplified,332,1,0,False,False,6 2,6 2 9,5,5 K 3,17,18,hit > stand,1.0,loss,-1.0
332,4,Simplified,333,1,0,False,False,4 7,4 7 4,8,8 J,15,18,hit > stand,1.0,loss,-1.0
333,4,Simplified,334,1,0,False,False,6 2,6 2 6,Q,Q 9,14,19,hit > stand,1.0,loss,-1.0
334,4,Simplified,335,1,0,False,False,9 6,9 6,2,2 10 5,15,17,stand,1.0,loss,-1.0
335,4,Simplified,336,1,0,False,False,A A,A A 6,6,6 4 K,18,20,hit > stand,1.0,loss,-1.0
336,4,Simplified,337,1,0,False,False,J K,J K,5,5 9 5,20,19,stand,1.0,win,1.0
337,4,Simplified,338,1,0,False,False,6 A,6 A Q,4,4 Q 3,17,17,hit > stand,1.0,push,0.0
338,4,Simplified,339,1,0,False,False,9 3,9 3,2,2 2 K 5,12,19,stand,1.0,loss,-1.0
339,4,Simplified,340,1,0,False,False,3 9,3 9,6,6 K 9,12,25,stand,1.0,win_dealer_bust,1.0
340,4,Simplified,341,1,0,False,False,Q A,Q A,8,8 K,21,18,blackjack_check,1.0,player_blackjack,1.5
341,4,Simplified,342,1,0,False,False,A 7,A 7,3,3 3 Q 9,18,25,stand,1.0,win_dealer_bust,1.0
342,4,Simplified,343,1,0,False,False,7 5,7 5,6,6 2 A,12,19,stand,1.0,loss,-1.0
343,4,Simplified,344,1,0,False,False,6 J,6 J,3,3 7 2 2 4,16,18,stand,1.0,loss,-1.0
344,4,Simplified,345,1,0,False,False,2 K,2 K,10,10 9,12,19,stand,1.0,loss,-1.0
345,4,Simplified,346,1,0,False,False,A 10,A 10,K,K 10,21,20,blackjack_check,1.0,player_blackjack,1.5
346,4,Simplified,347,1,0,False,False,2 8,2 8 Q,3,3 K 5,20,18,hit > stand,1.0,win,1.0
347,4,Simplified,348,1,0,False,False,A J,A J,6,6 4,21,10,blackjack_check,1.0,player_blackjack,1.5
348,4,Simplified,349,1,0,False,False,9 4,9 4,2,2 Q 9,13,21,stand,1.0,loss,-1.0
349,4,Simplified,350,1,0,False,False,3 K,3 K,4,4 4 Q,13,18,stand,1.0,loss,-1.0
350,4,Simplified,351,1,0,False,False,4 A,4 A 7,5,5 J 7,12,22,hit > stand,1.0,win_dealer_bust,1.0
351,4,Simplified,352,1,0,False,False,3 A,3 A J,Q,Q J,14,20,hit > stand,1.0,loss,-1.0
352,4,Simplified,353,1,0,False,False,6 Q,6 Q,3,3 4 2 10,16,19,stand,1.0,loss,-1.0
353,4,Simplified,354,1,0,False,False,5 9,5 9,10,10 6 10,14,26,stand,1.0,win_dealer_bust,1.0
354,4,Simplified,355,1,0,False,False,K 3,K 3,7,7 Q,13,17,stand,1.0,loss,-1.0
355,4,Simplified,356,1,0,False,False,K 3,K 3,9,9 9,13,18,stand,1.0,loss,-1.0
356,4,Simplified,357,1,0,False,False,K 4,K 4,5,5 6 K,14,21,stand,1.0,loss,-1.0
357,4,Simplified,358,1,0,False,False,5 7,5 7,J,J 9,12,19,stand,1.0,loss,-1.0
358,4,Simplified,359,1,0,False,False,4 4,4 4 5,9,9 K,13,19,hit > stand,1.0,loss,-1.0
359,4,Simplified,360,1,0,False,False,Q 4,Q 4,10,10 K,14,20,stand,1.0,loss,-1.0
360,4,Simplified,361,1,0,False,False,10 6,10 6,2,2 10 A 7,16,20,stand,1.0,loss,-1.0
361,4,Simplified,362,1,0,False,False,A J,A J,3,3 A,21,14,blackjack_check,1.0,player_blackjack,1.5
362,4,Simplified,363,1,0,False,False,A 8,A 8,9,9 J,19,19,stand,1.0,push,0.0
363,4,Simplified,364,1,0,False,False,K J,K J,J,J 7,20,17,stand,1.0,win,1.0
364,4,Simplified,365,1,0,False,False,3 5,3 5 2 7,A,A 9,17,20,hit > hit > stand,1.0,loss,-1.0
365,4,Simplified,366,1,0,False,False,Q K,Q K,K,K K,20,20,stand,1.0,push,0.0
366,4,Simplified,367,1,0,False,False,7 5,7 5,A,A Q,12,21,blackjack_check,1.0,dealer_blackjack,-1.0
367,4,Simplified,368,1,0,False,False,J J,J J,4,4 7 6,20,17,stand,1.0,win,1.0
368,4,Simplified,369,1,0,False,False,3 10,3 10,Q,Q 10,13,20,stand,1.0,loss,-1.0
369,4,Simplified,370,1,0,False,False,9 3,9 3,3,3 8 7,12,18,stand,1.0,loss,-1.0
370,4,Simplified,371,1,0,False,False,3 10,3 10,7,7 Q,13,17,stand,1.0,loss,-1.0
371,4,Simplified,372,1,0,False,False,3 A,3 A 5,10,10 8,19,18,hit > stand,1.0,win,1.0
372,4,Simplified,373,1,0,False,False,A J,A J,Q,Q 3,21,13,blackjack_check,1.0,player_blackjack,1.5
373,4,Simplified,374,1,0,False,False,Q 5,Q 5,3,3 K 4,15,17,stand,1.0,loss,-1.0
374,4,Simplified,375,1,0,False,False,6 Q,6 Q,8,8 K,16,18,stand,1.0,loss,-1.0
375,4,Simplified,376,1,0,False,False,9 A,9 A,Q,Q 4 J,20,24,stand,1.0,win_dealer_bust,1.0
376,4,Simplified,377,1,0,False,False,7 9,7 9,Q,Q 2 6,16,18,stand,1.0,loss,-1.0
377,4,Simplified,378,1,0,False,False,6 10,6 10,K,K 6 J,16,26,stand,1.0,win_dealer_bust,1.0
378,4,Simplified,379,1,0,False,False,2 3,2 3 Q,2,2 4 3 K,15,19,hit > stand,1.0,loss,-1.0
379,4,Simplified,380,1,0,False,False,9 2,9 2 3,6,6 10 3,14,19,hit > stand,1.0,loss,-1.0
380,4,Simplified,381,1,0,False,False,10 A,10 A,Q,Q K,21,20,blackjack_check,1.0,player_blackjack,1.5
381,4,Simplified,382,1,0,False,False,K 2,K 2,10,10 5 Q,12,25,stand,1.0,win_dealer_bust,1.0
382,4,Simplified,383,1,0,False,False,2 10,2 10,4,4 K 6,12,20,stand,1.0,loss,-1.0
383,4,Simplified,384,1,0,False,False,7 K,7 K,4,4 2 10 J,17,26,stand,1.0,win_dealer_bust,1.0
384,4,Simplified,385,1,0,False,False,3 8,3 8 3,J,J 2 3 A 6,14,22,hit > stand,1.0,win_dealer_bust,1.0
385,4,Simplified,386,1,0,False,False,2 3,2 3 10,2,2 2 10 8,15,22,hit > stand,1.0,win_dealer_bust,1.0
386,4,Simplified,387,1,0,False,False,K 8,K 8,2,2 4 6 J,18,22,stand,1.0,win_dealer_bust,1.0
387,4,Simplified,388,1,0,False,False,5 5,5 5 9,2,2 9 7,19,18,hit > stand,1.0,win,1.0
388,4,Simplified,389,1,0,False,False,10 4,10 4,3,3 K 7,14,20,stand,1.0,loss,-1.0
389,4,Simplified,390,1,0,False,False,Q Q,Q Q,10,10 7,20,17,stand,1.0,win,1.0
390,4,Simplified,391,1,0,False,False,8 K,8 K,3,3 9 J,18,22,stand,1.0,win_dealer_bust,1.0
391,4,Simplified,392,1,0,False,False,A J,A J,4,4 2,21,6,blackjack_check,1.0,player_blackjack,1.5
392,4,Simplified,393,1,0,False,False,K 7,K 7,K,K 8,17,18,stand,1.0,loss,-1.0
393,4,Simplified,394,1,0,False,False,10 5,10 5,6,6 8 5,15,19,stand,1.0,loss,-1.0
394,4,Simplified,395,1,0,False,False,4 7,4 7 9,5,5 A 2,20,18,hit > stand,1.0,win,1.0
395,4,Simplified,396,1,0,False,False,A J,A J,6,6 9,21,15,blackjack_check,1.0,player_blackjack,1.5
396,4,Simplified,397,1,0,False,False,J 3,J 3,8,8 Q,13,18,stand,1.0,loss,-1.0
397,4,Simplified,398,1,0,False,False,9 K,9 K,4,4 J 8,19,22,stand,1.0,win_dealer_bust,1.0
398,4,Simplified,399,1,0,False,False,2 8,2 8 3,5,5 9 K,13,24,hit > stand,1.0,win_dealer_bust,1.0
399,4,Simplified,400,1,0,False,False,4 4,4 4 8,5,5 7 7,16,19,hit > stand,1.0,loss,-1.0
400,4,Simplified,401,1,0,False,False,10 6,10 6,A,A Q,16,21,blackjack_check,1.0,dealer_blackjack,-1.0
401,5,Basic,402,1,0,False,False,9 Q,9 Q,K,K 3 2 A A,19,17,stand,1.0,win,1.0
402,5,Basic,403,1,0,False,False,9 J,9 J,J,J Q,19,20,stand,1.0,loss,-1.0
403,5,Basic,404,1,0,False,False,10 4,10 4 K,A,A 8,24,19,hit,1.0,loss_bust,-1.0
404,5,Basic,405,1,0,False,False,7 10,7 10,A,A J,17,21,blackjack_check,1.0,dealer_blackjack,-1.0
405,5,Basic,406,1,1,True,False,6 K,6 K,5,5 4 9,16,18,stand,1.0,loss,-1.0
405,5,Basic,406,2,1,True,False,6 A,6 A Q,5,5 4 9,17,18,double,2.0,loss,-2.0
406,5,Basic,407,1,0,False,False,7 6,7 6 2 10,9,9 9,25,18,hit > hit,1.0,loss_bust,-1.0
407,5,Basic,408,1,0,False,False,6 Q,6 Q Q,A,A 6,26,17,hit,1.0,loss_bust,-1.0
408,5,Basic,409,1,0,False,False,6 10,6 10 A,J,J 4 10,17,24,hit > stand,1.0,win_dealer_bust,1.0
409,5,Basic,410,1,0,False,False,J 2,J 2 Q,10,10 8,22,18,hit,1.0,loss_bust,-1.0
410,5,Basic,411,1,0,False,False,K 8,K 8,6,6 6 6,18,18,stand,1.0,push,0.0
411,5,Basic,412,1,0,False,False,4 3,4 3 6,5,5 10 K,13,25,hit > stand,1.0,win_dealer_bust,1.0
412,5,Basic,413,1,0,False,False,2 6,2 6 8,4,4 3 5 J,16,22,hit > stand,1.0,win_dealer_bust,1.0
413,5,Basic,414,1,0,False,False,4 K,4 K 4,10,10 7,18,17,hit > stand,1.0,win,1.0
414,5,Basic,415,1,0,False,False,4 Q,4 Q K,10,10 8,24,18,hit,1.0,loss_bust,-1.0
415,5,Basic,416,1,0,False,False,3 K,3 K 2 K,K,K K,25,20,hit > hit,1.0,loss_bust,-1.0
416,5,Basic,417,1,0,False,False,J 10,J 10,9,9 3 2 J,20,24,stand,1.0,win_dealer_bust,1.0
417,5,Basic,418,1,0,False,False,3 9,3 9 6,3,3 7 2 4 10,18,26,hit > stand,1.0,win_dealer_bust,1.0
418,5,Basic,419,1,0,False,False,7 Q,7 Q,9,9 2 K,17,21,stand,1.0,loss,-1.0
419,5,Basic,420,1,0,False,False,Q K,Q K,8,8 8 6,20,22,stand,1.0,win_dealer_bust,1.0
420,5,Basic,421,1,0,False,False,9 4,9 4,10,10 A,13,21,blackjack_check,1.0,dealer_blackjack,-1.0
421,5,Basic,422,1,0,False,False,5 K,5 K 9,10,10 Q,24,20,hit,1.0,loss_bust,-1.0
422,5,Basic,423,1,0,False,False,6 9,6 9 10,9,9 7,25,16,hit,1.0,loss_bust,-1.0
423,5,Basic,424,1,0,False,False,3 J,3 J 5,7,7 2 2 K,18,21,hit > stand,1.0,loss,-1.0
424,5,Basic,425,1,0,False,False,Q 2,Q 2,6,6 Q A,12,17,stand,1.0,loss,-1.0
425,5,Basic,426,1,0,False,False,Q 8,Q 8,6,6 3 5 10,18,24,stand,1.0,win_dealer_bust,1.0
426,5,Basic,427,1,0,False,False,9 3,9 3 5,9,9 9,17,18,hit > stand,1.0,loss,-1.0
427,5,Basic,428,1,0,False,False,3 A,3 A 9,2,2 J J,13,22,hit > stand,1.0,win_dealer_bust,1.0
428,5,Basic,429,1,0,False,False,10 5,10 5 2,9,9 5 5,17,19,hit > stand,1.0,loss,-1.0
429,5,Basic,430,1,0,False,False,8 7,8 7,4,4 7 6,15,17,stand,1.0,loss,-1.0
430,5,Basic,431,1,0,False,False,10 9,10 9,2,2 3 4 7 8,19,24,stand,1.0,win_dealer_bust,1.0
431,5,Basic,432,1,0,False,False,A 10,A 10,8,8 8,21,16,blackjack_check,1.0,player_blackjack,1.5
432,5,Basic,433,1,0,False,False,10 J,10 J,6,6 J 2,20,18,stand,1.0,win,1.0
433,5,Basic,434,1,0,False,False,2 Q,2 Q 5,A,A 3 6,17,20,hit > stand,1.0,loss,-1.0
434,5,Basic,435,1,0,False,False,9 A,9 A,2,2 9 J,20,21,stand,1.0,loss,-1.0
435,5,Basic,436,1,0,False,False,2 7,2 7 2,3,3 4 3 3 3 6,11,22,double,2.0,win_dealer_bust,2.0
436,5,Basic,437,1,0,False,False,4 8,4 8 Q,K,K 5,22,15,hit,1.0,loss_bust,-1.0
437,5,Basic,438,1,0,False,False,J 7,J 7,3,3 K 5,17,18,stand,1.0,loss,-1.0
438,5,Basic,439,1,0,False,False,5 K,5 K 10,7,7 3,25,10,hit,1.0,loss_bust,-1.0
439,5,Basic,440,1,0,False,False,6 8,6 8,10,10 A,14,21,blackjack_check,1.0,dealer_blackjack,-1.0
440,5,Basic,441,1,0,False,False,3 J,3 J K,7,7 J,23,17,hit,1.0,loss_bust,-1.0
441,5,Basic,442,1,0,False,False,A 8,A 8,4,4 9 A 4,19,18,stand,1.0,win,1.0
442,5,Basic,443,1,1,True,False,7 A,7 A,2,2 2 2 A,18,17,stand,1.0,win,1.0
442,5,Basic,443,2,1,True,False,7 4,7 4 10,2,2 2 2 A,21,17,double,2.0,win,2.0
443,5,Basic,444,1,0,False,False,4 9,4 9 2 J,Q,Q 3,25,13,hit > hit,1.0,loss_bust,-1.0
444,5,Basic,445,1,0,False,False,3 A,3 A 6,2,2 9 6,20,17,hit > stand,1.0,win,1.0
445,5,Basic,446,1,0,False,False,7 3,7 3 7,6,6 10 K,17,26,double,2.0,win_dealer_bust,2.0
446,5,Basic,447,1,0,False,False,10 5,10 5 2,K,K 8,17,18,hit > stand,1.0,loss,-1.0
447,5,Basic,448,1,0,False,False,10 9,10 9,8,8 7 K,19,25,stand,1.0,win_dealer_bust,1.0
448,5,Basic,449,1,0,False,False,4 K,4 K 9,K,K 2,23,12,hit,1.0,loss_bust,-1.0
449,5,Basic,450,1,0,False,False,9 6,9 6 5,8,8 7 8,20,23,hit > stand,1.0,win_dealer_bust,1.0
450,5,Basic,451,1,0,False,False,Q 5,Q 5 3,7,7 5 10,18,22,hit > stand,1.0,win_dealer_bust,1.0
451,5,Basic,452,1,0,False,False,Q 5,Q 5,2,2 4 3 A,15,20,stand,1.0,loss,-1.0
452,5,Basic,453,1,0,False,False,A 8,A 8,K,K 4 6,19,20,stand,1.0,loss,-1.0
453,5,Basic,454,1,0,False,False,10 Q,10 Q,9,9 9,20,18,stand,1.0,win,1.0
454,5,Basic,455,1,0,False,False,8 K,8 K,6,6 7 J,18,23,stand,1.0,win_dealer_bust,1.0
455,5,Basic,456,1,0,False,False,5 8,5 8,4,4 7 7,13,18,stand,1.0,loss,-1.0
456,5,Basic,457,1,0,False,False,K J,K J,2,2 8 6 Q,20,26,stand,1.0,win_dealer_bust,1.0
457,5,Basic,458,1,0,False,False,10 2,10 2,6,6 4 A,12,21,stand,1.0,loss,-1.0
458,5,Basic,459,1,0,False,False,A 3,A 3 Q 9,7,7 2,23,9,hit > hit,1.0,loss_bust,-1.0
459,5,Basic,460,1,0,False,False,5 2,5 2 5 6,10,10 7,18,17,hit > hit > stand,1.0,win,1.0
460,5,Basic,461,1,0,False,False,4 7,4 7 A,J,J J,12,20,double,2.0,loss,-2.0
461,5,Basic,462,1,0,False,False,A 7,A 7,7,7 J,18,17,stand,1.0,win,1.0
462,5,Basic,463,1,0,False,False,10 7,10 7,9,9 5 3,17,17,stand,1.0,push,0.0
463,5,Basic,464,1,0,False,False,8 10,8 10,J,J Q,18,20,stand,1.0,loss,-1.0
464,5,Basic,465,1,0,False,False,Q 10,Q 10,8,8 A,20,19,stand,1.0,win,1.0
465,5,Basic,466,1,0,False,False,J 8,J 8,9,9 J,18,19,stand,1.0,loss,-1.0
466,5,Basic,467,1,0,False,False,J 4,J 4 6,9,9 10,20,19,hit > stand,1.0,win,1.0
467,5,Basic,468,1,0,False,False,3 2,3 2 2 K,5,5 4 K,17,19,hit > hit > stand,1.0,loss,-1.0
468,5,Basic,469,1,0,False,False,5 K,5 K,4,4 5 A,15,20,stand,1.0,loss,-1.0
469,5,Basic,470,1,0,False,False,6 K,6 K 6,A,A A,22,12,hit,1.0,loss_bust,-1.0
470,5,Basic,471,1,0,False,False,10 4,10 4,4,4 10 K,14,24,stand,1.0,win_dealer_bust,1.0
471,5,Basic,472,1,0,False,False,10 J,10 J,7,7 4 8,20,19,stand,1.0,win,1.0
472,5,Basic,473,1,0,False,False,K J,K J,7,7 Q,20,17,stand,1.0,win,1.0
473,5,Basic,474,1,0,False,False,2 7,2 7 8,8,8 3 8,17,19,hit > stand,1.0,loss,-1.0
474,5,Basic,475,1,0,False,False,2 9,2 9 5 7,A,A 3,23,14,hit > hit,1.0,loss_bust,-1.0
475,5,Basic,476,1,0,False,False,9 6,9 6,2,2 J 6,15,18,stand,1.0,loss,-1.0
476,5,Basic,477,1,0,False,False,5 8,5 8 4,7,7 5 7,17,19,hit > stand,1.0,loss,-1.0
477,5,Basic,478,1,0,False,False,J 10,J 10,5,5 4 2 8,20,19,stand,1.0,win,1.0
478,5,Basic,479,1,0,False,False,3 8,3 8 7,2,2 8 J,18,20,double,2.0,loss,-2.0
479,5,Basic,480,1,0,False,False,Q 7,Q 7,9,9 10,17,19,stand,1.0,loss,-1.0
480,5,Basic,481,1,0,False,False,J 5,J 5 5,K,K 7,20,17,hit > stand,1.0,win,1.0
481,5,Basic,482,1,0,False,False,9 10,9 10,J,J 6 Q,19,26,stand,1.0,win_dealer_bust,1.0
482,5,Basic,483,1,0,False,False,7 J,7 J,Q,Q 7,17,17,stand,1.0,push,0.0
483,5,Basic,484,1,0,False,False,Q 4,Q 4 K,9,9 2,24,11,hit,1.0,loss_bust,-1.0
484,5,Basic,485,1,0,False,False,2 5,2 5 10,8,8 2 7,17,17,hit > stand,1.0,push,0.0
485,5,Basic,486,1,0,False,False,6 2,6 2 6,4,4 10 4,14,18,hit > stand,1.0,loss,-1.0
486,5,Basic,487,1,0,False,False,6 Q,6 Q,4,4 3 4 Q,16,21,stand,1.0,loss,-1.0
487,5,Basic,488,1,0,False,False,6 6,6 6 Q,7,7 7,22,14,hit,1.0,loss_bust,-1.0
488,5,Basic,489,1,0,False,False,8 3,8 3 5 8,A,A 3,24,14,hit > hit,1.0,loss_bust,-1.0
489,5,Basic,490,1,0,False,False,3 6,3 6 5,2,2 3 K A 4,14,20,hit > stand,1.0,loss,-1.0
490,5,Basic,491,1,0,False,False,8 7,8 7,4,4 A 5,15,20,stand,1.0,loss,-1.0
491,5,Basic,492,1,0,False,False,8 Q,8 Q,9,9 4 A 5,18,19,stand,1.0,loss,-1.0
492,5,Basic,493,1,0,False,False,9 3,9 3 K,2,2 J,22,12,hit,1.0,loss_bust,-1.0
493,5,Basic,494,1,0,False,False,10 6,10 6,10,10 A,16,21,blackjack_check,1.0,dealer_blackjack,-1.0
494,5,Basic,495,1,1,True,False,6 9,6 9,6,6 Q 4,15,20,stand,1.0,loss,-1.0
494,5,Basic,495,2,1,True,False,6 A,6 A A,6,6 Q 4,18,20,double,2.0,loss,-2.0
495,5,Basic,496,1,0,False,False,Q Q,Q Q,9,9 6 5,20,20,stand,1.0,push,0.0
496,5,Basic,497,1,0,False,False,6 7,6 7 K,J,J 7,23,17,hit,1.0,loss_bust,-1.0
497,5,Basic,498,1,0,False,False,2 7,2 7 J,Q,Q Q,19,20,hit > stand,1.0,loss,-1.0
498,5,Basic,499,1,0,False,False,8 J,8 J,A,A 4 8 A 4,18,18,stand,1.0,push,0.0
499,5,Basic,500,1,0,False,False,2 A,2 A 5,7,7 9 7,18,23,hit > stand,1.0,win_dealer_bust,1.0
500,5,Basic,501,1,0,False,False,10 6,10 6,4,4 2 3 5 7,16,21,stand,1.0,loss,-1.0
501,6,Simplified,502,1,0,False,False,J K,J K,K,K 10,20,20,stand,1.0,push,0.0
502,6,Simplified,503,1,0,False,False,5 2,5 2 5,8,8 9,12,17,hit > stand,1.0,loss,-1.0
503,6,Simplified,504,1,0,False,False,4 3,4 3 Q,6,6 2 8 8,17,24,hit > stand,1.0,win_dealer_bust,1.0
504,6,Simplified,505,1,0,False,False,5 3,5 3 2 A,5,5 Q K,21,25,hit > hit,1.0,win_dealer_bust,1.0
505,6,Simplified,506,1,0,False,False,6 A,6 A 4,6,6 9 9,21,24,hit,1.0,win_dealer_bust,1.0
506,6,Simplified,507,1,0,False,False,6 J,6 J,K,K 8,16,18,stand,1.0,loss,-1.0
507,6,Simplified,508,1,0,False,False,9 10,9 10,9,9 6 4,19,19,stand,1.0,push,0.0
508,6,Simplified,509,1,0,False,False,5 8,5 8,K,K 7,13,17,stand,1.0,loss,-1.0
509,6,Simplified,510,1,0,False,False,9 K,9 K,5,5 6 5 6,19,22,stand,1.0,win_dealer_bust,1.0
510,6,Simplified,511,1,0,False,False,6 J,6 J,5,5 5 K,16,20,stand,1.0,loss,-1.0
511,6,Simplified,512,1,0,False,False,5 2,5 2 10,5,5 3 6 7,17,21,hit > stand,1.0,loss,-1.0
512,6,Simplified,513,1,0,False,False,6 J,6 J,5,5 8 9,16,22,stand,1.0,win_dealer_bust,1.0
513,6,Simplified,514,1,0,False,False,9 K,9 K,K,K K,19,20,stand,1.0,loss,-1.0
514,6,Simplified,515,1,0,False,False,4 9,4 9,J,J 5 2,13,17,stand,1.0,loss,-1.0
515,6,Simplified,516,1,0,False,False,2 7,2 7 10,J,J 4 9,19,23,hit > stand,1.0,win_dealer_bust,1.0
516,6,Simplified,517,1,0,False,False,7 K,7 K,7,7 5 J,17,22,stand,1.0,win_dealer_bust,1.0
517,6,Simplified,518,1,0,False,False,8 5,8 5,4,4 Q K,13,24,stand,1.0,win_dealer_bust,1.0
518,6,Simplified,519,1,0,False,False,8 6,8 6,9,9 9,14,18,stand,1.0,loss,-1.0
519,6,Simplified,520,1,0,False,False,8 J,8 J,8,8 5 9,18,22,stand,1.0,win_dealer_bust,1.0
520,6,Simplified,521,1,0,False,False,5 7,5 7,A,A 9,12,20,stand,1.0,loss,-1.0
521,6,Simplified,522,1,0,False,False,5 Q,5 Q,9,9 9,15,18,stand,1.0,loss,-1.0
522,6,Simplified,523,1,0,False,False,5 4,5 4 A,Q,Q 4 3,20,17,hit > stand,1.0,win,1.0
523,6,Simplified,524,1,0,False,False,5 A,5 A 3,6,6 3 7 2,19,18,hit > stand,1.0,win,1.0
524,6,Simplified,525,1,0,False,False,4 5,4 5 4,A,A 9,13,20,hit > stand,1.0,loss,-1.0
525,6,Simplified,526,1,0,False,False,9 7,9 7,3,3 Q 10,16,23,stand,1.0,win_dealer_bust,1.0
526,6,Simplified,527,1,0,False,False,6 9,6 9,Q,Q 4 4,15,18,stand,1.0,loss,-1.0
527,6,Simplified,528,1,0,False,False,9 K,9 K,9,9 9,19,18,stand,1.0,win,1.0
528,6,Simplified,529,1,0,False,False,5 5,5 5 6,K,K 6 9,16,25,hit > stand,1.0,win_dealer_bust,1.0
529,6,Simplified,530,1,0,False,False,2 K,2 K,5,5 2 J,12,17,stand,1.0,loss,-1.0
530,6,Simplified,531,1,0,False,False,6 Q,6 Q,8,8 K,16,18,stand,1.0,loss,-1.0
531,6,Simplified,532,1,0,False,False,6 2,6 2 4,K,K 6 9,12,25,hit > stand,1.0,win_dealer_bust,1.0
532,6,Simplified,533,1,0,False,False,6 7,6 7,8,8 10,13,18,stand,1.0,loss,-1.0
533,6,Simplified,534,1,0,False,False,K 7,K 7,6,6 10 2,17,18,stand,1.0,loss,-1.0
534,6,Simplified,535,1,0,False,False,3 A,3 A J,6,6 10 A,14,17,hit > stand,1.0,loss,-1.0
535,6,Simplified,536,1,0,False,False,2 K,2 K,10,10 9,12,19,stand,1.0,loss,-1.0
536,6,Simplified,537,1,0,False,False,2 2,2 2 K,4,4 5 9,14,18,hit > stand,1.0,loss,-1.0
537,6,Simplified,538,1,0,False,False,Q Q,Q Q,3,3 A 4,20,18,stand,1.0,win,1.0
538,6,Simplified,539,1,0,False,False,9 K,9 K,6,6 3 6 5,19,20,stand,1.0,loss,-1.0
539,6,Simplified,540,1,0,False,False,J 8,J 8,3,3 10 8,18,21,stand,1.0,loss,-1.0
540,6,Simplified,541,1,0,False,False,3 K,3 K,6,6 5 9,13,20,stand,1.0,loss,-1.0
541,6,Simplified,542,1,0,False,False,8 9,8 9,A,A 2 6,17,19,stand,1.0,loss,-1.0
542,6,Simplified,543,1,0,False,False,K 2,K 2,9,9 J,12,19,stand,1.0,loss,-1.0
543,6,Simplified,544,1,0,False,False,9 10,9 10,K,K 10,19,20,stand,1.0,loss,-1.0
544,6,Simplified,545,1,0,False,False,5 5,5 5 5,2,2 Q K,15,22,hit > stand,1.0,win_dealer_bust,1.0
545,6,Simplified,546,1,0,False,False,2 9,2 9 A,7,7 10,12,17,hit > stand,1.0,loss,-1.0
546,6,Simplified,547,1,0,False,False,10 4,10 4,5,5 K 5,14,20,stand,1.0,loss,-1.0
547,6,Simplified,548,1,0,False,False,J A,J A,4,4 J,21,14,blackjack_check,1.0,player_blackjack,1.5
548,6,Simplified,549,1,0,False,False,A Q,A Q,6,6 3,21,9,blackjack_check,1.0,player_blackjack,1.5
549,6,Simplified,550,1,0,False,False,J J,J J,3,3 3 9 A 6,20,22,stand,1.0,win_dealer_bust,1.0
550,6,Simplified,551,1,0,False,False,8 2,8 2 A,4,4 Q A K,21,25,hit,1.0,win_dealer_bust,1.0
551,6,Simplified,552,1,0,False,False,K 6,K 6,J,J 9,16,19,stand,1.0,loss,-1.0
552,6,Simplified,553,1,0,False,False,Q J,Q J,7,7 A,20,18,stand,1.0,win,1.0
553,6,Simplified,554,1,0,False,False,4 9,4 9,7,7 9 4,13,20,stand,1.0,loss,-1.0
554,6,Simplified,555,1,0,False,False,7 5,7 5,K,K 3 9,12,22,stand,1.0,win_dealer_bust,1.0
555,6,Simplified,556,1,0,False,False,7 8,7 8,6,6 3 5 J,15,24,stand,1.0,win_dealer_bust,1.0
556,6,Simplified,557,1,0,False,False,J 9,J 9,10,10 2 7,19,19,stand,1.0,push,0.0
557,6,Simplified,558,1,0,False,False,7 5,7 5,10,10 Q,12,20,stand,1.0,loss,-1.0
558,6,Simplified,559,1,0,False,False,6 10,6 10,7,7 3 2 4 A,16,17,stand,1.0,loss,-1.0
559,6,Simplified,560,1,0,False,False,9 3,9 3,5,5 K 2,12,17,stand,1.0,loss,-1.0
560,6,Simplified,561,1,0,False,False,J Q,J Q,2,2 7 5 A 9,20,24,stand,1.0,win_dealer_bust,1.0
561,6,Simplified,562,1,0,False,False,10 2,10 2,4,4 A 6,12,21,stand,1.0,loss,-1.0
562,6,Simplified,563,1,0,False,False,5 6,5 6 2,Q,Q 6 4,13,20,hit > stand,1.0,loss,-1.0
563,6,Simplified,564,1,0,False,False,3 8,3 8 K,Q,Q 10,21,20,hit,1.0,win,1.0
564,6,Simplified,565,1,0,False,False,A 5,A 5 10,J,J K,16,20,hit > stand,1.0,loss,-1.0
565,6,Simplified,566,1,0,False,False,Q 3,Q 3,A,A 5 K K,13,26,stand,1.0,win_dealer_bust,1.0
566,6,Simplified,567,1,0,False,False,4 9,4 9,10,10 3 9,13,22,stand,1.0,win_dealer_bust,1.0
567,6,Simplified,568,1,0,False,False,J A,J A,10,10 A,21,21,blackjack_check,1.0,push_blackjack,0.0
568,6,Simplified,569,1,0,False,False,10 J,10 J,K,K K,20,20,stand,1.0,push,0.0
569,6,Simplified,570,1,0,False,False,9 A,9 A,A,A 7,20,18,stand,1.0,win,1.0
570,6,Simplified,571,1,0,False,False,A 5,A 5,10,10 A,16,21,blackjack_check,1.0,dealer_blackjack,-1.0
571,6,Simplified,572,1,0,False,False,8 A,8 A,5,5 8 J,19,23,stand,1.0,win_dealer_bust,1.0
572,6,Simplified,573,1,0,False,False,9 7,9 7,J,J J,16,20,stand,1.0,loss,-1.0
573,6,Simplified,574,1,0,False,False,2 7,2 7 J,K,K 9,19,19,hit > stand,1.0,push,0.0
574,6,Simplified,575,1,0,False,False,4 4,4 4 9,2,2 J 7,17,19,hit > stand,1.0,loss,-1.0
575,6,Simplified,576,1,0,False,False,2 6,2 6 4,7,7 3 Q,12,20,hit > stand,1.0,loss,-1.0
576,6,Simplified,577,1,0,False,False,Q A,Q A,2,2 8,21,10,blackjack_check,1.0,player_blackjack,1.5
577,6,Simplified,578,1,0,False,False,7 K,7 K,8,8 J,17,18,stand,1.0,loss,-1.0
578,6,Simplified,579,1,0,False,False,10 2,10 2,7,7 J,12,17,stand,1.0,loss,-1.0
579,6,Simplified,580,1,0,False,False,2 3,2 3 4 J,3,3 A Q 4,19,18,hit > hit > stand,1.0,win,1.0
580,6,Simplified,581,1,0,False,False,8 J,8 J,9,9 4 3 10,18,26,stand,1.0,win_dealer_bust,1.0
581,6,Simplified,582,1,0,False,False,A A,A A K,5,5 3 K,12,18,hit > stand,1.0,loss,-1.0
582,6,Simplified,583,1,0,False,False,8 5,8 5,6,6 2 4 Q,13,22,stand,1.0,win_dealer_bust,1.0
583,6,Simplified,584,1,0,False,False,3 6,3 6 8,2,2 K 6,17,18,hit > stand,1.0,loss,-1.0
584,6,Simplified,585,1,0,False,False,6 K,6 K,6,6 Q 4,16,20,stand,1.0,loss,-1.0
585,6,Simplified,586,1,0,False,False,10 7,10 7,A,A 4 10 3,17,18,stand,1.0,loss,-1.0
586,6,Simplified,587,1,0,False,False,Q 7,Q 7,9,9 K,17,19,stand,1.0,loss,-1.0
587,6,Simplified,588,1,0,False,False,8 8,8 8,A,A 9,16,20,stand,1.0,loss,-1.0
588,6,Simplified,589,1,0,False,False,8 3,8 3 K,10,10 10,21,20,hit,1.0,win,1.0
589,6,Simplified,590,1,0,False,False,5 J,5 J,9,9 Q,15,19,stand,1.0,loss,-1.0
590,6,Simplified,591,1,0,False,False,J J,J J,2,2 6 6 A 2,20,17,stand,1.0,win,1.0
591,6,Simplified,592,1,0,False,False,9 K,9 K,J,J 5 J,19,25,stand,1.0,win_dealer_bust,1.0
592,6,Simplified,593,1,0,False,False,9 J,9 J,7,7 K,19,17,stand,1.0,win,1.0
593,6,Simplified,594,1,0,False,False,10 3,10 3,9,9 K,13,19,stand,1.0,loss,-1.0
594,6,Simplified,595,1,0,False,False,4 5,4 5 K,9,9 A,19,20,hit > stand,1.0,loss,-1.0
595,6,Simplified,596,1,0,False,False,2 5,2 5 6,9,9 3 2 9,13,23,hit > stand,1.0,win_dealer_bust,1.0
596,6,Simplified,597,1,0,False,False,9 K,9 K,2,2 3 10 4,19,19,stand,1.0,push,0.0
597,6,Simplified,598,1,0,False,False,J 7,J 7,8,8 A,17,19,stand,1.0,loss,-1.0
598,6,Simplified,599,1,0,False,False,6 7,6 7,8,8 K,13,18,stand,1.0,loss,-1.0
599,6,Simplified,600,1,0,False,False,3 8,3 8 5,K,K 10,16,20,hit > stand,1.0,loss,-1.0
600,6,Simplified,601,1,0,False,False,A 8,A 8,10,10 8,19,18,stand,1.0,win,1.0
601,7,Basic,602,1,1,True,False,8 A,8 A,J,J 2 A 2 K,19,25,stand,1.0,win_dealer_bust,1.0
601,7,Basic,602,2,1,True,False,8 3,8 3 8,J,J 2 A 2 K,19,25,double,2.0,win_dealer_bust,2.0
602,7,Basic,603,1,0,False,False,5 10,5 10,4,4 A 5,15,20,stand,1.0,loss,-1.0
603,7,Basic,604,1,0,False,False,10 7,10 7,3,3 Q A K,17,24,stand,1.0,win_dealer_bust,1.0
604,7,Basic,605,1,0,False,False,Q K,Q K,A,A 10,20,21,blackjack_check,1.0,dealer_blackjack,-1.0
605,7,Basic,606,1,0,False,False,5 4,5 4 6,5,5 J Q,15,25,double,2.0,win_dealer_bust,2.0
606,7,Basic,607,1,0,False,False,K K,K K,9,9 8,20,17,stand,1.0,win,1.0
607,7,Basic,608,1,0,False,False,8 7,8 7,4,4 9 7,15,20,stand,1.0,loss,-1.0
608,7,Basic,609,1,0,False,False,10 3,10 3,3,3 7 8,13,18,stand,1.0,loss,-1.0
609,7,Basic,610,1,0,False,False,8 A,8 A,4,4 K 9,19,23,stand,1.0,win_dealer_bust,1.0
610,7,Basic,611,1,0,False,False,A Q,A Q,A,A J,21,21,blackjack_check,1.0,push_blackjack,0.0
611,7,Basic,612,1,0,False,False,J A,J A,Q,Q A,21,21,blackjack_check,1.0,push_blackjack,0.0
612,7,Basic,613,1,0,False,False,3 8,3 8 5,4,4 2 9 7,16,22,double,2.0,win_dealer_bust,2.0
613,7,Basic,614,1,0,False,False,10 3,10 3,5,5 9 K,13,24,stand,1.0,win_dealer_bust,1.0
614,7,Basic,615,1,0,False,False,4 5,4 5 10,K,K 8,19,18,hit > stand,1.0,win,1.0
615,7,Basic,616,1,0,False,False,8 2,8 2 6,6,6 5 3 3,16,17,double,2.0,loss,-2.0
616,7,Basic,617,1,0,False,False,4 8,4 8,4,4 9 Q,12,23,stand,1.0,win_dealer_bust,1.0
617,7,Basic,618,1,0,False,False,4 3,4 3 5 Q,J,J 7,22,17,hit > hit,1.0,loss_bust,-1.0
618,7,Basic,619,1,0,False,False,8 5,8 5,4,4 J 5,13,19,stand,1.0,loss,-1.0
619,7,Basic,620,1,0,False,False,2 7,2 7 5 J,K,K 10,24,20,hit > hit,1.0,loss_bust,-1.0
620,7,Basic,621,1,0,False,False,9 5,9 5 9,9,9 6,23,15,hit,1.0,loss_bust,-1.0
621,7,Basic,622,1,0,False,False,Q 5,Q 5,5,5 A 9 7,15,22,stand,1.0,win_dealer_bust,1.0
622,7,Basic,623,1,0,False,False,A 10,A 10,9,9 A,21,20,blackjack_check,1.0,player_blackjack,1.5
623,7,Basic,624,1,0,False,False,K 5,K 5,A,A 10,15,21,blackjack_check,1.0,dealer_blackjack,-1.0
624,7,Basic,625,1,0,False,False,2 7,2 7 Q,8,8 6 10,19,24,hit > stand,1.0,win_dealer_bust,1.0
625,7,Basic,626,1,0,False,False,J 3,J 3,5,5 7 7,13,19,stand,1.0,loss,-1.0
626,7,Basic,627,1,0,False,False,10 9,10 9,A,A 9,19,20,stand,1.0,loss,-1.0
627,7,Basic,628,1,0,False,False,3 7,3 7 3,4,4 10 9,13,23,double,2.0,win_dealer_bust,2.0
628,7,Basic,629,1,0,False,False,8 5,8 5 5,Q,Q 7,18,17,hit > stand,1.0,win,1.0
629,7,Basic,630,1,0,False,False,3 4,3 4 K,J,J 4 9,17,23,hit > stand,1.0,win_dealer_bust,1.0
630,7,Basic,631,1,0,False,False,K Q,K Q,5,5 Q 9,20,24,stand,1.0,win_dealer_bust,1.0
631,7,Basic,632,1,0,False,False,K 7,K 7,4,4 10 J,17,24,stand,1.0,win_dealer_bust,1.0
632,7,Basic,633,1,0,False,False,10 2,10 2 9,J,J K,21,20,hit,1.0,win,1.0
633,7,Basic,634,1,0,False,False,3 2,3 2 4 9,7,7 8 7,18,22,hit > hit > stand,1.0,win_dealer_bust,1.0
634,7,Basic,635,1,0,False,False,6 4,6 4 5 8,J,J 5,23,15,hit > hit,1.0,loss_bust,-1.0
635,7,Basic,636,1,0,False,False,5 K,5 K Q,8,8 7,25,15,hit,1.0,loss_bust,-1.0
636,7,Basic,637,1,0,False,False,4 8,4 8 Q,A,A 3,22,14,hit,1.0,loss_bust,-1.0
637,7,Basic,638,1,0,False,False,Q A,Q A,10,10 5,21,15,blackjack_check,1.0,player_blackjack,1.5
638,7,Basic,639,1,0,False,False,10 Q,10 Q,4,4 3 5 K,20,22,stand,1.0,win_dealer_bust,1.0
639,7,Basic,640,1,0,False,False,2 A,2 A 7,Q,Q 10,20,20,hit > stand,1.0,push,0.0
640,7,Basic,641,1,0,False,False,A 10,A 10,4,4 6,21,10,blackjack_check,1.0,player_blackjack,1.5
641,7,Basic,642,1,0,False,False,6 K,6 K 7,9,9 3,23,12,hit,1.0,loss_bust,-1.0
642,7,Basic,643,1,0,False,False,4 6,4 6 5 5,K,K J,20,20,hit > hit > stand,1.0,push,0.0
643,7,Basic,644,1,0,False,False,A 9,A 9,4,4 A 3,20,18,stand,1.0,win,1.0
644,7,Basic,645,1,0,False,False,A Q,A Q,7,7 8,21,15,blackjack_check,1.0,player_blackjack,1.5
645,7,Basic,646,1,0,False,False,A A,A A,K,K A,12,21,blackjack_check,1.0,dealer_blackjack,-1.0
646,7,Basic,647,1,0,False,False,K 3,K 3 8,A,A 8,21,19,hit,1.0,win,1.0
647,7,Basic,648,1,0,False,False,J K,J K,Q,Q 2 8,20,20,stand,1.0,push,0.0
648,7,Basic,649,1,0,False,False,8 J,8 J,Q,Q Q,18,20,stand,1.0,loss,-1.0
649,7,Basic,650,1,0,False,False,2 5,2 5 9 4,8,8 A,20,19,hit > hit > stand,1.0,win,1.0
650,7,Basic,651,1,0,False,False,4 9,4 9,A,A J,13,21,blackjack_check,1.0,dealer_blackjack,-1.0
651,7,Basic,652,1,0,False,False,4 7,4 7 A,10,10 3 9,12,22,double,2.0,win_dealer_bust,2.0
652,7,Basic,653,1,0,False,False,3 Q,3 Q J,Q,Q 2,23,12,hit,1.0,loss_bust,-1.0
653,7,Basic,654,1,0,False,False,K 3,K 3,2,2 5 6 J,13,23,stand,1.0,win_dealer_bust,1.0
654,7,Basic,655,1,0,False,False,K K,K K,J,J 9,20,19,stand,1.0,win,1.0
655,7,Basic,656,1,0,False,False,4 3,4 3 8 8,K,K 5,23,15,hit > hit,1.0,loss_bust,-1.0
656,7,Basic,657,1,0,False,False,5 4,5 4 10,4,4 J J,19,24,double,2.0,win_dealer_bust,2.0
657,7,Basic,658,1,0,False,False,J 4,J 4,4,4 9 Q,14,23,stand,1.0,win_dealer_bust,1.0
658,7,Basic,659,1,0,False,False,8 Q,8 Q,A,A A 6,18,18,stand,1.0,push,0.0
659,7,Basic,660,1,0,False,False,J 6,J 6 K,Q,Q 7,26,17,hit,1.0,loss_bust,-1.0
660,7,Basic,661,1,0,False,False,K 7,K 7,4,4 8 10,17,22,stand,1.0,win_dealer_bust,1.0
661,7,Basic,662,1,0,False,False,K 3,K 3 10,K,K K,23,20,hit,1.0,loss_bust,-1.0
662,7,Basic,663,1,0,False,False,6 2,6 2 3 K,K,K 9,21,19,hit > hit,1.0,win,1.0
663,7,Basic,664,1,0,False,False,5 3,5 3 3 2,6,6 2 6 7,13,21,hit > hit > stand,1.0,loss,-1.0
664,7,Basic,665,1,0,False,False,4 6,4 6 K,J,J 4 3,20,17,hit > stand,1.0,win,1.0
665,7,Basic,666,1,0,False,False,A 2,A 2 J 5,9,9 6 Q,18,25,hit > hit > stand,1.0,win_dealer_bust,1.0
666,7,Basic,667,1,0,False,False,5 9,5 9 10,10,10 Q,24,20,hit,1.0,loss_bust,-1.0
667,7,Basic,668,1,0,False,False,J 6,J 6 4,A,A 3 5,20,19,hit > stand,1.0,win,1.0
668,7,Basic,669,1,0,False,False,3 K,3 K,6,6 4 3 4,13,17,stand,1.0,loss,-1.0
669,7,Basic,670,1,0,False,False,2 10,2 10 J,A,A A,22,12,hit,1.0,loss_bust,-1.0
670,7,Basic,671,1,0,False,False,7 K,7 K,2,2 8 9,17,19,stand,1.0,loss,-1.0
671,7,Basic,672,1,0,False,False,3 5,3 5 4 J,J,J 9,22,19,hit > hit,1.0,loss_bust,-1.0
672,7,Basic,673,1,0,False,False,J 2,J 2 7,10,10 J,19,20,hit > stand,1.0,loss,-1.0
673,7,Basic,674,1,0,False,False,8 5,8 5,5,5 4 2 2 2 6,13,21,stand,1.0,loss,-1.0
674,7,Basic,675,1,0,False,False,5 4,5 4 10,A,A A 8,19,20,hit > stand,1.0,loss,-1.0
675,7,Basic,676,1,0,False,False,4 2,4 2 10 6,7,7 J,22,17,hit > hit,1.0,loss_bust,-1.0
676,7,Basic,677,1,0,False,False,K Q,K Q,A,A 9,20,20,stand,1.0,push,0.0
677,7,Basic,678,1,0,False,False,Q 9,Q 9,Q,Q 4 10,19,24,stand,1.0,win_dealer_bust,1.0
678,7,Basic,679,1,0,False,False,7 5,7 5 5,8,8 10,17,18,hit > stand,1.0,loss,-1.0
679,7,Basic,680,1,0,False,False,4 Q,4 Q,6,6 9 5,14,20,stand,1.0,loss,-1.0
680,7,Basic,681,1,0,False,False,K 2,K 2 2 Q,J,J K,24,20,hit > hit,1.0,loss_bust,-1.0
681,7,Basic,682,1,0,False,False,3 5,3 5 2 5 6,10,10 J,21,20,hit > hit > hit,1.0,win,1.0
682,7,Basic,683,1,0,False,False,A 3,A 3 9 9,7,7 9,22,16,hit > hit,1.0,loss_bust,-1.0
683,7,Basic,684,1,0,False,False,4 A,4 A Q,6,6 9 9,15,24,double,2.0,win_dealer_bust,2.0
684,7,Basic,685,1,0,False,False,A 2,A 2 K,3,3 9 4 8,13,24,hit > stand,1.0,win_dealer_bust,1.0
685,7,Basic,686,1,0,False,False,5 9,5 9,K,K A,14,21,blackjack_check,1.0,dealer_blackjack,-1.0
686,7,Basic,687,1,0,False,False,A 10,A 10,Q,Q 5,21,15,blackjack_check,1.0,player_blackjack,1.5
687,7,Basic,688,1,0,False,False,7 4,7 4 2,9,9 9,13,18,double,2.0,loss,-2.0
688,7,Basic,689,1,0,False,False,J 8,J 8,K,K 6 5,18,21,stand,1.0,loss,-1.0
689,7,Basic,690,1,0,False,False,10 Q,10 Q,5,5 2 3 10,20,20,stand,1.0,push,0.0
690,7,Basic,691,1,0,False,False,A J,A J,6,6 K,21,16,blackjack_check,1.0,player_blackjack,1.5
691,7,Basic,692,1,0,False,False,4 10,4 10,5,5 K 7,14,22,stand,1.0,win_dealer_bust,1.0
692,7,Basic,693,1,0,False,False,5 7,5 7 3 4,9,9 6 3,19,18,hit > hit > stand,1.0,win,1.0
693,7,Basic,694,1,0,False,False,10 2,10 2 7,8,8 4 2 9,19,23,hit > stand,1.0,win_dealer_bust,1.0
694,7,Basic,695,1,1,True,True,A 5,A 5,5,5 5 7,16,17,stand_after_split_aces,1.0,loss,-1.0
694,7,Basic,695,2,1,True,True,A 2,A 2,5,5 5 7,13,17,stand_after_split_aces,1.0,loss,-1.0
695,7,Basic,696,1,0,False,False,10 J,10 J,5,5 A K 5,20,21,stand,1.0,loss,-1.0
696,7,Basic,697,1,0,False,False,A Q,A Q,9,9 5,21,14,blackjack_check,1.0,player_blackjack,1.5
697,7,Basic,698,1,0,False,False,6 8,6 8 J,J,J 9,24,19,hit,1.0,loss_bust,-1.0
698,7,Basic,699,1,0,False,False,7 3,7 3 K,5,5 5 Q,20,20,double,2.0,push,0.0
699,7,Basic,700,1,1,True,False,8 2,8 2 A,7,7 A,21,18,double,2.0,win,2.0
699,7,Basic,700,2,1,True,False,8 Q,8 Q,7,7 A,18,18,stand,1.0,push,0.0
700,7,Basic,701,1,0,False,False,5 A,5 A J A,8,8 Q,17,18,hit > hit > stand,1.0,loss,-1.0
701,8,Simplified,702,1,0,False,False,A 10,A 10,Q,Q 5,21,15,blackjack_check,1.0,player_blackjack,1.5
702,8,Simplified,703,1,0,False,False,4 7,4 7 5,2,2 A K 9,16,22,hit > stand,1.0,win_dealer_bust,1.0
703,8,Simplified,704,1,0,False,False,5 10,5 10,2,2 3 A 9 Q,15,25,stand,1.0,win_dealer_bust,1.0
704,8,Simplified,705,1,0,False,False,K J,K J,2,2 10 8,20,20,stand,1.0,push,0.0
705,8,Simplified,706,1,0,False,False,K 6,K 6,2,2 5 6 3 10,16,26,stand,1.0,win_dealer_bust,1.0
706,8,Simplified,707,1,0,False,False,Q 9,Q 9,2,2 J A 4,19,17,stand,1.0,win,1.0
707,8,Simplified,708,1,0,False,False,8 5,8 5,8,8 2 6 K,13,26,stand,1.0,win_dealer_bust,1.0
708,8,Simplified,709,1,0,False,False,Q Q,Q Q,A,A 10,20,21,blackjack_check,1.0,dealer_blackjack,-1.0
709,8,Simplified,710,1,0,False,False,9 A,9 A,10,10 4 2 9,20,25,stand,1.0,win_dealer_bust,1.0
710,8,Simplified,711,1,0,False,False,K 3,K 3,A,A 10,13,21,blackjack_check,1.0,dealer_blackjack,-1.0
711,8,Simplified,712,1,0,False,False,8 3,8 3 5,3,3 J 4,16,17,hit > stand,1.0,loss,-1.0
712,8,Simplified,713,1,0,False,False,K 4,K 4,6,6 10 10,14,26,stand,1.0,win_dealer_bust,1.0
713,8,Simplified,714,1,0,False,False,7 5,7 5,8,8 5 3 5,12,21,stand,1.0,loss,-1.0
714,8,Simplified,715,1,0,False,False,K 4,K 4,8,8 A,14,19,stand,1.0,loss,-1.0
715,8,Simplified,716,1,0,False,False,7 2,7 2 2 5,9,9 5 6,16,20,hit > hit > stand,1.0,loss,-1.0
716,8,Simplified,717,1,0,False,False,10 2,10 2,6,6 Q 6,12,22,stand,1.0,win_dealer_bust,1.0
717,8,Simplified,718,1,0,False,False,6 5,6 5 K,Q,Q 6 8,21,24,hit,1.0,win_dealer_bust,1.0
718,8,Simplified,719,1,0,False,False,Q 4,Q 4,7,7 Q,14,17,stand,1.0,loss,-1.0
719,8,Simplified,720,1,0,False,False,3 4,3 4 K,3,3 A A 9 10,17,24,hit > stand,1.0,win_dealer_bust,1.0
720,8,Simplified,721,1,0,False,False,10 10,10 10,5,5 9 8,20,22,stand,1.0,win_dealer_bust,1.0
721,8,Simplified,722,1,0,False,False,8 J,8 J,A,A 5 10 4,18,20,stand,1.0,loss,-1.0
722,8,Simplified,723,1,0,False,False,10 3,10 3,K,K 10,13,20,stand,1.0,loss,-1.0
723,8,Simplified,724,1,0,False,False,A 5,A 5 A 8,5,5 10 6,15,21,hit > hit > stand,1.0,loss,-1.0
724,8,Simplified,725,1,0,False,False,K 5,K 5,4,4 3 3 8,15,18,stand,1.0,loss,-1.0
725,8,Simplified,726,1,0,False,False,4 7,4 7 A,8,8 J,12,18,hit > stand,1.0,loss,-1.0
726,8,Simplified,727,1,0,False,False,9 A,9 A,4,4 2 4 7,20,17,stand,1.0,win,1.0
727,8,Simplified,728,1,0,False,False,4 2,4 2 K,6,6 6 10,16,22,hit > stand,1.0,win_dealer_bust,1.0
728,8,Simplified,729,1,0,False,False,3 7,3 7 Q,2,2 4 J A,20,17,hit > stand,1.0,win,1.0
729,8,Simplified,730,1,0,False,False,5 6,5 6 A,K,K 7,12,17,hit > stand,1.0,loss,-1.0
730,8,Simplified,731,1,0,False,False,8 3,8 3 A,10,10 2 8,12,20,hit > stand,1.0,loss,-1.0
731,8,Simplified,732,1,0,False,False,8 2,8 2 5,10,10 Q,15,20,hit > stand,1.0,loss,-1.0
732,8,Simplified,733,1,0,False,False,10 K,10 K,2,2 10 8,20,20,stand,1.0,push,0.0
733,8,Simplified,734,1,0,False,False,3 6,3 6 K,6,6 5 5 10,19,26,hit > stand,1.0,win_dealer_bust,1.0
734,8,Simplified,735,1,0,False,False,8 J,8 J,6,6 8 J,18,24,stand,1.0,win_dealer_bust,1.0
735,8,Simplified,736,1,0,False,False,10 3,10 3,J,J K,13,20,stand,1.0,loss,-1.0
736,8,Simplified,737,1,0,False,False,J 10,J 10,6,6 9 J,20,25,stand,1.0,win_dealer_bust,1.0
737,8,Simplified,738,1,0,False,False,8 3,8 3 A,Q,Q 2 4 J,12,26,hit > stand,1.0,win_dealer_bust,1.0
738,8,Simplified,739,1,0,False,False,3 8,3 8 6,A,A 3 7,17,21,hit > stand,1.0,loss,-1.0
739,8,Simplified,740,1,0,False,False,Q A,Q A,3,3 Q,21,13,blackjack_check,1.0,player_blackjack,1.5
740,8,Simplified,741,1,0,False,False,7 4,7 4 5,K,K K,16,20,hit > stand,1.0,loss,-1.0
741,8,Simplified,742,1,0,False,False,2 7,2 7 4,6,6 6 7,13,19,hit > stand,1.0,loss,-1.0
742,8,Simplified,743,1,0,False,False,J K,J K,6,6 9 7,20,22,stand,1.0,win_dealer_bust,1.0
743,8,Simplified,744,1,0,False,False,8 Q,8 Q,K,K 3 9,18,22,stand,1.0,win_dealer_bust,1.0
744,8,Simplified,745,1,0,False,False,J 10,J 10,5,5 8 4,20,17,stand,1.0,win,1.0
745,8,Simplified,746,1,0,False,False,4 10,4 10,7,7 J,14,17,stand,1.0,loss,-1.0
746,8,Simplified,747,1,0,False,False,2 10,2 10,6,6 5 Q,12,21,stand,1.0,loss,-1.0
747,8,Simplified,748,1,0,False,False,6 A,6 A 9,9,9 6 K,16,25,hit > stand,1.0,win_dealer_bust,1.0
748,8,Simplified,749,1,0,False,False,8 J,8 J,8,8 5 2 6,18,21,stand,1.0,loss,-1.0
749,8,Simplified,750,1,0,False,False,8 9,8 9,Q,Q 6 10,17,26,stand,1.0,win_dealer_bust,1.0
750,8,Simplified,751,1,0,False,False,7 J,7 J,5,5 2 Q,17,17,stand,1.0,push,0.0
751,8,Simplified,752,1,0,False,False,5 7,5 7,A,A 8,12,19,stand,1.0,loss,-1.0
752,8,Simplified,753,1,0,False,False,9 7,9 7,6,6 10 3,16,19,stand,1.0,loss,-1.0
753,8,Simplified,754,1,0,False,False,A 2,A 2 7,2,2 7 4 J,20,23,hit > stand,1.0,win_dealer_bust,1.0
754,8,Simplified,755,1,0,False,False,7 5,7 5,7,7 10,12,17,stand,1.0,loss,-1.0
755,8,Simplified,756,1,0,False,False,9 J,9 J,Q,Q 9,19,19,stand,1.0,push,0.0
756,8,Simplified,757,1,0,False,False,9 5,9 5,6,6 2 4 A A K,14,24,stand,1.0,win_dealer_bust,1.0
757,8,Simplified,758,1,0,False,False,5 3,5 3 4,3,3 9 A 2 3,12,18,hit > stand,1.0,loss,-1.0
758,8,Simplified,759,1,0,False,False,J 9,J 9,3,3 10 10,19,23,stand,1.0,win_dealer_bust,1.0
759,8,Simplified,760,1,0,False,False,6 9,6 9,Q,Q 9,15,19,stand,1.0,loss,-1.0
760,8,Simplified,761,1,0,False,False,6 5,6 5 K,2,2 9 10,21,21,hit,1.0,push,0.0
761,8,Simplified,762,1,0,False,False,8 2,8 2 6,5,5 2 10,16,17,hit > stand,1.0,loss,-1.0
762,8,Simplified,763,1,0,False,False,9 J,9 J,Q,Q 8,19,18,stand,1.0,win,1.0
763,8,Simplified,764,1,0,False,False,5 5,5 5 Q,Q,Q K,20,20,hit > stand,1.0,push,0.0
764,8,Simplified,765,1,0,False,False,2 4,2 4 5 8,3,3 5 A,19,19,hit > hit > stand,1.0,push,0.0
765,8,Simplified,766,1,0,False,False,9 K,9 K,Q,Q 5 5,19,20,stand,1.0,loss,-1.0
766,8,Simplified,767,1,0,False,False,Q J,Q J,3,3 K Q,20,23,stand,1.0,win_dealer_bust,1.0
767,8,Simplified,768,1,0,False,False,6 5,6 5 3,7,7 K,14,17,hit > stand,1.0,loss,-1.0
768,8,Simplified,769,1,0,False,False,4 7,4 7 4,10,10 5 3,15,18,hit > stand,1.0,loss,-1.0
769,8,Simplified,770,1,0,False,False,Q 4,Q 4,5,5 J 9,14,24,stand,1.0,win_dealer_bust,1.0
770,8,Simplified,771,1,0,False,False,2 8,2 8 4,2,2 3 Q 5,14,20,hit > stand,1.0,loss,-1.0
771,8,Simplified,772,1,0,False,False,A Q,A Q,10,10 Q,21,20,blackjack_check,1.0,player_blackjack,1.5
772,8,Simplified,773,1,0,False,False,5 8,5 8,2,2 3 J J,13,25,stand,1.0,win_dealer_bust,1.0
773,8,Simplified,774,1,0,False,False,8 9,8 9,3,3 K A 6,17,20,stand,1.0,loss,-1.0
774,8,Simplified,775,1,0,False,False,2 5,2 5 K,J,J K,17,20,hit > stand,1.0,loss,-1.0
775,8,Simplified,776,1,0,False,False,6 J,6 J,3,3 7 A,16,21,stand,1.0,loss,-1.0
776,8,Simplified,777,1,0,False,False,3 8,3 8 10,6,6 2 A,21,19,hit,1.0,win,1.0
777,8,Simplified,778,1,0,False,False,3 2,3 2 4 7,7,7 6 5,16,18,hit > hit > stand,1.0,loss,-1.0
778,8,Simplified,779,1,0,False,False,J 4,J 4,3,3 Q 3 A,14,17,stand,1.0,loss,-1.0
779,8,Simplified,780,1,0,False,False,6 9,6 9,2,2 8 A,15,21,stand,1.0,loss,-1.0
780,8,Simplified,781,1,0,False,False,K 2,K 2,3,3 10 10,12,23,stand,1.0,win_dealer_bust,1.0
781,8,Simplified,782,1,0,False,False,5 2,5 2 8,K,K 10,15,20,hit > stand,1.0,loss,-1.0
782,8,Simplified,783,1,0,False,False,4 Q,4 Q,9,9 Q,14,19,stand,1.0,loss,-1.0
783,8,Simplified,784,1,0,False,False,8 6,8 6,A,A 8,14,19,stand,1.0,loss,-1.0
784,8,Simplified,785,1,0,False,False,2 Q,2 Q,A,A 8,12,19,stand,1.0,loss,-1.0
785,8,Simplified,786,1,0,False,False,K J,K J,5,5 J 3,20,18,stand,1.0,win,1.0
786,8,Simplified,787,1,0,False,False,6 Q,6 Q,3,3 J 5,16,18,stand,1.0,loss,-1.0
787,8,Simplified,788,1,0,False,False,5 7,5 7,A,A K,12,21,blackjack_check,1.0,dealer_blackjack,-1.0
788,8,Simplified,789,1,0,False,False,2 9,2 9 6,6,6 K J,17,26,hit > stand,1.0,win_dealer_bust,1.0
789,8,Simplified,790,1,0,False,False,4 2,4 2 9,8,8 A,15,19,hit > stand,1.0,loss,-1.0
790,8,Simplified,791,1,0,False,False,6 7,6 7,K,K A,13,21,blackjack_check,1.0,dealer_blackjack,-1.0
791,8,Simplified,792,1,0,False,False,8 10,8 10,K,K J,18,20,stand,1.0,loss,-1.0
792,8,Simplified,793,1,0,False,False,4 2,4 2 4 Q,A,A 9,20,20,hit > hit > stand,1.0,push,0.0
793,8,Simplified,794,1,0,False,False,10 4,10 4,6,6 2 6 J,14,24,stand,1.0,win_dealer_bust,1.0
794,8,Simplified,795,1,0,False,False,9 4,9 4,J,J 4 J,13,24,stand,1.0,win_dealer_bust,1.0
795,8,Simplified,796,1,0,False,False,6 A,6 A A,8,8 K,18,18,hit > stand,1.0,push,0.0
796,8,Simplified,797,1,0,False,False,10 5,10 5,7,7 6 4,15,17,stand,1.0,loss,-1.0
797,8,Simplified,798,1,0,False,False,2 4,2 4 A 9,5,5 J K,16,25,hit > hit > stand,1.0,win_dealer_bust,1.0
798,8,Simplified,799,1,0,False,False,6 4,6 4 J,6,6 9 6,20,21,hit > stand,1.0,loss,-1.0
799,8,Simplified,800,1,0,False,False,A 9,A 9,5,5 8 5,20,18,stand,1.0,win,1.0
800,8,Simplified,801,1,0,False,False,7 5,7 5,5,5 8 3 A,12,17,stand,1.0,loss,-1.0
801,9,Basic,802,1,1,True,True,A 9,A 9,9,9 5 4,20,18,stand_after_split_aces,1.0,win,1.0
801,9,Basic,802,2,1,True,True,A 3,A 3,9,9 5 4,14,18,stand_after_split_aces,1.0,loss,-1.0
802,9,Basic,803,1,0,False,False,8 5,8 5 4,Q,Q 9,17,19,hit > stand,1.0,loss,-1.0
803,9,Basic,804,1,0,False,False,A 4,A 4 5,K,K 9,20,19,hit > stand,1.0,win,1.0
804,9,Basic,805,1,0,False,False,3 3,3 3 6 Q,10,10 10,22,20,hit > hit,1.0,loss_bust,-1.0
805,9,Basic,806,1,0,False,False,9 A,9 A,6,6 10 8,20,24,stand,1.0,win_dealer_bust,1.0
806,9,Basic,807,1,0,False,False,Q J,Q J,7,7 Q,20,17,stand,1.0,win,1.0
807,9,Basic,808,1,0,False,False,9 8,9 8,3,3 A K J,17,24,stand,1.0,win_dealer_bust,1.0
808,9,Basic,809,1,0,False,False,J J,J J,3,3 J 2 5,20,20,stand,1.0,push,0.0
809,9,Basic,810,1,0,False,False,3 Q,3 Q,5,5 A Q 2,13,18,stand,1.0,loss,-1.0
810,9,Basic,811,1,1,True,False,8 10,8 10,A,A 5 9 9,18,24,stand,1.0,win_dealer_bust,1.0
810,9,Basic,811,3,1,True,False,8 J,8 J,A,A 5 9 9,18,24,stand,1.0,win_dealer_bust,1.0
810,9,Basic,811,4,1,True,False,8 J,8 J,A,A 5 9 9,18,24,stand,1.0,win_dealer_bust,1.0
810,9,Basic,811,2,1,True,False,8 3,8 3 10,A,A 5 9 9,21,24,hit,1.0,win_dealer_bust,1.0
811,9,Basic,812,1,0,False,False,Q 3,Q 3 7,10,10 K,20,20,hit > stand,1.0,push,0.0
812,9,Basic,813,1,0,False,False,K 8,K 8,4,4 9 K,18,23,stand,1.0,win_dealer_bust,1.0
813,9,Basic,814,1,0,False,False,J 4,J 4,6,6 10 Q,14,26,stand,1.0,win_dealer_bust,1.0
814,9,Basic,815,1,0,False,False,J J,J J,Q,Q 3 6,20,19,stand,1.0,win,1.0
815,9,Basic,816,1,0,False,False,K K,K K,6,6 4 10,20,20,stand,1.0,push,0.0
816,9,Basic,817,1,0,False,False,3 8,3 8 8,4,4 Q 6,19,20,double,2.0,loss,-2.0
817,9,Basic,818,1,0,False,False,4 8,4 8 7,2,2 10 3 7,19,22,hit > stand,1.0,win_dealer_bust,1.0
818,9,Basic,819,1,0,False,False,7 10,7 10,6,6 2 A,17,19,stand,1.0,loss,-1.0
819,9,Basic,820,1,0,False,False,4 9,4 9 J,Q,Q 2,23,12,hit,1.0,loss_bust,-1.0
820,9,Basic,821,1,0,False,False,A 2,A 2,A,A J,13,21,blackjack_check,1.0,dealer_blackjack,-1.0
821,9,Basic,822,1,0,False,False,Q 2,Q 2 J,7,7 Q,22,17,hit,1.0,loss_bust,-1.0
822,9,Basic,823,1,0,False,False,2 9,2 9 2,8,8 3 10,13,21,double,2.0,loss,-2.0
823,9,Basic,824,1,0,False,False,2 J,2 J 2,2,2 Q A A 8,14,22,hit > stand,1.0,win_dealer_bust,1.0
824,9,Basic,825,1,0,False,False,9 J,9 J,4,4 A 10 A 4,19,20,stand,1.0,loss,-1.0
825,9,Basic,826,1,0,False,False,A 2,A 2 Q,4,4 2 2 3 3 8,13,22,hit > stand,1.0,win_dealer_bust,1.0
826,9,Basic,827,1,0,False,False,10 8,10 8,K,K 7,18,17,stand,1.0,win,1.0
827,9,Basic,828,1,0,False,False,Q A,Q A,3,3 4,21,7,blackjack_check,1.0,player_blackjack,1.5
828,9,Basic,829,1,0,False,False,7 8,7 8 A 8,7,7 K,24,17,hit > hit,1.0,loss_bust,-1.0
829,9,Basic,830,1,0,False,False,2 A,2 A 5 J,3,3 K 2 Q,18,25,hit > hit > stand,1.0,win_dealer_bust,1.0
830,9,Basic,831,1,0,False,False,A 8,A 8,8,8 Q,19,18,stand,1.0,win,1.0
831,9,Basic,832,1,0,False,False,K 10,K 10,4,4 4 6 A 7,20,22,stand,1.0,win_dealer_bust,1.0
832,9,Basic,833,1,0,False,False,K J,K J,Q,Q 10,20,20,stand,1.0,push,0.0
833,9,Basic,834,1,0,False,False,2 3,2 3 5 K,K,K 7,20,17,hit > hit > stand,1.0,win,1.0
834,9,Basic,835,1,0,False,False,3 10,3 10 4,8,8 9,17,17,hit > stand,1.0,push,0.0
835,9,Basic,836,1,0,False,False,8 A,8 A,3,3 6 9,19,18,stand,1.0,win,1.0
836,9,Basic,837,1,0,False,False,4 6,4 6 6 7,10,10 8,23,18,hit > hit,1.0,loss_bust,-1.0
837,9,Basic,838,1,0,False,False,7 8,7 8 3,7,7 6 5,18,18,hit > stand,1.0,push,0.0
838,9,Basic,839,1,0,False,False,3 A,3 A Q 3,J,J 8,17,18,hit > hit > stand,1.0,loss,-1.0
839,9,Basic,840,1,0,False,False,3 9,3 9 6,J,J 4 10,18,24,hit > stand,1.0,win_dealer_bust,1.0
840,9,Basic,841,1,0,False,False,A 4,A 4 6,K,K 4 7,21,21,hit,1.0,push,0.0
841,9,Basic,842,1,0,False,False,K 6,K 6,3,3 5 7 3,16,18,stand,1.0,loss,-1.0
842,9,Basic,843,1,0,False,False,K 3,K 3,4,4 9 7,13,20,stand,1.0,loss,-1.0
843,9,Basic,844,1,0,False,False,8 Q,8 Q,2,2 A Q 5,18,18,stand,1.0,push,0.0
844,9,Basic,845,1,0,False,False,K 3,K 3,4,4 Q 10,13,24,stand,1.0,win_dealer_bust,1.0
845,9,Basic,846,1,0,False,False,3 Q,3 Q 9,8,8 Q,22,18,hit,1.0,loss_bust,-1.0
846,9,Basic,847,1,0,False,False,9 A,9 A,K,K A,20,21,blackjack_check,1.0,dealer_blackjack,-1.0
847,9,Basic,848,1,0,False,False,6 Q,6 Q 10,K,K 9,26,19,hit,1.0,loss_bust,-1.0
848,9,Basic,849,1,0,False,False,7 4,7 4 Q,9,9 2 8,21,19,double,2.0,win,2.0
849,9,Basic,850,1,0,False,False,Q 8,Q 8,A,A 4 3,18,18,stand,1.0,push,0.0
850,9,Basic,851,1,0,False,False,Q K,Q K,3,3 3 7 8,20,21,stand,1.0,loss,-1.0
851,9,Basic,852,1,0,False,False,K 9,K 9,5,5 K 8,19,23,stand,1.0,win_dealer_bust,1.0
852,9,Basic,853,1,0,False,False,A 8,A 8,4,4 K J,19,24,stand,1.0,win_dealer_bust,1.0
853,9,Basic,854,1,0,False,False,7 K,7 K,8,8 2 K,17,20,stand,1.0,loss,-1.0
854,9,Basic,855,1,0,False,False,K A,K A,6,6 10,21,16,blackjack_check,1.0,player_blackjack,1.5
855,9,Basic,856,1,0,False,False,10 6,10 6 6,9,9 2,22,11,hit,1.0,loss_bust,-1.0
856,9,Basic,857,1,0,False,False,A 3,A 3 J 3,Q,Q Q,17,20,hit > hit > stand,1.0,loss,-1.0
857,9,Basic,858,1,0,False,False,K 6,K 6 5,7,7 8 K,21,25,hit,1.0,win_dealer_bust,1.0
858,9,Basic,859,1,0,False,False,6 5,6 5,10,10 A,11,21,blackjack_check,1.0,dealer_blackjack,-1.0
859,9,Basic,860,1,0,False,False,8 10,8 10,A,A 6,18,17,stand,1.0,win,1.0
860,9,Basic,861,1,0,False,False,A 2,A 2 6,3,3 7 2 8,19,20,hit > stand,1.0,loss,-1.0
861,9,Basic,862,1,0,False,False,10 4,10 4 Q,8,8 3,24,11,hit,1.0,loss_bust,-1.0
862,9,Basic,863,1,0,False,False,J 8,J 8,Q,Q 9,18,19,stand,1.0,loss,-1.0
863,9,Basic,864,1,0,False,False,3 J,3 J 3 J,Q,Q 3,26,13,hit > hit,1.0,loss_bust,-1.0
864,9,Basic,865,1,0,False,False,2 K,2 K,4,4 5 6 3,12,18,stand,1.0,loss,-1.0
865,9,Basic,866,1,0,False,False,J 4,J 4 7,J,J 10,21,20,hit,1.0,win,1.0
866,9,Basic,867,1,0,False,False,8 5,8 5 Q,K,K K,23,20,hit,1.0,loss_bust,-1.0
867,9,Basic,868,1,0,False,False,8 10,8 10,8,8 5 K,18,23,stand,1.0,win_dealer_bust,1.0
868,9,Basic,869,1,0,False,False,3 K,3 K,4,4 9 5,13,18,stand,1.0,loss,-1.0
869,9,Basic,870,1,0,False,False,10 J,10 J,A,A 4 7 3 10,20,25,stand,1.0,win_dealer_bust,1.0
870,9,Basic,871,1,0,False,False,K 5,K 5 K,K,K J,25,20,hit,1.0,loss_bust,-1.0
871,9,Basic,872,1,0,False,False,J K,J K,A,A 4 A 10 A,20,17,stand,1.0,win,1.0
872,9,Basic,873,1,0,False,False,A 3,A 3 A K A 2,K,K K,18,20,hit > hit > hit > hit > stand,1.0,loss,-1.0
873,9,Basic,874,1,0,False,False,6 A,6 A 3,6,6 5 2 K,20,23,double,2.0,win_dealer_bust,2.0
874,9,Basic,875,1,0,False,False,4 8,4 8,K,K A,12,21,blackjack_check,1.0,dealer_blackjack,-1.0
875,9,Basic,876,1,0,False,False,4 5,4 5 7,4,4 7 2 9,16,22,double,2.0,win_dealer_bust,2.0
876,9,Basic,877,1,0,False,False,2 7,2 7 9,4,4 9 6,18,19,double,2.0,loss,-2.0
877,9,Basic,878,1,0,False,False,10 A,10 A,7,7 8,21,15,blackjack_check,1.0,player_blackjack,1.5
878,9,Basic,879,1,0,False,False,K K,K K,Q,Q K,20,20,stand,1.0,push,0.0
879,9,Basic,880,1,0,False,False,5 Q,5 Q,K,K A,15,21,blackjack_check,1.0,dealer_blackjack,-1.0
880,9,Basic,881,1,0,False,False,6 3,6 3 J,7,7 10,19,17,hit > stand,1.0,win,1.0
881,9,Basic,882,1,0,False,False,J 10,J 10,K,K 10,20,20,stand,1.0,push,0.0
882,9,Basic,883,1,0,False,False,9 A,9 A,7,7 8 2,20,17,stand,1.0,win,1.0
883,9,Basic,884,1,0,False,False,Q J,Q J,4,4 A 6,20,21,stand,1.0,loss,-1.0
884,9,Basic,885,1,0,False,False,K K,K K,5,5 5 3 10,20,23,stand,1.0,win_dealer_bust,1.0
885,9,Basic,886,1,0,False,False,2 4,2 4 K J,9,9 8,26,17,hit > hit,1.0,loss_bust,-1.0
886,9,Basic,887,1,0,False,False,Q 2,Q 2,4,4 8 2 2 A,12,17,stand,1.0,loss,-1.0
887,9,Basic,888,1,0,False,False,6 K,6 K,2,2 9 J,16,21,stand,1.0,loss,-1.0
888,9,Basic,889,1,0,False,False,7 9,7 9 10,8,8 K,26,18,hit,1.0,loss_bust,-1.0
889,9,Basic,890,1,0,False,False,10 Q,10 Q,Q,Q 10,20,20,stand,1.0,push,0.0
890,9,Basic,891,1,0,False,False,4 6,4 6 A,6,6 Q 5,21,21,double,2.0,push,0.0
891,9,Basic,892,1,0,False,False,J 6,J 6,5,5 4 2 K,16,21,stand,1.0,loss,-1.0
892,9,Basic,893,1,0,False,False,2 A,2 A J,6,6 J 9,13,25,double,2.0,win_dealer_bust,2.0
893,9,Basic,894,1,0,False,False,2 7,2 7 3 10,A,A 7,22,18,hit > hit,1.0,loss_bust,-1.0
894,9,Basic,895,1,0,False,False,7 6,7 6 K,10,10 3,23,13,hit,1.0,loss_bust,-1.0
895,9,Basic,896,1,0,False,False,8 Q,8 Q,6,6 9 6,18,21,stand,1.0,loss,-1.0
896,9,Basic,897,1,0,False,False,Q 2,Q 2,6,6 7 2 K,12,25,stand,1.0,win_dealer_bust,1.0
897,9,Basic,898,1,0,False,False,4 4,4 4 5 A 3,J,J 4 6,17,20,hit > hit > hit > stand,1.0,loss,-1.0
898,9,Basic,899,1,0,False,False,5 2,5 2 5 4 3,8,8 8 K,19,26,hit > hit > hit > stand,1.0,win_dealer_bust,1.0
899,9,Basic,900,1,0,False,False,A 2,A 2 7,4,4 J 8,20,22,hit > stand,1.0,win_dealer_bust,1.0
900,9,Basic,901,1,0,False,False,K 7,K 7,4,4 5 4 A 3,17,17,stand,1.0,push,0.0
901,10,Simplified,902,1,0,False,False,J J,J J,A,A A 9,20,21,stand,1.0,loss,-1.0
902,10,Simplified,903,1,0,False,False,K 7,K 7,9,9 K,17,19,stand,1.0,loss,-1.0
903,10,Simplified,904,1,0,False,False,Q 8,Q 8,4,4 8 Q,18,22,stand,1.0,win_dealer_bust,1.0
904,10,Simplified,905,1,0,False,False,6 K,6 K,8,8 J,16,18,stand,1.0,loss,-1.0
905,10,Simplified,906,1,0,False,False,4 2,4 2 7,9,9 Q,13,19,hit > stand,1.0,loss,-1.0
906,10,Simplified,907,1,0,False,False,6 K,6 K,7,7 A,16,18,stand,1.0,loss,-1.0
907,10,Simplified,908,1,0,False,False,8 2,8 2 8,9,9 4 10,18,23,hit > stand,1.0,win_dealer_bust,1.0
908,10,Simplified,909,1,0,False,False,8 7,8 7,2,2 5 8 A 9,15,25,stand,1.0,win_dealer_bust,1.0
909,10,Simplified,910,1,0,False,False,5 5,5 5,A,A 10,10,21,blackjack_check,1.0,dealer_blackjack,-1.0
910,10,Simplified,911,1,0,False,False,Q 7,Q 7,7,7 2 7 10,17,26,stand,1.0,win_dealer_bust,1.0
911,10,Simplified,912,1,0,False,False,2 8,2 8 4,9,9 K,14,19,hit > stand,1.0,loss,-1.0
912,10,Simplified,913,1,0,False,False,6 J,6 J,J,J 10,16,20,stand,1.0,loss,-1.0
913,10,Simplified,914,1,0,False,False,2 J,2 J,10,10 7,12,17,stand,1.0,loss,-1.0
914,10,Simplified,915,1,0,False,False,6 6,6 6,9,9 A,12,20,stand,1.0,loss,-1.0
915,10,Simplified,916,1,0,False,False,9 10,9 10,Q,Q A,19,21,blackjack_check,1.0,dealer_blackjack,-1.0
916,10,Simplified,917,1,0,False,False,J K,J K,K,K J,20,20,stand,1.0,push,0.0
917,10,Simplified,918,1,0,False,False,4 4,4 4 6,5,5 4 3 9,14,21,hit > stand,1.0,loss,-1.0
918,10,Simplified,919,1,0,False,False,K 2,K 2,2,2 2 4 8 Q,12,26,stand,1.0,win_dealer_bust,1.0
919,10,Simplified,920,1,0,False,False,8 6,8 6,Q,Q 9,14,19,stand,1.0,loss,-1.0
920,10,Simplified,921,1,0,False,False,Q 3,Q 3,Q,Q 8,13,18,stand,1.0,loss,-1.0
921,10,Simplified,922,1,0,False,False,Q J,Q J,3,3 8 A Q,20,22,stand,1.0,win_dealer_bust,1.0
922,10,Simplified,923,1,0,False,False,J 8,J 8,3,3 K 7,18,20,stand,1.0,loss,-1.0
923,10,Simplified,924,1,0,False,False,4 8,4 8,3,3 K K,12,23,stand,1.0,win_dealer_bust,1.0
924,10,Simplified,925,1,0,False,False,6 A,6 A 8,2,2 3 Q 2,15,17,hit > stand,1.0,loss,-1.0
925,10,Simplified,926,1,0,False,False,A 9,A 9,A,A 9,20,20,stand,1.0,push,0.0
926,10,Simplified,927,1,0,False,False,6 9,6 9,A,A A Q 3 J,15,25,stand,1.0,win_dealer_bust,1.0
927,10,Simplified,928,1,0,False,False,7 K,7 K,5,5 5 A,17,21,stand,1.0,loss,-1.0
928,10,Simplified,929,1,0,False,False,4 5,4 5 10,J,J 7,19,17,hit > stand,1.0,win,1.0
929,10,Simplified,930,1,0,False,False,Q 4,Q 4,Q,Q 9,14,19,stand,1.0,loss,-1.0
930,10,Simplified,931,1,0,False,False,3 7,3 7 9,5,5 7 3 2,19,17,hit > stand,1.0,win,1.0
931,10,Simplified,932,1,0,False,False,7 6,7 6,8,8 8 10,13,26,stand,1.0,win_dealer_bust,1.0
932,10,Simplified,933,1,0,False,False,10 9,10 9,K,K 9,19,19,stand,1.0,push,0.0
933,10,Simplified,934,1,0,False,False,8 J,8 J,2,2 9 6,18,17,stand,1.0,win,1.0
934,10,Simplified,935,1,0,False,False,6 5,6 5 A,K,K 8,12,18,hit > stand,1.0,loss,-1.0
935,10,Simplified,936,1,0,False,False,10 4,10 4,10,10 8,14,18,stand,1.0,loss,-1.0
936,10,Simplified,937,1,0,False,False,A J,A J,9,9 5,21,14,blackjack_check,1.0,player_blackjack,1.5
937,10,Simplified,938,1,0,False,False,2 10,2 10,6,6 A,12,17,stand,1.0,loss,-1.0
938,10,Simplified,939,1,0,False,False,7 7,7 7,6,6 J 10,14,26,stand,1.0,win_dealer_bust,1.0
939,10,Simplified,940,1,0,False,False,6 5,6 5 10,5,5 10 K,21,25,hit,1.0,win_dealer_bust,1.0
940,10,Simplified,941,1,0,False,False,4 6,4 6 8,4,4 9 7,18,20,hit > stand,1.0,loss,-1.0
941,10,Simplified,942,1,0,False,False,9 3,9 3,5,5 Q A 10,12,26,stand,1.0,win_dealer_bust,1.0
942,10,Simplified,943,1,0,False,False,J 9,J 9,J,J 5 7,19,22,stand,1.0,win_dealer_bust,1.0
943,10,Simplified,944,1,0,False,False,2 K,2 K,7,7 8 10,12,25,stand,1.0,win_dealer_bust,1.0
944,10,Simplified,945,1,0,False,False,7 5,7 5,2,2 2 Q 3,12,17,stand,1.0,loss,-1.0
945,10,Simplified,946,1,0,False,False,10 K,10 K,5,5 A 3,20,19,stand,1.0,win,1.0
946,10,Simplified,947,1,0,False,False,K K,K K,J,J 10,20,20,stand,1.0,push,0.0
947,10,Simplified,948,1,0,False,False,K 6,K 6,3,3 7 6 Q,16,26,stand,1.0,win_dealer_bust,1.0
948,10,Simplified,949,1,0,False,False,4 10,4 10,7,7 A,14,18,stand,1.0,loss,-1.0
949,10,Simplified,950,1,0,False,False,8 10,8 10,A,A 6,18,17,stand,1.0,win,1.0
950,10,Simplified,951,1,0,False,False,A 4,A 4 6,8,8 A,21,19,hit,1.0,win,1.0
951,10,Simplified,952,1,0,False,False,5 Q,5 Q,2,2 8 A,15,21,stand,1.0,loss,-1.0
952,10,Simplified,953,1,0,False,False,2 Q,2 Q,8,8 10,12,18,stand,1.0,loss,-1.0
953,10,Simplified,954,1,0,False,False,8 6,8 6,8,8 3 4 6,14,21,stand,1.0,loss,-1.0
954,10,Simplified,955,1,0,False,False,5 10,5 10,2,2 9 A K,15,22,stand,1.0,win_dealer_bust,1.0
955,10,Simplified,956,1,0,False,False,K Q,K Q,4,4 7 9,20,20,stand,1.0,push,0.0
956,10,Simplified,957,1,0,False,False,8 3,8 3 Q,7,7 J,21,17,hit,1.0,win,1.0
957,10,Simplified,958,1,0,False,False,10 9,10 9,4,4 2 10 7,19,23,stand,1.0,win_dealer_bust,1.0
958,10,Simplified,959,1,0,False,False,4 9,4 9,Q,Q 3 Q,13,23,stand,1.0,win_dealer_bust,1.0
959,10,Simplified,960,1,0,False,False,Q 2,Q 2,3,3 8 5 7,12,23,stand,1.0,win_dealer_bust,1.0
960,10,Simplified,961,1,0,False,False,6 A,6 A K,8,8 A,17,19,hit > stand,1.0,loss,-1.0
961,10,Simplified,962,1,0,False,False,J 10,J 10,K,K 5 8,20,23,stand,1.0,win_dealer_bust,1.0
962,10,Simplified,963,1,0,False,False,5 4,5 4 9,4,4 9 3 3,18,19,hit > stand,1.0,loss,-1.0
963,10,Simplified,964,1,0,False,False,8 8,8 8,Q,Q 7,16,17,stand,1.0,loss,-1.0
964,10,Simplified,965,1,0,False,False,7 J,7 J,8,8 A,17,19,stand,1.0,loss,-1.0
965,10,Simplified,966,1,0,False,False,8 K,8 K,Q,Q 6 A,18,17,stand,1.0,win,1.0
966,10,Simplified,967,1,0,False,False,A Q,A Q,4,4 10,21,14,blackjack_check,1.0,player_blackjack,1.5
967,10,Simplified,968,1,0,False,False,4 4,4 4 Q,5,5 A 6 K,18,22,hit > stand,1.0,win_dealer_bust,1.0
968,10,Simplified,969,1,0,False,False,5 2,5 2 10,2,2 9 K,17,21,hit > stand,1.0,loss,-1.0
969,10,Simplified,970,1,0,False,False,K 3,K 3,10,10 9,13,19,stand,1.0,loss,-1.0
970,10,Simplified,971,1,0,False,False,3 Q,3 Q,8,8 4 A 7,13,20,stand,1.0,loss,-1.0
971,10,Simplified,972,1,0,False,False,5 K,5 K,Q,Q J,15,20,stand,1.0,loss,-1.0
972,10,Simplified,973,1,0,False,False,2 7,2 7 10,J,J 5 3,19,18,hit > stand,1.0,win,1.0
973,10,Simplified,974,1,0,False,False,A 9,A 9,K,K 3 8,20,21,stand,1.0,loss,-1.0
974,10,Simplified,975,1,0,False,False,10 4,10 4,3,3 J 5,14,18,stand,1.0,loss,-1.0
975,10,Simplified,976,1,0,False,False,A 5,A 5 K,Q,Q 3 7,16,20,hit > stand,1.0,loss,-1.0
976,10,Simplified,977,1,0,False,False,Q 8,Q 8,J,J 10,18,20,stand,1.0,loss,-1.0
977,10,Simplified,978,1,0,False,False,2 5,2 5 J,5,5 3 A,17,19,hit > stand,1.0,loss,-1.0
978,10,Simplified,979,1,0,False,False,Q K,Q K,4,4 Q 9,20,23,stand,1.0,win_dealer_bust,1.0
979,10,Simplified,980,1,0,False,False,7 4,7 4 10,J,J 7,21,17,hit,1.0,win,1.0
980,10,Simplified,981,1,0,False,False,2 7,2 7 10,7,7 8 2,19,17,hit > stand,1.0,win,1.0
981,10,Simplified,982,1,0,False,False,J 7,J 7,10,10 4 8,17,22,stand,1.0,win_dealer_bust,1.0
982,10,Simplified,983,1,0,False,False,J 2,J 2,2,2 8 8,12,18,stand,1.0,loss,-1.0
983,10,Simplified,984,1,0,False,False,2 2,2 2 10,6,6 K 6,14,22,hit > stand,1.0,win_dealer_bust,1.0
984,10,Simplified,985,1,0,False,False,10 A,10 A,J,J 7,21,17,blackjack_check,1.0,player_blackjack,1.5
985,10,Simplified,986,1,0,False,False,3 3,3 3 10,4,4 2 K 6,16,22,hit > stand,1.0,win_dealer_bust,1.0
986,10,Simplified,987,1,0,False,False,9 6,9 6,3,3 5 3 Q,15,21,stand,1.0,loss,-1.0
987,10,Simplified,988,1,0,False,False,6 2,6 2 9,8,8 2 K,17,20,hit > stand,1.0,loss,-1.0
988,10,Simplified,989,1,0,False,False,K 6,K 6,J,J 5 2,16,17,stand,1.0,loss,-1.0
989,10,Simplified,990,1,0,False,False,K Q,K Q,5,5 K A 7,20,23,stand,1.0,win_dealer_bust,1.0
990,10,Simplified,991,1,0,False,False,8 Q,8 Q,Q,Q 3 9,18,22,stand,1.0,win_dealer_bust,1.0
991,10,Simplified,992,1,0,False,False,2 7,2 7 4,K,K 4 9,13,23,hit > stand,1.0,win_dealer_bust,1.0
992,10,Simplified,993,1,0,False,False,5 4,5 4 2 7,3,3 10 8,18,21,hit > hit > stand,1.0,loss,-1.0
993,10,Simplified,994,1,0,False,False,Q 4,Q 4,5,5 8 4,14,17,stand,1.0,loss,-1.0
994,10,Simplified,995,1,0,False,False,5 5,5 5 Q,K,K K,20,20,hit > stand,1.0,push,0.0
995,10,Simplified,996,1,0,False,False,K A,K A,5,5 9,21,14,blackjack_check,1.0,player_blackjack,1.5
996,10,Simplified,997,1,0,False,False,A 4,A 4 4,J,J 9,19,19,hit > stand,1.0,push,0.0
997,10,Simplified,998,1,0,False,False,6 7,6 7,10,10 2 A A 6,13,20,stand,1.0,loss,-1.0
998,10,Simplified,999,1,0,False,False,5 8,5 8,9,9 2 9,13,20,stand,1.0,loss,-1.0
999,10,Simplified,1000,1,0,False,False,Q 3,Q 3,10,10 7,13,17,stand,1.0,loss,-1.0
1000,10,Simplified,1001,1,0,False,False,3 K,3 K,K,K 3 10,13,23,stand,1.0,win_dealer_bust,1.0
1001,11,Basic,1002,1,0,False,False,10 5,10 5 J,10,10 2,25,12,hit,1.0,loss_bust,-1.0
1002,11,Basic,1003,1,0,False,False,3 4,3 4 8 3,7,7 Q,18,17,hit > hit > stand,1.0,win,1.0
1003,11,Basic,1004,1,0,False,False,A 10,A 10,J,J A,21,21,blackjack_check,1.0,push_blackjack,0.0
1004,11,Basic,1005,1,0,False,False,5 4,5 4 9,3,3 Q 5,18,18,double,2.0,push,0.0
1005,11,Basic,1006,1,0,False,False,K 5,K 5,10,10 A,15,21,blackjack_check,1.0,dealer_blackjack,-1.0
1006,11,Basic,1007,1,0,False,False,3 2,3 2 4 6 J,K,K 2,25,12,hit > hit > hit,1.0,loss_bust,-1.0
1007,11,Basic,1008,1,0,False,False,7 7,7 7 4,Q,Q 9,18,19,hit > stand,1.0,loss,-1.0
1008,11,Basic,1009,1,0,False,False,J 10,J 10,8,8 6 6,20,20,stand,1.0,push,0.0
1009,11,Basic,1010,1,0,False,False,A 10,A 10,10,10 10,21,20,blackjack_check,1.0,player_blackjack,1.5
1010,11,Basic,1011,1,0,False,False,4 J,4 J 4,K,K K,18,20,hit > stand,1.0,loss,-1.0
1011,11,Basic,1012,1,0,False,False,9 4,9 4 4,Q,Q 6 5,17,21,hit > stand,1.0,loss,-1.0
1012,11,Basic,1013,1,0,False,False,7 8,7 8,4,4 9 5,15,18,stand,1.0,loss,-1.0
1013,11,Basic,1014,1,0,False,False,5 9,5 9,3,3 4 3 6 8,14,24,stand,1.0,win_dealer_bust,1.0
1014,11,Basic,1015,1,0,False,False,A 4,A 4 Q,4,4 A 10 J,15,25,double,2.0,win_dealer_bust,2.0
1015,11,Basic,1016,1,0,False,False,A 9,A 9,A,A Q,20,21,blackjack_check,1.0,dealer_blackjack,-1.0
1016,11,Basic,1017,1,0,False,False,9 J,9 J,A,A 7,19,18,stand,1.0,win,1.0
1017,11,Basic,1018,1,0,False,False,7 10,7 10,5,5 J 6,17,21,stand,1.0,loss,-1.0
1018,11,Basic,1019,1,0,False,False,7 9,7 9 9,J,J 4,25,14,hit,1.0,loss_bust,-1.0
1019,11,Basic,1020,1,0,False,False,Q 9,Q 9,5,5 3 9,19,17,stand,1.0,win,1.0
1020,11,Basic,1021,1,0,False,False,J 9,J 9,A,A 9,19,20,stand,1.0,loss,-1.0
1021,11,Basic,1022,1,0,False,False,7 4,7 4 4,4,4 8 J,15,22,double,2.0,win_dealer_bust,2.0
1022,11,Basic,1023,1,0,False,False,J 4,J 4 3,9,9 2 K,17,21,hit > stand,1.0,loss,-1.0
1023,11,Basic,1024,1,0,False,False,6 2,6 2 3 A 9,2,2 K 10,21,22,hit > hit > hit,1.0,win_dealer_bust,1.0
1024,11,Basic,1025,1,0,False,False,8 10,8 10,J,J 5 10,18,25,stand,1.0,win_dealer_bust,1.0
1025,11,Basic,1026,1,0,False,False,7 3,7 3 10,2,2 10 4 K,20,26,double,2.0,win_dealer_bust,2.0
1026,11,Basic,1027,1,0,False,False,8 4,8 4,4,4 J 5,12,19,stand,1.0,loss,-1.0
1027,11,Basic,1028,1,0,False,False,K 10,K 10,4,4 3 2 4 9,20,22,stand,1.0,win_dealer_bust,1.0
1028,11,Basic,1029,1,0,False,False,8 3,8 3 3,2,2 9 10,14,21,double,2.0,loss,-2.0
1029,11,Basic,1030,1,0,False,False,3 2,3 2 K 7,K,K 9,22,19,hit > hit,1.0,loss_bust,-1.0
1030,11,Basic,1031,1,0,False,False,3 4,3 4 K,9,9 K,17,19,hit > stand,1.0,loss,-1.0
1031,11,Basic,1032,1,0,False,False,Q 7,Q 7,8,8 7 K,17,25,stand,1.0,win_dealer_bust,1.0
1032,11,Basic,1033,1,0,False,False,A 8,A 8,2,2 10 2 2 4,19,20,stand,1.0,loss,-1.0
1033,11,Basic,1034,1,1,True,False,3 J,3 J,6,6 Q 4,13,20,stand,1.0,loss,-1.0
1033,11,Basic,1034,2,1,True,False,3 9,3 9,6,6 Q 4,12,20,stand,1.0,loss,-1.0
1034,11,Basic,1035,1,0,False,False,9 9,9 9,J,J 10,18,20,stand,1.0,loss,-1.0
1035,11,Basic,1036,1,0,False,False,7 6,7 6,5,5 10 3,13,18,stand,1.0,loss,-1.0
1036,11,Basic,1037,1,0,False,False,J 3,J 3,5,5 10 4,13,19,stand,1.0,loss,-1.0
1037,11,Basic,1038,1,0,False,False,J 6,J 6,A,A K,16,21,blackjack_check,1.0,dealer_blackjack,-1.0
1038,11,Basic,1039,1,0,False,False,7 9,7 9,6,6 7 2 3,16,18,stand,1.0,loss,-1.0
1039,11,Basic,1040,1,0,False,False,9 Q,9 Q,K,K 3 7,19,20,stand,1.0,loss,-1.0
1040,11,Basic,1041,1,0,False,False,4 Q,4 Q 2 K,J,J 8,26,18,hit > hit,1.0,loss_bust,-1.0
1041,11,Basic,1042,1,0,False,False,K 9,K 9,K,K Q,19,20,stand,1.0,loss,-1.0
1042,11,Basic,1043,1,0,False,False,8 J,8 J,5,5 K 6,18,21,stand,1.0,loss,-1.0
1043,11,Basic,1044,1,0,False,False,9 A,9 A,6,6 2 A,20,19,stand,1.0,win,1.0
1044,11,Basic,1045,1,0,False,False,6 8,6 8 9,8,8 J,23,18,hit,1.0,loss_bust,-1.0
1045,11,Basic,1046,1,0,False,False,6 K,6 K 9,10,10 5,25,15,hit,1.0,loss_bust,-1.0
1046,11,Basic,1047,1,0,False,False,9 8,9 8,5,5 2 8 2,17,17,stand,1.0,push,0.0
1047,11,Basic,1048,1,0,False,False,9 7,9 7,4,4 10 4,16,18,stand,1.0,loss,-1.0
1048,11,Basic,1049,1,0,False,False,10 5,10 5 Q,J,J 8,25,18,hit,1.0,loss_bust,-1.0
1049,11,Basic,1050,1,0,False,False,9 2,9 2 3,7,7 J,14,17,double,2.0,loss,-2.0
1050,11,Basic,1051,1,0,False,False,Q 8,Q 8,5,5 Q 8,18,23,stand,1.0,win_dealer_bust,1.0
1051,11,Basic,1052,1,0,False,False,10 4,10 4 J,A,A A,24,12,hit,1.0,loss_bust,-1.0
1052,11,Basic,1053,1,0,False,False,10 4,10 4 K,10,10 10,24,20,hit,1.0,loss_bust,-1.0
1053,11,Basic,1054,1,0,False,False,4 5,4 5 J,Q,Q 7,19,17,hit > stand,1.0,win,1.0
1054,11,Basic,1055,1,0,False,False,8 A,8 A,A,A 4 5,19,20,stand,1.0,loss,-1.0
1055,11,Basic,1056,1,0,False,False,9 A,9 A,5,5 6 9,20,20,stand,1.0,push,0.0
1056,11,Basic,1057,1,1,True,False,8 A,8 A,Q,Q K,19,20,stand,1.0,loss,-1.0
1056,11,Basic,1057,2,1,True,False,8 7,8 7 7,Q,Q K,22,20,hit,1.0,loss_bust,-1.0
1057,11,Basic,1058,1,0,False,False,J 6,J 6,5,5 J 9,16,24,stand,1.0,win_dealer_bust,1.0
1058,11,Basic,1059,1,0,False,False,3 A,3 A 2 8 4,8,8 J,18,18,hit > hit > hit > stand,1.0,push,0.0
1059,11,Basic,1060,1,0,False,False,A 7,A 7 6,5,5 10 J,14,25,double,2.0,win_dealer_bust,2.0
1060,11,Basic,1061,1,0,False,False,3 5,3 5 10,9,9 8,18,17,hit > stand,1.0,win,1.0
1061,11,Basic,1062,1,0,False,False,5 2,5 2 6 7,8,8 10,20,18,hit > hit > stand,1.0,win,1.0
1062,11,Basic,1063,1,0,False,False,8 K,8 K,4,4 9 10,18,23,stand,1.0,win_dealer_bust,1.0
1063,11,Basic,1064,1,0,False,False,2 6,2 6 Q,4,4 8 Q,18,22,hit > stand,1.0,win_dealer_bust,1.0
1064,11,Basic,1065,1,0,False,False,2 5,2 5 J,6,6 10 8,17,24,hit > stand,1.0,win_dealer_bust,1.0
1065,11,Basic,1066,1,0,False,False,8 2,8 2 Q,9,9 K,20,19,double,2.0,win,2.0
1066,11,Basic,1067,1,0,False,False,J 9,J 9,K,K 3 4,19,17,stand,1.0,win,1.0
1067,11,Basic,1068,1,0,False,False,9 K,9 K,3,3 4 3 7,19,17,stand,1.0,win,1.0
1068,11,Basic,1069,1,0,False,False,9 8,9 8,K,K K,17,20,stand,1.0,loss,-1.0
1069,11,Basic,1070,1,0,False,False,7 5,7 5,6,6 K J,12,26,stand,1.0,win_dealer_bust,1.0
1070,11,Basic,1071,1,0,False,False,Q 7,Q 7,J,J 10,17,20,stand,1.0,loss,-1.0
1071,11,Basic,1072,1,0,False,False,3 K,3 K A 4,10,10 J,18,20,hit > hit > stand,1.0,loss,-1.0
1072,11,Basic,1073,1,0,False,False,2 5,2 5 7 Q,10,10 J,24,20,hit > hit,1.0,loss_bust,-1.0
1073,11,Basic,1074,1,0,False,False,7 8,7 8,6,6 5 6,15,17,stand,1.0,loss,-1.0
1074,11,Basic,1075,1,1,True,False,6 A,6 A 2,3,3 7 2 6,19,18,double,2.0,win,2.0
1074,11,Basic,1075,2,1,True,False,6 4,6 4 7,3,3 7 2 6,17,18,double,2.0,loss,-2.0
1075,11,Basic,1076,1,0,False,False,K A,K A,8,8 K,21,18,blackjack_check,1.0,player_blackjack,1.5
1076,11,Basic,1077,1,1,True,False,8 10,8 10,J,J Q,18,20,stand,1.0,loss,-1.0
1076,11,Basic,1077,2,1,True,False,8 K,8 K,J,J Q,18,20,stand,1.0,loss,-1.0
1077,11,Basic,1078,1,0,False,False,8 5,8 5,3,3 8 3 5,13,19,stand,1.0,loss,-1.0
1078,11,Basic,1079,1,0,False,False,5 2,5 2 K,7,7 8 6,17,21,hit > stand,1.0,loss,-1.0
1079,11,Basic,1080,1,0,False,False,Q 3,Q 3,5,5 Q 10,13,25,stand,1.0,win_dealer_bust,1.0
1080,11,Basic,1081,1,0,False,False,8 J,8 J,8,8 8 3,18,19,stand,1.0,loss,-1.0
1081,11,Basic,1082,1,0,False,False,9 10,9 10,6,6 Q 8,19,24,stand,1.0,win_dealer_bust,1.0
1082,11,Basic,1083,1,0,False,False,10 9,10 9,5,5 9 J,19,24,stand,1.0,win_dealer_bust,1.0
1083,11,Basic,1084,1,0,False,False,J 9,J 9,2,2 9 8,19,19,stand,1.0,push,0.0
1084,11,Basic,1085,1,0,False,False,10 9,10 9,A,A 10,19,21,blackjack_check,1.0,dealer_blackjack,-1.0
1085,11,Basic,1086,1,0,False,False,K 7,K 7,2,2 4 4 J,17,20,stand,1.0,loss,-1.0
1086,11,Basic,1087,1,0,False,False,A 6,A 6 8 7,7,7 K,22,17,hit > hit,1.0,loss_bust,-1.0
1087,11,Basic,1088,1,0,False,False,J 8,J 8,A,A 2 9 8,18,20,stand,1.0,loss,-1.0
1088,11,Basic,1089,1,0,False,False,Q 2,Q 2 7,3,3 7 6 A,19,17,hit > stand,1.0,win,1.0
1089,11,Basic,1090,1,0,False,False,6 7,6 7,2,2 5 Q,13,17,stand,1.0,loss,-1.0
1090,11,Basic,1091,1,0,False,False,5 8,5 8 5,K,K 7,18,17,hit > stand,1.0,win,1.0
1091,11,Basic,1092,1,0,False,False,3 4,3 4 4 6,7,7 6 J,17,23,hit > hit > stand,1.0,win_dealer_bust,1.0
1092,11,Basic,1093,1,0,False,False,4 2,4 2 A 4,5,5 A 9 K,21,25,hit > hit,1.0,win_dealer_bust,1.0
1093,11,Basic,1094,1,0,False,False,6 Q,6 Q,3,3 J 6,16,19,stand,1.0,loss,-1.0
1094,11,Basic,1095,1,0,False,False,3 4,3 4 K,10,10 2 Q,17,22,hit > stand,1.0,win_dealer_bust,1.0
1095,11,Basic,1096,1,0,False,False,7 8,7 8,2,2 10 3 2,15,17,stand,1.0,loss,-1.0
1096,11,Basic,1097,1,0,False,False,7 6,7 6 J,7,7 J,23,17,hit,1.0,loss_bust,-1.0
1097,11,Basic,1098,1,0,False,False,2 A,2 A Q 9,9,9 4,22,13,hit > hit,1.0,loss_bust,-1.0
1098,11,Basic,1099,1,0,False,False,A Q,A Q,5,5 3,21,8,blackjack_check,1.0,player_blackjack,1.5
1099,11,Basic,1100,1,0,False,False,5 3,5 3 6 4,10,10 8,18,18,hit > hit > stand,1.0,push,0.0
1100,11,Basic,1101,1,0,False,False,8 10,8 10,K,K 10,18,20,stand,1.0,loss,-1.0
1101,12,Simplified,1102,1,0,False,False,Q Q,Q Q,8,8 7 Q,20,25,stand,1.0,win_dealer_bust,1.0
1102,12,Simplified,1103,1,0,False,False,3 Q,3 Q,2,2 6 K,13,18,stand,1.0,loss,-1.0
1103,12,Simplified,1104,1,0,False,False,3 6,3 6 3,2,2 7 4 J,12,23,hit > stand,1.0,win_dealer_bust,1.0
1104,12,Simplified,1105,1,0,False,False,K 7,K 7,4,4 10 8,17,22,stand,1.0,win_dealer_bust,1.0
1105,12,Simplified,1106,1,0,False,False,8 4,8 4,7,7 Q,12,17,stand,1.0,loss,-1.0
1106,12,Simplified,1107,1,0,False,False,A 3,A 3 5,9,9 3 K,19,22,hit > stand,1.0,win_dealer_bust,1.0
1107,12,Simplified,1108,1,0,False,False,J 10,J 10,9,9 J,20,19,stand,1.0,win,1.0
1108,12,Simplified,1109,1,0,False,False,5 2,5 2 A,4,4 Q 5,18,19,hit > stand,1.0,loss,-1.0
1109,12,Simplified,1110,1,0,False,False,10 2,10 2,K,K K,12,20,stand,1.0,loss,-1.0
1110,12,Simplified,1111,1,0,False,False,3 K,3 K,9,9 A,13,20,stand,1.0,loss,-1.0
1111,12,Simplified,1112,1,0,False,False,7 7,7 7,5,5 J A Q,14,26,stand,1.0,win_dealer_bust,1.0
1112,12,Simplified,1113,1,0,False,False,6 Q,6 Q,9,9 K,16,19,stand,1.0,loss,-1.0
1113,12,Simplified,1114,1,0,False,False,2 6,2 6 2 4,J,J 10,14,20,hit > hit > stand,1.0,loss,-1.0
1114,12,Simplified,1115,1,0,False,False,5 K,5 K,7,7 8 5,15,20,stand,1.0,loss,-1.0
1115,12,Simplified,1116,1,0,False,False,10 4,10 4,10,10 10,14,20,stand,1.0,loss,-1.0
1116,12,Simplified,1117,1,0,False,False,J 3,J 3,6,6 9 5,13,20,stand,1.0,loss,-1.0
1117,12,Simplified,1118,1,0,False,False,7 5,7 5,9,9 K,12,19,stand,1.0,loss,-1.0
1118,12,Simplified,1119,1,0,False,False,Q 2,Q 2,6,6 K J,12,26,stand,1.0,win_dealer_bust,1.0
1119,12,Simplified,1120,1,0,False,False,4 J,4 J,8,8 2 J,14,20,stand,1.0,loss,-1.0
1120,12,Simplified,1121,1,0,False,False,3 4,3 4 9,5,5 7 8,16,20,hit > stand,1.0,loss,-1.0
1121,12,Simplified,1122,1,0,False,False,K J,K J,Q,Q 9,20,19,stand,1.0,win,1.0
1122,12,Simplified,1123,1,0,False,False,J 6,J 6,J,J 8,16,18,stand,1.0,loss,-1.0
1123,12,Simplified,1124,1,0,False,False,9 6,9 6,2,2 Q 10,15,22,stand,1.0,win_dealer_bust,1.0
1124,12,Simplified,1125,1,0,False,False,3 Q,3 Q,8,8 6 2 K,13,26,stand,1.0,win_dealer_bust,1.0
1125,12,Simplified,1126,1,0,False,False,4 A,4 A 4,5,5 4 J,19,19,hit > stand,1.0,push,0.0
1126,12,Simplified,1127,1,0,False,False,9 7,9 7,J,J Q,16,20,stand,1.0,loss,-1.0
1127,12,Simplified,1128,1,0,False,False,7 6,7 6,8,8 A,13,19,stand,1.0,loss,-1.0
1128,12,Simplified,1129,1,0,False,False,4 6,4 6,Q,Q A,10,21,blackjack_check,1.0,dealer_blackjack,-1.0
1129,12,Simplified,1130,1,0,False,False,3 10,3 10,10,10 8,13,18,stand,1.0,loss,-1.0
1130,12,Simplified,1131,1,0,False,False,6 Q,6 Q,6,6 Q 10,16,26,stand,1.0,win_dealer_bust,1.0
1131,12,Simplified,1132,1,0,False,False,Q 8,Q 8,J,J 6 K,18,26,stand,1.0,win_dealer_bust,1.0
1132,12,Simplified,1133,1,0,False,False,8 6,8 6,2,2 5 6 J,14,23,stand,1.0,win_dealer_bust,1.0
1133,12,Simplified,1134,1,0,False,False,7 3,7 3 3,10,10 J,13,20,hit > stand,1.0,loss,-1.0
1134,12,Simplified,1135,1,0,False,False,4 3,4 3 10,7,7 3 6 2,17,18,hit > stand,1.0,loss,-1.0
1135,12,Simplified,1136,1,0,False,False,10 J,10 J,6,6 7 A 8,20,22,stand,1.0,win_dealer_bust,1.0
1136,12,Simplified,1137,1,0,False,False,10 9,10 9,3,3 8 5 4,19,20,stand,1.0,loss,-1.0
1137,12,Simplified,1138,1,0,False,False,4 K,4 K,6,6 9 9,14,24,stand,1.0,win_dealer_bust,1.0
1138,12,Simplified,1139,1,0,False,False,6 4,6 4 5,5,5 10 3,15,18,hit > stand,1.0,loss,-1.0
1139,12,Simplified,1140,1,0,False,False,10 10,10 10,7,7 J,20,17,stand,1.0,win,1.0
1140,12,Simplified,1141,1,0,False,False,10 8,10 8,2,2 K 3 8,18,23,stand,1.0,win_dealer_bust,1.0
1141,12,Simplified,1142,1,0,False,False,Q 7,Q 7,9,9 6 8,17,23,stand,1.0,win_dealer_bust,1.0
1142,12,Simplified,1143,1,0,False,False,7 2,7 2 A,9,9 4 J,20,23,hit > stand,1.0,win_dealer_bust,1.0
1143,12,Simplified,1144,1,0,False,False,2 5,2 5 3 A,7,7 7 8,21,22,hit > hit,1.0,win_dealer_bust,1.0
1144,12,Simplified,1145,1,0,False,False,7 J,7 J,8,8 8 6,17,22,stand,1.0,win_dealer_bust,1.0
1145,12,Simplified,1146,1,0,False,False,10 7,10 7,4,4 10 J,17,24,stand,1.0,win_dealer_bust,1.0
1146,12,Simplified,1147,1,0,False,False,3 8,3 8 4,9,9 10,15,19,hit > stand,1.0,loss,-1.0
1147,12,Simplified,1148,1,0,False,False,A 5,A 5 A 4,2,2 8 5 6,21,21,hit > hit,1.0,push,0.0
1148,12,Simplified,1149,1,0,False,False,6 10,6 10,5,5 J 5,16,20,stand,1.0,loss,-1.0
1149,12,Simplified,1150,1,0,False,False,8 K,8 K,4,4 8 4 8,18,24,stand,1.0,win_dealer_bust,1.0
1150,12,Simplified,1151,1,0,False,False,9 Q,9 Q,2,2 2 A 7 4 6,19,22,stand,1.0,win_dealer_bust,1.0
1151,12,Simplified,1152,1,0,False,False,J K,J K,3,3 8 2 10,20,23,stand,1.0,win_dealer_bust,1.0
1152,12,Simplified,1153,1,0,False,False,Q 5,Q 5,K,K 3 6,15,19,stand,1.0,loss,-1.0
1153,12,Simplified,1154,1,0,False,False,9 2,9 2 6,7,7 J,17,17,hit > stand,1.0,push,0.0
1154,12,Simplified,1155,1,0,False,False,J J,J J,K,K Q,20,20,stand,1.0,push,0.0
1155,12,Simplified,1156,1,0,False,False,A J,A J,J,J 7,21,17,blackjack_check,1.0,player_blackjack,1.5
1156,12,Simplified,1157,1,0,False,False,7 10,7 10,9,9 K,17,19,stand,1.0,loss,-1.0
1157,12,Simplified,1158,1,0,False,False,2 J,2 J,Q,Q 2 7,12,19,stand,1.0,loss,-1.0
1158,12,Simplified,1159,1,0,False,False,10 4,10 4,3,3 Q J,14,23,stand,1.0,win_dealer_bust,1.0
1159,12,Simplified,1160,1,0,False,False,A J,A J,10,10 8,21,18,blackjack_check,1.0,player_blackjack,1.5
1160,12,Simplified,1161,1,0,False,False,2 Q,2 Q,10,10 2 J,12,22,stand,1.0,win_dealer_bust,1.0
1161,12,Simplified,1162,1,0,False,False,2 2,2 2 7 K,9,9 9,21,18,hit > hit,1.0,win,1.0
1162,12,Simplified,1163,1,0,False,False,9 5,9 5,Q,Q 10,14,20,stand,1.0,loss,-1.0
1163,12,Simplified,1164,1,0,False,False,4 J,4 J,10,10 3 7,14,20,stand,1.0,loss,-1.0
1164,12,Simplified,1165,1,0,False,False,A A,A A 10,2,2 5 K,12,17,hit > stand,1.0,loss,-1.0
1165,12,Simplified,1166,1,0,False,False,5 6,5 6 Q,J,J Q,21,20,hit,1.0,win,1.0
1166,12,Simplified,1167,1,0,False,False,J 10,J 10,2,2 4 A,20,17,stand,1.0,win,1.0
1167,12,Simplified,1168,1,0,False,False,Q 4,Q 4,9,9 9,14,18,stand,1.0,loss,-1.0
1168,12,Simplified,1169,1,0,False,False,K 8,K 8,Q,Q A,18,21,blackjack_check,1.0,dealer_blackjack,-1.0
1169,12,Simplified,1170,1,0,False,False,Q J,Q J,6,6 6 7,20,19,stand,1.0,win,1.0
1170,12,Simplified,1171,1,0,False,False,6 4,6 4 3,K,K 10,13,20,hit > stand,1.0,loss,-1.0
1171,12,Simplified,1172,1,0,False,False,5 6,5 6 10,2,2 K 3 9,21,24,hit,1.0,win_dealer_bust,1.0
1172,12,Simplified,1173,1,0,False,False,9 2,9 2 8,3,3 7 2 8,19,20,hit > stand,1.0,loss,-1.0
1173,12,Simplified,1174,1,0,False,False,K J,K J,9,9 K,20,19,stand,1.0,win,1.0
1174,12,Simplified,1175,1,0,False,False,4 5,4 5 Q,7,7 8 8,19,23,hit > stand,1.0,win_dealer_bust,1.0
1175,12,Simplified,1176,1,0,False,False,10 10,10 10,5,5 A 6 J,20,22,stand,1.0,win_dealer_bust,1.0
1176,12,Simplified,1177,1,0,False,False,K J,K J,8,8 9,20,17,stand,1.0,win,1.0
1177,12,Simplified,1178,1,0,False,False,2 Q,2 Q,4,4 5 4 9,12,22,stand,1.0,win_dealer_bust,1.0
1178,12,Simplified,1179,1,0,False,False,A 9,A 9,7,7 A,20,18,stand,1.0,win,1.0
1179,12,Simplified,1180,1,0,False,False,A 6,A 6 K,Q,Q K,17,20,hit > stand,1.0,loss,-1.0
1180,12,Simplified,1181,1,0,False,False,8 Q,8 Q,A,A J,18,21,blackjack_check,1.0,dealer_blackjack,-1.0
1181,12,Simplified,1182,1,0,False,False,4 K,4 K,7,7 8 6,14,21,stand,1.0,loss,-1.0
1182,12,Simplified,1183,1,0,False,False,10 J,10 J,10,10 2 7,20,19,stand,1.0,win,1.0
1183,12,Simplified,1184,1,0,False,False,8 J,8 J,Q,Q 10,18,20,stand,1.0,loss,-1.0
1184,12,Simplified,1185,1,0,False,False,10 2,10 2,2,2 9 5 9,12,25,stand,1.0,win_dealer_bust,1.0
1185,12,Simplified,1186,1,0,False,False,3 10,3 10,4,4 6 J,13,20,stand,1.0,loss,-1.0
1186,12,Simplified,1187,1,0,False,False,Q 9,Q 9,10,10 A,19,21,blackjack_check,1.0,dealer_blackjack,-1.0
1187,12,Simplified,1188,1,0,False,False,6 Q,6 Q,9,9 A,16,20,stand,1.0,loss,-1.0
1188,12,Simplified,1189,1,0,False,False,4 A,4 A 8,10,10 10,13,20,hit > stand,1.0,loss,-1.0
1189,12,Simplified,1190,1,0,False,False,A J,A J,A,A 5,21,16,blackjack_check,1.0,player_blackjack,1.5
1190,12,Simplified,1191,1,0,False,False,6 K,6 K,A,A 9,16,20,stand,1.0,loss,-1.0
1191,12,Simplified,1192,1,0,False,False,4 2,4 2 K,Q,Q Q,16,20,hit > stand,1.0,loss,-1.0
1192,12,Simplified,1193,1,0,False,False,5 9,5 9,3,3 6 6 9,14,24,stand,1.0,win_dealer_bust,1.0
1193,12,Simplified,1194,1,0,False,False,Q 7,Q 7,5,5 3 5 4,17,17,stand,1.0,push,0.0
1194,12,Simplified,1195,1,0,False,False,K Q,K Q,Q,Q 2 9,20,21,stand,1.0,loss,-1.0
1195,12,Simplified,1196,1,0,False,False,7 10,7 10,5,5 9 4,17,18,stand,1.0,loss,-1.0
1196,12,Simplified,1197,1,0,False,False,8 9,8 9,J,J 5 J,17,25,stand,1.0,win_dealer_bust,1.0
1197,12,Simplified,1198,1,0,False,False,5 3,5 3 4,7,7 K,12,17,hit > stand,1.0,loss,-1.0
1198,12,Simplified,1199,1,0,False,False,J Q,J Q,4,4 K 9,20,23,stand,1.0,win_dealer_bust,1.0
1199,12,Simplified,1200,1,0,False,False,7 4,7 4 7,K,K J,18,20,hit > stand,1.0,loss,-1.0
1200,12,Simplified,1201,1,0,False,False,2 K,2 K,8,8 Q,12,18,stand,1.0,loss,-1.0
1201,13,Basic,1202,1,0,False,False,K 8,K 8,6,6 7 3 J,18,26,stand,1.0,win_dealer_bust,1.0
1202,13,Basic,1203,1,0,False,False,2 4,2 4 7 3 8,10,10 Q,24,20,hit > hit > hit,1.0,loss_bust,-1.0
1203,13,Basic,1204,1,0,False,False,J 2,J 2,5,5 3 A,12,19,stand,1.0,loss,-1.0
1204,13,Basic,1205,1,0,False,False,8 5,8 5 4,J,J 9,17,19,hit > stand,1.0,loss,-1.0
1205,13,Basic,1206,1,0,False,False,6 9,6 9,4,4 J 2 J,15,26,stand,1.0,win_dealer_bust,1.0
1206,13,Basic,1207,1,0,False,False,3 Q,3 Q Q,8,8 5,23,13,hit,1.0,loss_bust,-1.0
1207,13,Basic,1208,1,0,False,False,7 2,7 2 8,Q,Q 9,17,19,hit > stand,1.0,loss,-1.0
1208,13,Basic,1209,1,0,False,False,5 K,5 K,5,5 6 8,15,19,stand,1.0,loss,-1.0
1209,13,Basic,1210,1,0,False,False,5 3,5 3 5,2,2 8 2 9,13,21,hit > stand,1.0,loss,-1.0
1210,13,Basic,1211,1,0,False,False,Q K,Q K,7,7 K,20,17,stand,1.0,win,1.0
1211,13,Basic,1212,1,0,False,False,K K,K K,K,K 8,20,18,stand,1.0,win,1.0
1212,13,Basic,1213,1,0,False,False,J K,J K,5,5 J 4,20,19,stand,1.0,win,1.0
1213,13,Basic,1214,1,0,False,False,J 6,J 6 8,Q,Q 3,24,13,hit,1.0,loss_bust,-1.0
1214,13,Basic,1215,1,0,False,False,6 10,6 10 6,Q,Q Q,22,20,hit,1.0,loss_bust,-1.0
1215,13,Basic,1216,1,0,False,False,2 A,2 A K 4,7,7 9 9,17,25,hit > hit > stand,1.0,win_dealer_bust,1.0
1216,13,Basic,1217,1,0,False,False,5 6,5 6 K,6,6 8 Q,21,24,double,2.0,win_dealer_bust,2.0
1217,13,Basic,1218,1,0,False,False,6 3,6 3 5 10,K,K Q,24,20,hit > hit,1.0,loss_bust,-1.0
1218,13,Basic,1219,1,0,False,False,K J,K J,7,7 A,20,18,stand,1.0,win,1.0
1219,13,Basic,1220,1,0,False,False,8 5,8 5 5,10,10 3 2 Q,18,25,hit > stand,1.0,win_dealer_bust,1.0
1220,13,Basic,1221,1,0,False,False,7 7,7 7 5,8,8 6 2 9,19,25,hit > stand,1.0,win_dealer_bust,1.0
1221,13,Basic,1222,1,0,False,False,2 9,2 9 2,K,K 8,13,18,double,2.0,loss,-2.0
1222,13,Basic,1223,1,0,False,False,2 Q,2 Q 6,10,10 5 2,18,17,hit > stand,1.0,win,1.0
1223,13,Basic,1224,1,0,False,False,J 5,J 5 Q,Q,Q 9,25,19,hit,1.0,loss_bust,-1.0
1224,13,Basic,1225,1,0,False,False,K 5,K 5 2,10,10 7,17,17,hit > stand,1.0,push,0.0
1225,13,Basic,1226,1,0,False,False,3 4,3 4 10,J,J 9,17,19,hit > stand,1.0,loss,-1.0
1226,13,Basic,1227,1,0,False,False,4 10,4 10 6,K,K 7,20,17,hit > stand,1.0,win,1.0
1227,13,Basic,1228,1,0,False,False,Q J,Q J,8,8 Q,20,18,stand,1.0,win,1.0
1228,13,Basic,1229,1,0,False,False,Q A,Q A,4,4 8,21,12,blackjack_check,1.0,player_blackjack,1.5
1229,13,Basic,1230,1,0,False,False,9 2,9 2 K,10,10 Q,21,20,double,2.0,win,2.0
1230,13,Basic,1231,1,0,False,False,2 5,2 5 4 5 10,J,J 10,26,20,hit > hit > hit,1.0,loss_bust,-1.0
1231,13,Basic,1232,1,0,False,False,7 A,7 A 2,K,K J,20,20,hit > stand,1.0,push,0.0
1232,13,Basic,1233,1,0,False,False,K 7,K 7,J,J 4 10,17,24,stand,1.0,win_dealer_bust,1.0
1233,13,Basic,1234,1,0,False,False,6 3,6 3 A,K,K 10,20,20,hit > stand,1.0,push,0.0
1234,13,Basic,1235,1,0,False,False,8 K,8 K,9,9 Q,18,19,stand,1.0,loss,-1.0
1235,13,Basic,1236,1,0,False,False,10 3,10 3 7,10,10 Q,20,20,hit > stand,1.0,push,0.0
1236,13,Basic,1237,1,0,False,False,7 6,7 6,3,3 10 5,13,18,stand,1.0,loss,-1.0
1237,13,Basic,1238,1,0,False,False,5 10,5 10 6,7,7 8 9,21,24,hit,1.0,win_dealer_bust,1.0
1238,13,Basic,1239,1,0,False,False,4 5,4 5 J,6,6 J Q,19,26,double,2.0,win_dealer_bust,2.0
1239,13,Basic,1240,1,0,False,False,8 4,8 4 J,J,J 6,22,16,hit,1.0,loss_bust,-1.0
1240,13,Basic,1241,1,0,False,False,6 4,6 4 2,3,3 8 4 6,12,21,double,2.0,loss,-2.0
1241,13,Basic,1242,1,0,False,False,J 10,J 10,5,5 Q 4,20,19,stand,1.0,win,1.0
1242,13,Basic,1243,1,0,False,False,4 J,4 J,6,6 J 7,14,23,stand,1.0,win_dealer_bust,1.0
1243,13,Basic,1244,1,0,False,False,7 6,7 6,3,3 J 10,13,23,stand,1.0,win_dealer_bust,1.0
1244,13,Basic,1245,1,0,False,False,A 3,A 3 10 10,A,A 9,24,20,hit > hit,1.0,loss_bust,-1.0
1245,13,Basic,1246,1,0,False,False,9 4,9 4 10,J,J 9,23,19,hit,1.0,loss_bust,-1.0
1246,13,Basic,1247,1,0,False,False,7 Q,7 Q,3,3 3 5 7,17,18,stand,1.0,loss,-1.0
1247,13,Basic,1248,1,0,False,False,7 10,7 10,7,7 6 4,17,17,stand,1.0,push,0.0
1248,13,Basic,1249,1,0,False,False,J 5,J 5 6,8,8 Q,21,18,hit,1.0,win,1.0
1249,13,Basic,1250,1,0,False,False,K 7,K 7,8,8 5 K,17,23,stand,1.0,win_dealer_bust,1.0
1250,13,Basic,1251,1,0,False,False,8 9,8 9,10,10 2 5,17,17,stand,1.0,push,0.0
1251,13,Basic,1252,1,0,False,False,7 2,7 2 6,3,3 J 8,15,21,double,2.0,loss,-2.0
1252,13,Basic,1253,1,0,False,False,10 Q,10 Q,8,8 2 6 9,20,25,stand,1.0,win_dealer_bust,1.0
1253,13,Basic,1254,1,0,False,False,8 J,8 J,2,2 8 6 10,18,26,stand,1.0,win_dealer_bust,1.0
1254,13,Basic,1255,1,0,False,False,A Q,A Q,5,5 J,21,15,blackjack_check,1.0,player_blackjack,1.5
1255,13,Basic,1256,1,0,False,False,A 9,A 9,7,7 Q,20,17,stand,1.0,win,1.0
1256,13,Basic,1257,1,0,False,False,K A,K A,5,5 J,21,15,blackjack_check,1.0,player_blackjack,1.5
1257,13,Basic,1258,1,0,False,False,J 8,J 8,2,2 9 7,18,18,stand,1.0,push,0.0
1258,13,Basic,1259,1,0,False,False,3 K,3 K,Q,Q A,13,21,blackjack_check,1.0,dealer_blackjack,-1.0
1259,13,Basic,1260,1,0,False,False,5 3,5 3 5,2,2 5 10,13,17,hit > stand,1.0,loss,-1.0
1260,13,Basic,1261,1,0,False,False,J 8,J 8,Q,Q 6 10,18,26,stand,1.0,win_dealer_bust,1.0
1261,13,Basic,1262,1,0,False,False,2 A,2 A 8,4,4 4 K,21,18,hit,1.0,win,1.0
1262,13,Basic,1263,1,0,False,False,5 7,5 7,4,4 7 10,12,21,stand,1.0,loss,-1.0
1263,13,Basic,1264,1,0,False,False,4 10,4 10,6,6 10 10,14,26,stand,1.0,win_dealer_bust,1.0
1264,13,Basic,1265,1,0,False,False,5 6,5 6 Q,10,10 9,21,19,double,2.0,win,2.0
1265,13,Basic,1266,1,0,False,False,8 J,8 J,6,6 2 Q,18,18,stand,1.0,push,0.0
1266,13,Basic,1267,1,0,False,False,9 8,9 8,Q,Q 4 6,17,20,stand,1.0,loss,-1.0
1267,13,Basic,1268,1,0,False,False,Q J,Q J,7,7 7 Q,20,24,stand,1.0,win_dealer_bust,1.0
1268,13,Basic,1269,1,0,False,False,7 Q,7 Q,3,3 K 9,17,22,stand,1.0,win_dealer_bust,1.0
1269,13,Basic,1270,1,0,False,False,9 4,9 4,6,6 6 2 3,13,17,stand,1.0,loss,-1.0
1270,13,Basic,1271,1,0,False,False,4 A,4 A 3 6,3,3 J K,14,23,hit > hit > stand,1.0,win_dealer_bust,1.0
1271,13,Basic,1272,1,0,False,False,6 10,6 10 7,A,A 2,23,13,hit,1.0,loss_bust,-1.0
1272,13,Basic,1273,1,0,False,False,4 4,4 4 A,8,8 9,19,17,hit > stand,1.0,win,1.0
1273,13,Basic,1274,1,0,False,False,9 8,9 8,A,A 9,17,20,stand,1.0,loss,-1.0
1274,13,Basic,1275,1,0,False,False,8 4,8 4 A 10,7,7 4,23,11,hit > hit,1.0,loss_bust,-1.0
1275,13,Basic,1276,1,0,False,False,2 4,2 4 A A,7,7 10,18,17,hit > hit > stand,1.0,win,1.0
1276,13,Basic,1277,1,0,False,False,A 5,A 5 5,2,2 Q A A 9,21,23,hit,1.0,win_dealer_bust,1.0
1277,13,Basic,1278,1,0,False,False,J 9,J 9,A,A K,19,21,blackjack_check,1.0,dealer_blackjack,-1.0
1278,13,Basic,1279,1,0,False,False,K 5,K 5,2,2 7 J,15,19,stand,1.0,loss,-1.0
1279,13,Basic,1280,1,0,False,False,3 J,3 J,3,3 Q 6,13,19,stand,1.0,loss,-1.0
1280,13,Basic,1281,1,0,False,False,4 4,4 4,J,J A,8,21,blackjack_check,1.0,dealer_blackjack,-1.0
1281,13,Basic,1282,1,0,False,False,K A,K A,2,2 3,21,5,blackjack_check,1.0,player_blackjack,1.5
1282,13,Basic,1283,1,0,False,False,7 7,7 7 J,10,10 8,24,18,hit,1.0,loss_bust,-1.0
1283,13,Basic,1284,1,0,False,False,3 9,3 9 2,2,2 Q Q,14,22,hit > stand,1.0,win_dealer_bust,1.0
1284,13,Basic,1285,1,0,False,False,2 5,2 5 6 A A J,9,9 7,25,16,hit > hit > hit > hit,1.0,loss_bust,-1.0
1285,13,Basic,1286,1,0,False,False,Q 3,Q 3 5,7,7 K,18,17,hit > stand,1.0,win,1.0
1286,13,Basic,1287,1,0,False,False,A 4,A 4 8,4,4 8 Q,13,22,double,2.0,win_dealer_bust,2.0
1287,13,Basic,1288,1,0,False,False,3 2,3 2 5 8,6,6 A,18,17,hit > hit > stand,1.0,win,1.0
1288,13,Basic,1289,1,0,False,False,K Q,K Q,Q,Q A,20,21,blackjack_check,1.0,dealer_blackjack,-1.0
1289,13,Basic,1290,1,0,False,False,K A,K A,3,3 8,21,11,blackjack_check,1.0,player_blackjack,1.5
1290,13,Basic,1291,1,0,False,False,Q K,Q K,Q,Q 2 5,20,17,stand,1.0,win,1.0
1291,13,Basic,1292,1,0,False,False,J J,J J,5,5 A 10 2,20,18,stand,1.0,win,1.0
1292,13,Basic,1293,1,0,False,False,A 9,A 9,9,9 4 7,20,20,stand,1.0,push,0.0
1293,13,Basic,1294,1,0,False,False,6 8,6 8,J,J A,14,21,blackjack_check,1.0,dealer_blackjack,-1.0
1294,13,Basic,1295,1,0,False,False,Q 8,Q 8,A,A 5 10 A,18,17,stand,1.0,win,1.0
1295,13,Basic,1296,1,0,False,False,6 4,6 4 Q,2,2 9 J,20,21,double,2.0,loss,-2.0
1296,13,Basic,1297,1,0,False,False,A 3,A 3 K 2 2,7,7 6 J,18,23,hit > hit > hit > stand,1.0,win_dealer_bust,1.0
1297,13,Basic,1298,1,0,False,False,K 10,K 10,Q,Q 3 3 3,20,19,stand,1.0,win,1.0
1298,13,Basic,1299,1,0,False,False,J A,J A,10,10 8,21,18,blackjack_check,1.0,player_blackjack,1.5
1299,13,Basic,1300,1,0,False,False,Q 6,Q 6,A,A J,16,21,blackjack_check,1.0,dealer_blackjack,-1.0
1300,13,Basic,1301,1,0,False,False,10 Q,10 Q,7,7 Q,20,17,stand,1.0,win,1.0
1301,14,Simplified,1302,1,0,False,False,4 A,4 A 10,2,2 J 6,15,18,hit > stand,1.0,loss,-1.0
1302,14,Simplified,1303,1,0,False,False,2 6,2 6 7,K,K 5 10,15,25,hit > stand,1.0,win_dealer_bust,1.0
1303,14,Simplified,1304,1,0,False,False,8 7,8 7,3,3 10 A Q,15,24,stand,1.0,win_dealer_bust,1.0
1304,14,Simplified,1305,1,0,False,False,4 6,4 6 6,7,7 3 4 A Q,16,25,hit > stand,1.0,win_dealer_bust,1.0
1305,14,Simplified,1306,1,0,False,False,5 10,5 10,6,6 K 10,15,26,stand,1.0,win_dealer_bust,1.0
1306,14,Simplified,1307,1,0,False,False,2 6,2 6 8,4,4 8 10,16,22,hit > stand,1.0,win_dealer_bust,1.0
1307,14,Simplified,1308,1,0,False,False,5 J,5 J,10,10 10,15,20,stand,1.0,loss,-1.0
1308,14,Simplified,1309,1,0,False,False,6 8,6 8,K,K 4 A 5,14,20,stand,1.0,loss,-1.0
1309,14,Simplified,1310,1,0,False,False,6 K,6 K,10,10 J,16,20,stand,1.0,loss,-1.0
1310,14,Simplified,1311,1,0,False,False,2 5,2 5 9,4,4 4 A,16,19,hit > stand,1.0,loss,-1.0
1311,14,Simplified,1312,1,0,False,False,3 7,3 7 A,6,6 10 3,21,19,hit,1.0,win,1.0
1312,14,Simplified,1313,1,0,False,False,5 J,5 J,9,9 3 10,15,22,stand,1.0,win_dealer_bust,1.0
1313,14,Simplified,1314,1,0,False,False,6 9,6 9,8,8 2 A,15,21,stand,1.0,loss,-1.0
1314,14,Simplified,1315,1,0,False,False,9 5,9 5,9,9 2 3 9,14,23,stand,1.0,win_dealer_bust,1.0
1315,14,Simplified,1316,1,0,False,False,5 Q,5 Q,J,J 9,15,19,stand,1.0,loss,-1.0
1316,14,Simplified,1317,1,0,False,False,2 9,2 9 2,10,10 J,13,20,hit > stand,1.0,loss,-1.0
1317,14,Simplified,1318,1,0,False,False,7 5,7 5,K,K 4 4,12,18,stand,1.0,loss,-1.0
1318,14,Simplified,1319,1,0,False,False,Q 6,Q 6,7,7 Q,16,17,stand,1.0,loss,-1.0
1319,14,Simplified,1320,1,0,False,False,3 9,3 9,7,7 7 3,12,17,stand,1.0,loss,-1.0
1320,14,Simplified,1321,1,0,False,False,2 7,2 7 8,3,3 A 5,17,19,hit > stand,1.0,loss,-1.0
1321,14,Simplified,1322,1,0,False,False,K Q,K Q,4,4 6 10,20,20,stand,1.0,push,0.0
1322,14,Simplified,1323,1,0,False,False,J J,J J,5,5 8 A 10,20,24,stand,1.0,win_dealer_bust,1.0
1323,14,Simplified,1324,1,0,False,False,3 K,3 K,9,9 9,13,18,stand,1.0,loss,-1.0
1324,14,Simplified,1325,1,0,False,False,5 8,5 8,J,J J,13,20,stand,1.0,loss,-1.0
1325,14,Simplified,1326,1,0,False,False,J 8,J 8,10,10 K,18,20,stand,1.0,loss,-1.0
1326,14,Simplified,1327,1,0,False,False,J 6,J 6,3,3 2 9 A J,16,25,stand,1.0,win_dealer_bust,1.0
1327,14,Simplified,1328,1,0,False,False,5 4,5 4 9,5,5 9 9,18,23,hit > stand,1.0,win_dealer_bust,1.0
1328,14,Simplified,1329,1,0,False,False,Q 10,Q 10,10,10 9,20,19,stand,1.0,win,1.0
1329,14,Simplified,1330,1,0,False,False,4 2,4 2,J,J A,6,21,blackjack_check,1.0,dealer_blackjack,-1.0
1330,14,Simplified,1331,1,0,False,False,8 J,8 J,10,10 9,18,19,stand,1.0,loss,-1.0
1331,14,Simplified,1332,1,0,False,False,A 2,A 2 8,10,10 Q,21,20,hit,1.0,win,1.0
1332,14,Simplified,1333,1,0,False,False,K 4,K 4,7,7 4 9,14,20,stand,1.0,loss,-1.0
1333,14,Simplified,1334,1,0,False,False,5 K,5 K,K,K A,15,21,blackjack_check,1.0,dealer_blackjack,-1.0
1334,14,Simplified,1335,1,0,False,False,5 Q,5 Q,A,A A 7,15,19,stand,1.0,loss,-1.0
1335,14,Simplified,1336,1,0,False,False,5 9,5 9,4,4 K 7,14,21,stand,1.0,loss,-1.0
1336,14,Simplified,1337,1,0,False,False,6 4,6 4 5,5,5 Q J,15,25,hit > stand,1.0,win_dealer_bust,1.0
1337,14,Simplified,1338,1,0,False,False,9 Q,9 Q,6,6 3 K,19,19,stand,1.0,push,0.0
1338,14,Simplified,1339,1,0,False,False,6 10,6 10,2,2 K 3 9,16,24,stand,1.0,win_dealer_bust,1.0
1339,14,Simplified,1340,1,0,False,False,9 10,9 10,3,3 J 2 3,19,18,stand,1.0,win,1.0
1340,14,Simplified,1341,1,0,False,False,7 8,7 8,3,3 7 A,15,21,stand,1.0,loss,-1.0
1341,14,Simplified,1342,1,0,False,False,J K,J K,3,3 5 2 A,20,21,stand,1.0,loss,-1.0
1342,14,Simplified,1343,1,0,False,False,7 4,7 4 4,10,10 J,15,20,hit > stand,1.0,loss,-1.0
1343,14,Simplified,1344,1,0,False,False,J 2,J 2,K,K 8,12,18,stand,1.0,loss,-1.0
1344,14,Simplified,1345,1,0,False,False,7 Q,7 Q,5,5 3 Q,17,18,stand,1.0,loss,-1.0
1345,14,Simplified,1346,1,0,False,False,10 8,10 8,9,9 6 6,18,21,stand,1.0,loss,-1.0
1346,14,Simplified,1347,1,0,False,False,2 2,2 2 Q,8,8 4 10,14,22,hit > stand,1.0,win_dealer_bust,1.0
1347,14,Simplified,1348,1,0,False,False,J 5,J 5,5,5 K Q,15,25,stand,1.0,win_dealer_bust,1.0
1348,14,Simplified,1349,1,0,False,False,6 Q,6 Q,5,5 9 Q,16,24,stand,1.0,win_dealer_bust,1.0
1349,14,Simplified,1350,1,0,False,False,10 5,10 5,A,A 3 8 4 10,15,26,stand,1.0,win_dealer_bust,1.0
1350,14,Simplified,1351,1,0,False,False,10 5,10 5,7,7 5 A K,15,23,stand,1.0,win_dealer_bust,1.0
1351,14,Simplified,1352,1,0,False,False,8 6,8 6,7,7 Q,14,17,stand,1.0,loss,-1.0
1352,14,Simplified,1353,1,0,False,False,4 7,4 7 A,A,A 4 6,12,21,hit > stand,1.0,loss,-1.0
1353,14,Simplified,1354,1,0,False,False,6 4,6 4 J,Q,Q 8,20,18,hit > stand,1.0,win,1.0
1354,14,Simplified,1355,1,0,False,False,J Q,J Q,2,2 7 3 2 7,20,21,stand,1.0,loss,-1.0
1355,14,Simplified,1356,1,0,False,False,10 9,10 9,7,7 4 6,19,17,stand,1.0,win,1.0
1356,14,Simplified,1357,1,0,False,False,8 Q,8 Q,8,8 Q,18,18,stand,1.0,push,0.0
1357,14,Simplified,1358,1,0,False,False,4 2,4 2 Q,10,10 Q,16,20,hit > stand,1.0,loss,-1.0
1358,14,Simplified,1359,1,0,False,False,4 A,4 A 3,5,5 5 2 K,18,22,hit > stand,1.0,win_dealer_bust,1.0
1359,14,Simplified,1360,1,0,False,False,3 6,3 6 J,9,9 2 5 Q,19,26,hit > stand,1.0,win_dealer_bust,1.0
1360,14,Simplified,1361,1,0,False,False,Q 4,Q 4,A,A 9,14,20,stand,1.0,loss,-1.0
1361,14,Simplified,1362,1,0,False,False,10 2,10 2,9,9 9,12,18,stand,1.0,loss,-1.0
1362,14,Simplified,1363,1,0,False,False,Q K,Q K,Q,Q 3 A 9,20,23,stand,1.0,win_dealer_bust,1.0
1363,14,Simplified,1364,1,0,False,False,2 6,2 6 3 A,10,10 5 9,12,24,hit > hit > stand,1.0,win_dealer_bust,1.0
1364,14,Simplified,1365,1,0,False,False,10 7,10 7,8,8 4 5,17,17,stand,1.0,push,0.0
1365,14,Simplified,1366,1,0,False,False,10 9,10 9,K,K A,19,21,blackjack_check,1.0,dealer_blackjack,-1.0
1366,14,Simplified,1367,1,0,False,False,3 J,3 J,6,6 Q 7,13,23,stand,1.0,win_dealer_bust,1.0
1367,14,Simplified,1368,1,0,False,False,6 J,6 J,K,K A,16,21,blackjack_check,1.0,dealer_blackjack,-1.0
1368,14,Simplified,1369,1,0,False,False,9 2,9 2 10,K,K 4 3,21,17,hit,1.0,win,1.0
1369,14,Simplified,1370,1,0,False,False,8 K,8 K,10,10 J,18,20,stand,1.0,loss,-1.0
1370,14,Simplified,1371,1,0,False,False,K J,K J,Q,Q Q,20,20,stand,1.0,push,0.0
1371,14,Simplified,1372,1,0,False,False,K 3,K 3,A,A 7,13,18,stand,1.0,loss,-1.0
1372,14,Simplified,1373,1,0,False,False,8 3,8 3 4,J,J 4 6,15,20,hit > stand,1.0,loss,-1.0
1373,14,Simplified,1374,1,0,False,False,7 Q,7 Q,8,8 A,17,19,stand,1.0,loss,-1.0
1374,14,Simplified,1375,1,0,False,False,3 10,3 10,5,5 J A 8,13,24,stand,1.0,win_dealer_bust,1.0
1375,14,Simplified,1376,1,0,False,False,7 A,7 A,2,2 A 10 Q,18,23,stand,1.0,win_dealer_bust,1.0
1376,14,Simplified,1377,1,0,False,False,8 10,8 10,3,3 9 3 4,18,19,stand,1.0,loss,-1.0
1377,14,Simplified,1378,1,0,False,False,3 J,3 J,10,10 9,13,19,stand,1.0,loss,-1.0
1378,14,Simplified,1379,1,0,False,False,5 8,5 8,2,2 3 A 10 Q,13,26,stand,1.0,win_dealer_bust,1.0
1379,14,Simplified,1380,1,0,False,False,2 A,2 A K,10,10 2 7,13,19,hit > stand,1.0,loss,-1.0
1380,14,Simplified,1381,1,0,False,False,8 2,8 2 6,2,2 9 2 7,16,20,hit > stand,1.0,loss,-1.0
1381,14,Simplified,1382,1,0,False,False,5 6,5 6 K,9,9 3 5,21,17,hit,1.0,win,1.0
1382,14,Simplified,1383,1,0,False,False,Q 10,Q 10,5,5 3 2 4 7,20,21,stand,1.0,loss,-1.0
1383,14,Simplified,1384,1,0,False,False,J 8,J 8,A,A 3 Q 3,18,17,stand,1.0,win,1.0
1384,14,Simplified,1385,1,0,False,False,10 5,10 5,5,5 5 10,15,20,stand,1.0,loss,-1.0
1385,14,Simplified,1386,1,0,False,False,5 K,5 K,8,8 10,15,18,stand,1.0,loss,-1.0
1386,14,Simplified,1387,1,0,False,False,J A,J A,A,A 7,21,18,blackjack_check,1.0,player_blackjack,1.5
1387,14,Simplified,1388,1,0,False,False,9 6,9 6,4,4 A Q K,15,25,stand,1.0,win_dealer_bust,1.0
1388,14,Simplified,1389,1,0,False,False,7 J,7 J,2,2 9 J,17,21,stand,1.0,loss,-1.0
1389,14,Simplified,1390,1,0,False,False,A J,A J,A,A 5,21,16,blackjack_check,1.0,player_blackjack,1.5
1390,14,Simplified,1391,1,0,False,False,3 K,3 K,6,6 J 9,13,25,stand,1.0,win_dealer_bust,1.0
1391,14,Simplified,1392,1,0,False,False,3 8,3 8 7,K,K J,18,20,hit > stand,1.0,loss,-1.0
1392,14,Simplified,1393,1,0,False,False,3 10,3 10,7,7 K,13,17,stand,1.0,loss,-1.0
1393,14,Simplified,1394,1,0,False,False,4 3,4 3 3 8,6,6 2 4 A 6,18,19,hit > hit > stand,1.0,loss,-1.0
1394,14,Simplified,1395,1,0,False,False,4 J,4 J,6,6 9 6,14,21,stand,1.0,loss,-1.0
1395,14,Simplified,1396,1,0,False,False,Q 10,Q 10,2,2 J J,20,22,stand,1.0,win_dealer_bust,1.0
1396,14,Simplified,1397,1,0,False,False,2 8,2 8 9,J,J 6 4,19,20,hit > stand,1.0,loss,-1.0
1397,14,Simplified,1398,1,0,False,False,9 4,9 4,3,3 7 J,13,20,stand,1.0,loss,-1.0
1398,14,Simplified,1399,1,0,False,False,5 4,5 4 K,10,10 2 6,19,18,hit > stand,1.0,win,1.0
1399,14,Simplified,1400,1,0,False,False,K 5,K 5,9,9 9,15,18,stand,1.0,loss,-1.0
1400,14,Simplified,1401,1,0,False,False,6 6,6 6,8,8 K,12,18,stand,1.0,loss,-1.0
1401,15,Basic,1402,1,0,False,False,2 10,2 10 Q,J,J 10,22,20,hit,1.0,loss_bust,-1.0
1402,15,Basic,1403,1,0,False,False,6 J,6 J 4,7,7 A,20,18,hit > stand,1.0,win,1.0
1403,15,Basic,1404,1,0,False,False,A 6,A 6 K,4,4 K J,17,24,double,2.0,win_dealer_bust,2.0
1404,15,Basic,1405,1,0,False,False,3 K,3 K,6,6 10 4,13,20,stand,1.0,loss,-1.0
1405,15,Basic,1406,1,0,False,False,A 3,A 3 5,8,8 3 9,19,20,hit > stand,1.0,loss,-1.0
1406,15,Basic,1407,1,0,False,False,2 4,2 4 J,5,5 K K,16,25,hit > stand,1.0,win_dealer_bust,1.0
1407,15,Basic,1408,1,0,False,False,9 6,9 6 A 3,Q,Q 4 8,19,22,hit > hit > stand,1.0,win_dealer_bust,1.0
1408,15,Basic,1409,1,0,False,False,4 2,4 2 Q 3,9,9 J,19,19,hit > hit > stand,1.0,push,0.0
1409,15,Basic,1410,1,0,False,False,J 5,J 5 K,9,9 7,25,16,hit,1.0,loss_bust,-1.0
1410,15,Basic,1411,1,0,False,False,Q 10,Q 10,9,9 7 10,20,26,stand,1.0,win_dealer_bust,1.0
1411,15,Basic,1412,1,0,False,False,4 6,4 6 J,K,K 9,20,19,hit > stand,1.0,win,1.0
1412,15,Basic,1413,1,1,True,False,7 3,7 3 9,4,4 8 3 10,19,25,double,2.0,win_dealer_bust,2.0
1412,15,Basic,1413,2,1,True,False,7 A,7 A 8,4,4 8 3 10,16,25,double,2.0,win_dealer_bust,2.0
1413,15,Basic,1414,1,0,False,False,J Q,J Q,2,2 3 10 K,20,25,stand,1.0,win_dealer_bust,1.0
1414,15,Basic,1415,1,0,False,False,2 K,2 K 5,9,9 K,17,19,hit > stand,1.0,loss,-1.0
1415,15,Basic,1416,1,0,False,False,J 3,J 3 J,8,8 A,23,19,hit,1.0,loss_bust,-1.0
1416,15,Basic,1417,1,0,False,False,J 5,J 5,4,4 9 A 4,15,18,stand,1.0,loss,-1.0
1417,15,Basic,1418,1,0,False,False,3 4,3 4 10,6,6 8 7,17,21,hit > stand,1.0,loss,-1.0
1418,15,Basic,1419,1,0,False,False,J 4,J 4,2,2 6 9,14,17,stand,1.0,loss,-1.0
1419,15,Basic,1420,1,0,False,False,A 4,A 4 6,4,4 9 8,21,21,double,2.0,push,0.0
1420,15,Basic,1421,1,0,False,False,Q 8,Q 8,3,3 5 10,18,18,stand,1.0,push,0.0
1421,15,Basic,1422,1,1,True,False,2 5,2 5 6,4,4 4 8 8,13,24,hit > stand,1.0,win_dealer_bust,1.0
1421,15,Basic,1422,2,1,True,False,2 3,2 3 A 3,4,4 4 8 8,19,24,hit > hit > stand,1.0,win_dealer_bust,1.0
1422,15,Basic,1423,1,0,False,False,8 Q,8 Q,5,5 K J,18,25,stand,1.0,win_dealer_bust,1.0
1423,15,Basic,1424,1,0,False,False,2 7,2 7 8,2,2 9 Q,17,21,hit > stand,1.0,loss,-1.0
1424,15,Basic,1425,1,0,False,False,Q K,Q K,9,9 6 6,20,21,stand,1.0,loss,-1.0
1425,15,Basic,1426,1,0,False,False,6 8,6 8,A,A K,14,21,blackjack_check,1.0,dealer_blackjack,-1.0
1426,15,Basic,1427,1,0,False,False,4 K,4 K J,A,A A,24,12,hit,1.0,loss_bust,-1.0
1427,15,Basic,1428,1,0,False,False,5 2,5 2 9 8,9,9 A,24,20,hit > hit,1.0,loss_bust,-1.0
1428,15,Basic,1429,1,0,False,False,8 6,8 6 9,10,10 K,23,20,hit,1.0,loss_bust,-1.0
1429,15,Basic,1430,1,1,True,False,8 3,8 3 6,A,A 6,17,17,hit > stand,1.0,push,0.0
1429,15,Basic,1430,2,1,True,False,8 K,8 K,A,A 6,18,17,stand,1.0,win,1.0
1430,15,Basic,1431,1,0,False,False,3 J,3 J,2,2 5 8 7,13,22,stand,1.0,win_dealer_bust,1.0
1431,15,Basic,1432,1,0,False,False,Q 6,Q 6,A,A Q,16,21,blackjack_check,1.0,dealer_blackjack,-1.0
1432,15,Basic,1433,1,0,False,False,J K,J K,K,K A,20,21,blackjack_check,1.0,dealer_blackjack,-1.0
1433,15,Basic,1434,1,0,False,False,A 5,A 5 K,3,3 2 9 Q,16,24,hit > stand,1.0,win_dealer_bust,1.0
1434,15,Basic,1435,1,0,False,False,9 4,9 4 5,K,K 9,18,19,hit > stand,1.0,loss,-1.0
1435,15,Basic,1436,1,0,False,False,A Q,A Q,4,4 9,21,13,blackjack_check,1.0,player_blackjack,1.5
1436,15,Basic,1437,1,0,False,False,10 J,10 J,9,9 3 4 6,20,22,stand,1.0,win_dealer_bust,1.0
1437,15,Basic,1438,1,0,False,False,9 2,9 2 7,9,9 5 7,18,21,double,2.0,loss,-2.0
1438,15,Basic,1439,1,0,False,False,8 9,8 9,J,J Q,17,20,stand,1.0,loss,-1.0
1439,15,Basic,1440,1,0,False,False,K Q,K Q,7,7 Q,20,17,stand,1.0,win,1.0
1440,15,Basic,1441,1,0,False,False,9 8,9 8,Q,Q 7,17,17,stand,1.0,push,0.0
1441,15,Basic,1442,1,0,False,False,3 2,3 2 K,3,3 6 3 5,15,17,hit > stand,1.0,loss,-1.0
1442,15,Basic,1443,1,0,False,False,4 10,4 10 Q,7,7 9,24,16,hit,1.0,loss_bust,-1.0
1443,15,Basic,1444,1,0,False,False,9 Q,9 Q,Q,Q K,19,20,stand,1.0,loss,-1.0
1444,15,Basic,1445,1,0,False,False,J A,J A,2,2 K,21,12,blackjack_check,1.0,player_blackjack,1.5
1445,15,Basic,1446,1,0,False,False,5 J,5 J 5,8,8 6 K,20,24,hit > stand,1.0,win_dealer_bust,1.0
1446,15,Basic,1447,1,0,False,False,J 6,J 6,6,6 6 K,16,22,stand,1.0,win_dealer_bust,1.0
1447,15,Basic,1448,1,0,False,False,7 A,7 A 6 A 8,Q,Q 8,23,18,hit > hit > hit,1.0,loss_bust,-1.0
1448,15,Basic,1449,1,0,False,False,2 A,2 A 3 Q A,J,J 7,17,17,hit > hit > hit > stand,1.0,push,0.0
1449,15,Basic,1450,1,0,False,False,8 6,8 6 3,J,J 8,17,18,hit > stand,1.0,loss,-1.0
1450,15,Basic,1451,1,0,False,False,Q K,Q K,9,9 2 J,20,21,stand,1.0,loss,-1.0
1451,15,Basic,1452,1,0,False,False,3 2,3 2 2 J,Q,Q Q,17,20,hit > hit > stand,1.0,loss,-1.0
1452,15,Basic,1453,1,0,False,False,10 5,10 5 6,K,K J,21,20,hit,1.0,win,1.0
1453,15,Basic,1454,1,0,False,False,Q 5,Q 5 J,9,9 2,25,11,hit,1.0,loss_bust,-1.0
1454,15,Basic,1455,1,0,False,False,8 2,8 2 4 K,Q,Q J,24,20,hit > hit,1.0,loss_bust,-1.0
1455,15,Basic,1456,1,0,False,False,10 J,10 J,4,4 A Q J,20,25,stand,1.0,win_dealer_bust,1.0
1456,15,Basic,1457,1,0,False,False,Q 4,Q 4 7,K,K J,21,20,hit,1.0,win,1.0
1457,15,Basic,1458,1,0,False,False,6 K,6 K,3,3 2 10 7,16,22,stand,1.0,win_dealer_bust,1.0
1458,15,Basic,1459,1,0,False,False,9 9,9 9,10,10 A,18,21,blackjack_check,1.0,dealer_blackjack,-1.0
1459,15,Basic,1460,1,0,False,False,4 K,4 K,4,4 8 10,14,22,stand,1.0,win_dealer_bust,1.0
1460,15,Basic,1461,1,0,False,False,2 4,2 4 10,2,2 Q J,16,22,hit > stand,1.0,win_dealer_bust,1.0
1461,15,Basic,1462,1,0,False,False,A 5,A 5,A,A K,16,21,blackjack_check,1.0,dealer_blackjack,-1.0
1462,15,Basic,1463,1,0,False,False,8 A,8 A 10,6,6 3 J,19,19,double,2.0,push,0.0
1463,15,Basic,1464,1,0,False,False,J K,J K,A,A 8,20,19,stand,1.0,win,1.0
1464,15,Basic,1465,1,0,False,False,Q 8,Q 8,3,3 3 A,18,17,stand,1.0,win,1.0
1465,15,Basic,1466,1,0,False,False,4 4,4 4 2 8,2,2 9 10,18,21,hit > hit > stand,1.0,loss,-1.0
1466,15,Basic,1467,1,0,False,False,3 Q,3 Q J,9,9 8,23,17,hit,1.0,loss_bust,-1.0
1467,15,Basic,1468,1,0,False,False,4 8,4 8 10,Q,Q 10,22,20,hit,1.0,loss_bust,-1.0
1468,15,Basic,1469,1,0,False,False,8 A,8 A,A,A 4 5,19,20,stand,1.0,loss,-1.0
1469,15,Basic,1470,1,0,False,False,A K,A K,10,10 5,21,15,blackjack_check,1.0,player_blackjack,1.5
1470,15,Basic,1471,1,0,False,False,J J,J J,Q,Q Q,20,20,stand,1.0,push,0.0
1471,15,Basic,1472,1,0,False,False,7 8,7 8 3,J,J 4 Q,18,24,hit > stand,1.0,win_dealer_bust,1.0
1472,15,Basic,1473,1,0,False,False,10 9,10 9,4,4 9 A 5,19,19,stand,1.0,push,0.0
1473,15,Basic,1474,1,0,False,False,8 J,8 J,2,2 K 10,18,22,stand,1.0,win_dealer_bust,1.0
1474,15,Basic,1475,1,0,False,False,2 5,2 5 8,2,2 3 6 K,15,21,hit > stand,1.0,loss,-1.0
1475,15,Basic,1476,1,0,False,False,5 A,5 A 5,J,J 6 9,21,25,hit,1.0,win_dealer_bust,1.0
1476,15,Basic,1477,1,0,False,False,5 10,5 10,Q,Q A,15,21,blackjack_check,1.0,dealer_blackjack,-1.0
1477,15,Basic,1478,1,0,False,False,10 K,10 K,6,6 Q 4,20,20,stand,1.0,push,0.0
1478,15,Basic,1479,1,0,False,False,9 7,9 7 Q,9,9 3,26,12,hit,1.0,loss_bust,-1.0
1479,15,Basic,1480,1,0,False,False,8 7,8 7 K,K,K 5,25,15,hit,1.0,loss_bust,-1.0
1480,15,Basic,1481,1,0,False,False,7 6,7 6 4,Q,Q 5 9,17,24,hit > stand,1.0,win_dealer_bust,1.0
1481,15,Basic,1482,1,0,False,False,5 8,5 8,2,2 J 8,13,20,stand,1.0,loss,-1.0
1482,15,Basic,1483,1,0,False,False,3 Q,3 Q,6,6 3 2 8,13,19,stand,1.0,loss,-1.0
1483,15,Basic,1484,1,0,False,False,Q 3,Q 3 8,9,9 9,21,18,hit,1.0,win,1.0
1484,15,Basic,1485,1,0,False,False,Q 8,Q 8,3,3 5 4 K,18,22,stand,1.0,win_dealer_bust,1.0
1485,15,Basic,1486,1,1,True,False,6 10,6 10,5,5 7 9,16,21,stand,1.0,loss,-1.0
1485,15,Basic,1486,2,1,True,False,6 Q,6 Q,5,5 7 9,16,21,stand,1.0,loss,-1.0
1486,15,Basic,1487,1,0,False,False,A 8,A 8,3,3 Q 4,19,17,stand,1.0,win,1.0
1487,15,Basic,1488,1,0,False,False,A 3,A 3 Q 7,J,J 7,21,17,hit > hit,1.0,win,1.0
1488,15,Basic,1489,1,0,False,False,7 Q,7 Q,K,K 5 K,17,25,stand,1.0,win_dealer_bust,1.0
1489,15,Basic,1490,1,0,False,False,K K,K K,A,A 5 9 4,20,19,stand,1.0,win,1.0
1490,15,Basic,1491,1,0,False,False,7 A,7 A 6,6,6 K 5,14,21,double,2.0,loss,-2.0
1491,15,Basic,1492,1,0,False,False,Q 3,Q 3 10,K,K 8,23,18,hit,1.0,loss_bust,-1.0
1492,15,Basic,1493,1,0,False,False,K 7,K 7,Q,Q 5 10,17,25,stand,1.0,win_dealer_bust,1.0
1493,15,Basic,1494,1,0,False,False,5 2,5 2,10,10 A,7,21,blackjack_check,1.0,dealer_blackjack,-1.0
1494,15,Basic,1495,1,0,False,False,5 K,5 K 5,J,J 4 Q,20,24,hit > stand,1.0,win_dealer_bust,1.0
1495,15,Basic,1496,1,0,False,False,2 4,2 4 2 A,10,10 7,19,17,hit > hit > stand,1.0,win,1.0
1496,15,Basic,1497,1,0,False,False,7 9,7 9 5,10,10 7,21,17,hit,1.0,win,1.0
1497,15,Basic,1498,1,0,False,False,3 5,3 5,A,A Q,8,21,blackjack_check,1.0,dealer_blackjack,-1.0
1498,15,Basic,1499,1,0,False,False,2 10,2 10,4,4 8 Q,12,22,stand,1.0,win_dealer_bust,1.0
1499,15,Basic,1500,1,0,False,False,J 8,J 8,Q,Q 9,18,19,stand,1.0,loss,-1.0
1500,15,Basic,1501,1,0,False,False,4 10,4 10,5,5 4 3 6,14,18,stand,1.0,loss,-1.0
1501,16,Simplified,1502,1,0,False,False,10 6,10 6,9,9 6 J,16,25,stand,1.0,win_dealer_bust,1.0
1502,16,Simplified,1503,1,0,False,False,J 6,J 6,9,9 8,16,17,stand,1.0,loss,-1.0
1503,16,Simplified,1504,1,0,False,False,7 4,7 4 A,7,7 10,12,17,hit > stand,1.0,loss,-1.0
1504,16,Simplified,1505,1,0,False,False,Q 10,Q 10,8,8 J,20,18,stand,1.0,win,1.0
1505,16,Simplified,1506,1,0,False,False,8 2,8 2 9,2,2 6 Q,19,18,hit > stand,1.0,win,1.0
1506,16,Simplified,1507,1,0,False,False,A 4,A 4 J,K,K Q,15,20,hit > stand,1.0,loss,-1.0
1507,16,Simplified,1508,1,0,False,False,A K,A K,6,6 4,21,10,blackjack_check,1.0,player_blackjack,1.5
1508,16,Simplified,1509,1,0,False,False,A 4,A 4 8,6,6 7 Q,13,23,hit > stand,1.0,win_dealer_bust,1.0
1509,16,Simplified,1510,1,0,False,False,5 10,5 10,2,2 10 8,15,20,stand,1.0,loss,-1.0
1510,16,Simplified,1511,1,0,False,False,6 Q,6 Q,4,4 J J,16,24,stand,1.0,win_dealer_bust,1.0
1511,16,Simplified,1512,1,0,False,False,10 10,10 10,A,A Q,20,21,blackjack_check,1.0,dealer_blackjack,-1.0
1512,16,Simplified,1513,1,0,False,False,9 Q,9 Q,7,7 4 J,19,21,stand,1.0,loss,-1.0
1513,16,Simplified,1514,1,0,False,False,2 7,2 7 Q,7,7 9 10,19,26,hit > stand,1.0,win_dealer_bust,1.0
1514,16,Simplified,1515,1,0,False,False,4 A,4 A Q,3,3 9 5,15,17,hit > stand,1.0,loss,-1.0
1515,16,Simplified,1516,1,0,False,False,6 3,6 3 2 3,5,5 Q A 7,14,23,hit > hit > stand,1.0,win_dealer_bust,1.0
1516,16,Simplified,1517,1,0,False,False,10 4,10 4,10,10 K,14,20,stand,1.0,loss,-1.0
1517,16,Simplified,1518,1,0,False,False,8 2,8 2 5,K,K 2 7,15,19,hit > stand,1.0,loss,-1.0
1518,16,Simplified,1519,1,0,False,False,3 8,3 8 A,3,3 Q 7,12,20,hit > stand,1.0,loss,-1.0
1519,16,Simplified,1520,1,0,False,False,3 9,3 9,K,K K,12,20,stand,1.0,loss,-1.0
1520,16,Simplified,1521,1,0,False,False,J 8,J 8,A,A 3 Q 9,18,23,stand,1.0,win_dealer_bust,1.0
1521,16,Simplified,1522,1,0,False,False,Q K,Q K,3,3 3 A,20,17,stand,1.0,win,1.0
1522,16,Simplified,1523,1,0,False,False,6 3,6 3 8,A,A 2 10 8,17,21,hit > stand,1.0,loss,-1.0
1523,16,Simplified,1524,1,0,False,False,K K,K K,5,5 K 8,20,23,stand,1.0,win_dealer_bust,1.0
1524,16,Simplified,1525,1,0,False,False,A 6,A 6 9,2,2 K 4 10,16,26,hit > stand,1.0,win_dealer_bust,1.0
1525,16,Simplified,1526,1,0,False,False,A 2,A 2 6,8,8 J,19,18,hit > stand,1.0,win,1.0
1526,16,Simplified,1527,1,0,False,False,6 5,6 5 7,4,4 4 Q,18,18,hit > stand,1.0,push,0.0
1527,16,Simplified,1528,1,0,False,False,K A,K A,3,3 10,21,13,blackjack_check,1.0,player_blackjack,1.5
1528,16,Simplified,1529,1,0,False,False,3 Q,3 Q,8,8 K,13,18,stand,1.0,loss,-1.0
1529,16,Simplified,1530,1,0,False,False,4 10,4 10,Q,Q A,14,21,blackjack_check,1.0,dealer_blackjack,-1.0
1530,16,Simplified,1531,1,0,False,False,J J,J J,9,9 2 Q,20,21,stand,1.0,loss,-1.0
1531,16,Simplified,1532,1,0,False,False,10 J,10 J,8,8 K,20,18,stand,1.0,win,1.0
1532,16,Simplified,1533,1,0,False,False,6 8,6 8,J,J K,14,20,stand,1.0,loss,-1.0
1533,16,Simplified,1534,1,0,False,False,Q 5,Q 5,8,8 7 Q,15,25,stand,1.0,win_dealer_bust,1.0
1534,16,Simplified,1535,1,0,False,False,6 A,6 A 5,6,6 A,12,17,hit > stand,1.0,loss,-1.0
1535,16,Simplified,1536,1,0,False,False,8 J,8 J,3,3 6 J,18,19,stand,1.0,loss,-1.0
1536,16,Simplified,1537,1,0,False,False,A Q,A Q,2,2 6,21,8,blackjack_check,1.0,player_blackjack,1.5
1537,16,Simplified,1538,1,0,False,False,7 2,7 2 4,5,5 9 2 Q,13,26,hit > stand,1.0,win_dealer_bust,1.0
1538,16,Simplified,1539,1,0,False,False,2 10,2 10,3,3 8 10,12,21,stand,1.0,loss,-1.0
1539,16,Simplified,1540,1,0,False,False,4 K,4 K,7,7 A,14,18,stand,1.0,loss,-1.0
1540,16,Simplified,1541,1,0,False,False,7 3,7 3 8,6,6 K 7,18,23,hit > stand,1.0,win_dealer_bust,1.0
1541,16,Simplified,1542,1,0,False,False,3 3,3 3 9,6,6 4 8,15,18,hit > stand,1.0,loss,-1.0
1542,16,Simplified,1543,1,0,False,False,7 A,7 A,5,5 A J 2,18,18,stand,1.0,push,0.0
1543,16,Simplified,1544,1,0,False,False,10 7,10 7,J,J K,17,20,stand,1.0,loss,-1.0
1544,16,Simplified,1545,1,0,False,False,K 4,K 4,A,A 3 5,14,19,stand,1.0,loss,-1.0
1545,16,Simplified,1546,1,0,False,False,2 4,2 4 9,7,7 9 3,15,19,hit > stand,1.0,loss,-1.0
1546,16,Simplified,1547,1,0,False,False,8 7,8 7,J,J 6 3,15,19,stand,1.0,loss,-1.0
1547,16,Simplified,1548,1,0,False,False,4 4,4 4 Q,3,3 J 7,18,20,hit > stand,1.0,loss,-1.0
1548,16,Simplified,1549,1,0,False,False,7 J,7 J,10,10 8,17,18,stand,1.0,loss,-1.0
1549,16,Simplified,1550,1,0,False,False,10 8,10 8,9,9 3 10,18,22,stand,1.0,win_dealer_bust,1.0
1550,16,Simplified,1551,1,0,False,False,9 9,9 9,3,3 J 5,18,18,stand,1.0,push,0.0
1551,16,Simplified,1552,1,0,False,False,4 6,4 6 J,7,7 6 5,20,18,hit > stand,1.0,win,1.0
1552,16,Simplified,1553,1,0,False,False,9 9,9 9,5,5 8 2 7,18,22,stand,1.0,win_dealer_bust,1.0
1553,16,Simplified,1554,1,0,False,False,8 K,8 K,9,9 8,18,17,stand,1.0,win,1.0
1554,16,Simplified,1555,1,0,False,False,4 Q,4 Q,7,7 7 Q,14,24,stand,1.0,win_dealer_bust,1.0
1555,16,Simplified,1556,1,0,False,False,J K,J K,10,10 8,20,18,stand,1.0,win,1.0
1556,16,Simplified,1557,1,0,False,False,10 6,10 6,K,K 4 Q,16,24,stand,1.0,win_dealer_bust,1.0
1557,16,Simplified,1558,1,0,False,False,K A,K A,6,6 7,21,13,blackjack_check,1.0,player_blackjack,1.5
1558,16,Simplified,1559,1,0,False,False,K 8,K 8,J,J 8,18,18,stand,1.0,push,0.0
1559,16,Simplified,1560,1,0,False,False,J 9,J 9,8,8 10,19,18,stand,1.0,win,1.0
1560,16,Simplified,1561,1,0,False,False,5 A,5 A,J,J A,16,21,blackjack_check,1.0,dealer_blackjack,-1.0
1561,16,Simplified,1562,1,0,False,False,K 4,K 4,J,J 3 2 K,14,25,stand,1.0,win_dealer_bust,1.0
1562,16,Simplified,1563,1,0,False,False,K J,K J,3,3 8 4 9,20,24,stand,1.0,win_dealer_bust,1.0
1563,16,Simplified,1564,1,0,False,False,9 6,9 6,8,8 5 6,15,19,stand,1.0,loss,-1.0
1564,16,Simplified,1565,1,0,False,False,3 J,3 J,10,10 8,13,18,stand,1.0,loss,-1.0
1565,16,Simplified,1566,1,0,False,False,2 4,2 4 5 6,A,A 2 K 5,17,18,hit > hit > stand,1.0,loss,-1.0
1566,16,Simplified,1567,1,0,False,False,Q 3,Q 3,10,10 8,13,18,stand,1.0,loss,-1.0
1567,16,Simplified,1568,1,0,False,False,2 J,2 J,6,6 10 10,12,26,stand,1.0,win_dealer_bust,1.0
1568,16,Simplified,1569,1,0,False,False,8 A,8 A,K,K 10,19,20,stand,1.0,loss,-1.0
1569,16,Simplified,1570,1,0,False,False,K 5,K 5,10,10 6 4,15,20,stand,1.0,loss,-1.0
1570,16,Simplified,1571,1,0,False,False,7 Q,7 Q,4,4 6 K,17,20,stand,1.0,loss,-1.0
1571,16,Simplified,1572,1,0,False,False,5 J,5 J,4,4 9 10,15,23,stand,1.0,win_dealer_bust,1.0
1572,16,Simplified,1573,1,0,False,False,J Q,J Q,3,3 K K,20,23,stand,1.0,win_dealer_bust,1.0
1573,16,Simplified,1574,1,0,False,False,4 3,4 3 A,7,7 J,18,17,hit > stand,1.0,win,1.0
1574,16,Simplified,1575,1,0,False,False,Q 4,Q 4,10,10 7,14,17,stand,1.0,loss,-1.0
1575,16,Simplified,1576,1,0,False,False,4 6,4 6 4,K,K 5 4,14,19,hit > stand,1.0,loss,-1.0
1576,16,Simplified,1577,1,0,False,False,2 3,2 3 5 7,2,2 4 3 6 4,17,19,hit > hit > stand,1.0,loss,-1.0
1577,16,Simplified,1578,1,0,False,False,2 6,2 6 3 A,4,4 2 5 A Q,12,22,hit > hit > stand,1.0,win_dealer_bust,1.0
1578,16,Simplified,1579,1,0,False,False,2 7,2 7 9,K,K 3 4,18,17,hit > stand,1.0,win,1.0
1579,16,Simplified,1580,1,0,False,False,6 10,6 10,4,4 Q Q,16,24,stand,1.0,win_dealer_bust,1.0
1580,16,Simplified,1581,1,0,False,False,2 2,2 2 6 3,J,J 7,13,17,hit > hit > stand,1.0,loss,-1.0
1581,16,Simplified,1582,1,0,False,False,9 8,9 8,J,J 8,17,18,stand,1.0,loss,-1.0
1582,16,Simplified,1583,1,0,False,False,7 7,7 7,9,9 5 10,14,24,stand,1.0,win_dealer_bust,1.0
1583,16,Simplified,1584,1,0,False,False,2 4,2 4 4 8,8,8 8 8,18,24,hit > hit > stand,1.0,win_dealer_bust,1.0
1584,16,Simplified,1585,1,0,False,False,5 9,5 9,J,J 9,14,19,stand,1.0,loss,-1.0
1585,16,Simplified,1586,1,0,False,False,7 7,7 7,K,K 7,14,17,stand,1.0,loss,-1.0
1586,16,Simplified,1587,1,0,False,False,A 9,A 9,5,5 2 4 7,20,18,stand,1.0,win,1.0
1587,16,Simplified,1588,1,0,False,False,9 A,9 A,4,4 9 9,20,22,stand,1.0,win_dealer_bust,1.0
1588,16,Simplified,1589,1,0,False,False,Q 10,Q 10,8,8 8 A,20,17,stand,1.0,win,1.0
1589,16,Simplified,1590,1,0,False,False,7 3,7 3 A,K,K 5 3,21,18,hit,1.0,win,1.0
1590,16,Simplified,1591,1,0,False,False,10 2,10 2,8,8 7 3,12,18,stand,1.0,loss,-1.0
1591,16,Simplified,1592,1,0,False,False,4 9,4 9,A,A 9,13,20,stand,1.0,loss,-1.0
1592,16,Simplified,1593,1,0,False,False,6 4,6 4 4,5,5 3 K,14,18,hit > stand,1.0,loss,-1.0
1593,16,Simplified,1594,1,0,False,False,3 5,3 5 J,J,J 3 7,18,20,hit > stand,1.0,loss,-1.0
1594,16,Simplified,1595,1,0,False,False,10 5,10 5,5,5 7 6,15,18,stand,1.0,loss,-1.0
1595,16,Simplified,1596,1,0,False,False,8 10,8 10,6,6 8 2 2,18,18,stand,1.0,push,0.0
1596,16,Simplified,1597,1,0,False,False,5 10,5 10,A,A 9,15,20,stand,1.0,loss,-1.0
1597,16,Simplified,1598,1,0,False,False,Q 4,Q 4,2,2 6 7 A 4,14,20,stand,1.0,loss,-1.0
1598,16,Simplified,1599,1,0,False,False,3 9,3 9,5,5 10 6,12,21,stand,1.0,loss,-1.0
1599,16,Simplified,1600,1,0,False,False,10 5,10 5,6,6 5 10,15,21,stand,1.0,loss,-1.0
1600,16,Simplified,1601,1,0,False,False,3 6,3 6 2 J,A,A 4 7 10,21,22,hit > hit,1.0,win_dealer_bust,1.0
1601,17,Basic,1602,1,0,False,False,Q Q,Q Q,8,8 9,20,17,stand,1.0,win,1.0
1602,17,Basic,1603,1,0,False,False,J J,J J,8,8 2 3 6,20,19,stand,1.0,win,1.0
1603,17,Basic,1604,1,0,False,False,K 3,K 3 J,J,J J,23,20,hit,1.0,loss_bust,-1.0
1604,17,Basic,1605,1,0,False,False,6 7,6 7,2,2 8 K,13,20,stand,1.0,loss,-1.0
1605,17,Basic,1606,1,0,False,False,9 A,9 A,3,3 K 10,20,23,stand,1.0,win_dealer_bust,1.0
1606,17,Basic,1607,1,0,False,False,Q 8,Q 8,K,K K,18,20,stand,1.0,loss,-1.0
1607,17,Basic,1608,1,0,False,False,5 K,5 K Q,J,J J,25,20,hit,1.0,loss_bust,-1.0
1608,17,Basic,1609,1,0,False,False,7 2,7 2 10,8,8 9,19,17,hit > stand,1.0,win,1.0
1609,17,Basic,1610,1,0,False,False,5 9,5 9,4,4 4 5 A 5,14,19,stand,1.0,loss,-1.0
1610,17,Basic,1611,1,0,False,False,4 K,4 K,5,5 3 4 4 3,14,19,stand,1.0,loss,-1.0
1611,17,Basic,1612,1,0,False,False,8 K,8 K,4,4 A 9 6,18,20,stand,1.0,loss,-1.0
1612,17,Basic,1613,1,0,False,False,Q 5,Q 5,2,2 J A A 4,15,18,stand,1.0,loss,-1.0
1613,17,Basic,1614,1,0,False,False,5 A,5 A 9,2,2 6 3 4 8,15,23,hit > stand,1.0,win_dealer_bust,1.0
1614,17,Basic,1615,1,0,False,False,6 Q,6 Q,5,5 K 7,16,22,stand,1.0,win_dealer_bust,1.0
1615,17,Basic,1616,1,0,False,False,4 5,4 5 7 9,Q,Q 7,25,17,hit > hit,1.0,loss_bust,-1.0
1616,17,Basic,1617,1,0,False,False,J 10,J 10,A,A A 7,20,19,stand,1.0,win,1.0
1617,17,Basic,1618,1,0,False,False,2 5,2 5 8 9,9,9 K,24,19,hit > hit,1.0,loss_bust,-1.0
1618,17,Basic,1619,1,0,False,False,3 K,3 K 3 4,10,10 5 3,20,18,hit > hit > stand,1.0,win,1.0
1619,17,Basic,1620,1,0,False,False,7 Q,7 Q,J,J 9,17,19,stand,1.0,loss,-1.0
1620,17,Basic,1621,1,0,False,False,4 2,4 2 3 Q,4,4 3 7 5,19,19,hit > hit > stand,1.0,push,0.0
1621,17,Basic,1622,1,0,False,False,J 4,J 4,K,K A,14,21,blackjack_check,1.0,dealer_blackjack,-1.0
1622,17,Basic,1623,1,0,False,False,A 9,A 9,3,3 8 5 6,20,22,stand,1.0,win_dealer_bust,1.0
1623,17,Basic,1624,1,0,False,False,7 4,7 4 A,Q,Q 3 6,12,19,double,2.0,loss,-2.0
1624,17,Basic,1625,1,0,False,False,7 9,7 9,Q,Q A,16,21,blackjack_check,1.0,dealer_blackjack,-1.0
1625,17,Basic,1626,1,0,False,False,10 8,10 8,10,10 10,18,20,stand,1.0,loss,-1.0
1626,17,Basic,1627,1,0,False,False,5 10,5 10,10,10 A,15,21,blackjack_check,1.0,dealer_blackjack,-1.0
1627,17,Basic,1628,1,0,False,False,9 8,9 8,3,3 4 5 6,17,18,stand,1.0,loss,-1.0
1628,17,Basic,1629,1,0,False,False,5 7,5 7,Q,Q A,12,21,blackjack_check,1.0,dealer_blackjack,-1.0
1629,17,Basic,1630,1,0,False,False,A J,A J,5,5 K,21,15,blackjack_check,1.0,player_blackjack,1.5
1630,17,Basic,1631,1,0,False,False,3 A,3 A 9 A A 6,J,J 9,21,19,hit > hit > hit > hit,1.0,win,1.0
1631,17,Basic,1632,1,0,False,False,Q K,Q K,2,2 Q 7,20,19,stand,1.0,win,1.0
1632,17,Basic,1633,1,0,False,False,4 9,4 9 7,J,J Q,20,20,hit > stand,1.0,push,0.0
1633,17,Basic,1634,1,0,False,False,4 3,4 3 6,3,3 A 10 Q,13,24,hit > stand,1.0,win_dealer_bust,1.0
1634,17,Basic,1635,1,0,False,False,4 5,4 5 Q,8,8 Q,19,18,hit > stand,1.0,win,1.0
1635,17,Basic,1636,1,0,False,False,5 10,5 10 3,Q,Q 10,18,20,hit > stand,1.0,loss,-1.0
1636,17,Basic,1637,1,0,False,False,Q 7,Q 7,7,7 9 8,17,24,stand,1.0,win_dealer_bust,1.0
1637,17,Basic,1638,1,0,False,False,7 3,7 3 6 8,K,K 3,24,13,hit > hit,1.0,loss_bust,-1.0
1638,17,Basic,1639,1,0,False,False,10 A,10 A,8,8 K,21,18,blackjack_check,1.0,player_blackjack,1.5
1639,17,Basic,1640,1,0,False,False,10 8,10 8,10,10 5 J,18,25,stand,1.0,win_dealer_bust,1.0
1640,17,Basic,1641,1,0,False,False,3 A,3 A A 5,7,7 4 8,20,19,hit > hit > stand,1.0,win,1.0
1641,17,Basic,1642,1,1,True,False,6 5,6 5 9,3,3 A 9 Q,20,23,double,2.0,win_dealer_bust,2.0
1641,17,Basic,1642,2,1,True,False,6 8,6 8,3,3 A 9 Q,14,23,stand,1.0,win_dealer_bust,1.0
1642,17,Basic,1643,1,0,False,False,7 J,7 J,8,8 J,17,18,stand,1.0,loss,-1.0
1643,17,Basic,1644,1,0,False,False,7 5,7 5 4 7,K,K 2,23,12,hit > hit,1.0,loss_bust,-1.0
1644,17,Basic,1645,1,0,False,False,9 9,9 9,7,7 10,18,17,stand,1.0,win,1.0
1645,17,Basic,1646,1,0,False,False,3 3,3 3 A 5 4 4,10,10 10,20,20,hit > hit > hit > hit > stand,1.0,push,0.0
1646,17,Basic,1647,1,0,False,False,3 7,3 7 Q,5,5 6 K,20,21,double,2.0,loss,-2.0
1647,17,Basic,1648,1,0,False,False,A 10,A 10,Q,Q J,21,20,blackjack_check,1.0,player_blackjack,1.5
1648,17,Basic,1649,1,0,False,False,J Q,J Q,6,6 10 6,20,22,stand,1.0,win_dealer_bust,1.0
1649,17,Basic,1650,1,0,False,False,K 5,K 5 5,7,7 Q,20,17,hit > stand,1.0,win,1.0
1650,17,Basic,1651,1,0,False,False,6 J,6 J,3,3 7 3 10,16,23,stand,1.0,win_dealer_bust,1.0
1651,17,Basic,1652,1,0,False,False,J 8,J 8,9,9 10,18,19,stand,1.0,loss,-1.0
1652,17,Basic,1653,1,0,False,False,Q 4,Q 4 J,Q,Q 9,24,19,hit,1.0,loss_bust,-1.0
1653,17,Basic,1654,1,0,False,False,A 8,A 8,Q,Q 5 8,19,23,stand,1.0,win_dealer_bust,1.0
1654,17,Basic,1655,1,0,False,False,9 A,9 A,5,5 4 5 2 3,20,19,stand,1.0,win,1.0
1655,17,Basic,1656,1,0,False,False,9 8,9 8,6,6 10 5,17,21,stand,1.0,loss,-1.0
1656,17,Basic,1657,1,0,False,False,8 Q,8 Q,4,4 10 2 9,18,25,stand,1.0,win_dealer_bust,1.0
1657,17,Basic,1658,1,0,False,False,6 J,6 J,2,2 Q 7,16,19,stand,1.0,loss,-1.0
1658,17,Basic,1659,1,0,False,False,10 4,10 4 A 7,9,9 A,22,20,hit > hit,1.0,loss_bust,-1.0
1659,17,Basic,1660,1,0,False,False,4 6,4 6 J,4,4 10 5,20,19,double,2.0,win,2.0
1660,17,Basic,1661,1,0,False,False,A 6,A 6 2,3,3 J 9,19,22,double,2.0,win_dealer_bust,2.0
1661,17,Basic,1662,1,0,False,False,5 Q,5 Q 2,10,10 5 4,17,19,hit > stand,1.0,loss,-1.0
1662,17,Basic,1663,1,0,False,False,3 7,3 7 6,8,8 J,16,18,double,2.0,loss,-2.0
1663,17,Basic,1664,1,0,False,False,10 8,10 8,9,9 7 6,18,22,stand,1.0,win_dealer_bust,1.0
1664,17,Basic,1665,1,0,False,False,Q K,Q K,3,3 Q 3 8,20,24,stand,1.0,win_dealer_bust,1.0
1665,17,Basic,1666,1,0,False,False,10 Q,10 Q,7,7 9 3,20,19,stand,1.0,win,1.0
1666,17,Basic,1667,1,0,False,False,9 10,9 10,Q,Q 6 2,19,18,stand,1.0,win,1.0
1667,17,Basic,1668,1,0,False,False,Q Q,Q Q,5,5 5 6 J,20,26,stand,1.0,win_dealer_bust,1.0
1668,17,Basic,1669,1,0,False,False,10 A,10 A,9,9 J,21,19,blackjack_check,1.0,player_blackjack,1.5
1669,17,Basic,1670,1,0,False,False,6 4,6 4 6,8,8 7 2,16,17,double,2.0,loss,-2.0
1670,17,Basic,1671,1,0,False,False,6 A,6 A 7 2 A,Q,Q 6 Q,17,26,hit > hit > hit > stand,1.0,win_dealer_bust,1.0
1671,17,Basic,1672,1,0,False,False,3 5,3 5 Q,K,K 4 4,18,18,hit > stand,1.0,push,0.0
1672,17,Basic,1673,1,0,False,False,5 5,5 5 9,9,9 3 8,19,20,double,2.0,loss,-2.0
1673,17,Basic,1674,1,0,False,False,K 4,K 4,5,5 7 J,14,22,stand,1.0,win_dealer_bust,1.0
1674,17,Basic,1675,1,0,False,False,8 3,8 3 10,6,6 7 6,21,19,double,2.0,win,2.0
1675,17,Basic,1676,1,0,False,False,4 6,4 6 9,6,6 2 K,19,18,double,2.0,win,2.0
1676,17,Basic,1677,1,0,False,False,10 9,10 9,5,5 3 A,19,19,stand,1.0,push,0.0
1677,17,Basic,1678,1,0,False,False,9 7,9 7 9,Q,Q 5,25,15,hit,1.0,loss_bust,-1.0
1678,17,Basic,1679,1,0,False,False,J 7,J 7,9,9 10,17,19,stand,1.0,loss,-1.0
1679,17,Basic,1680,1,0,False,False,3 4,3 4 4 J,6,6 9 K,21,25,hit > hit,1.0,win_dealer_bust,1.0
1680,17,Basic,1681,1,0,False,False,A 4,A 4 4,K,K 10,19,20,hit > stand,1.0,loss,-1.0
1681,17,Basic,1682,1,0,False,False,7 K,7 K,10,10 10,17,20,stand,1.0,loss,-1.0
1682,17,Basic,1683,1,0,False,False,5 Q,5 Q,3,3 6 8,15,17,stand,1.0,loss,-1.0
1683,17,Basic,1684,1,0,False,False,3 9,3 9 9,J,J 2 5,21,17,hit,1.0,win,1.0
1684,17,Basic,1685,1,0,False,False,5 8,5 8,6,6 A,13,17,stand,1.0,loss,-1.0
1685,17,Basic,1686,1,0,False,False,5 8,5 8 7,J,J 9,20,19,hit > stand,1.0,win,1.0
1686,17,Basic,1687,1,0,False,False,5 K,5 K 4,8,8 A,19,19,hit > stand,1.0,push,0.0
1687,17,Basic,1688,1,0,False,False,2 10,2 10 3 Q,7,7 5,25,12,hit > hit,1.0,loss_bust,-1.0
1688,17,Basic,1689,1,0,False,False,6 10,6 10,2,2 A 2 2,16,17,stand,1.0,loss,-1.0
1689,17,Basic,1690,1,0,False,False,10 8,10 8,8,8 7 A 6,18,22,stand,1.0,win_dealer_bust,1.0
1690,17,Basic,1691,1,0,False,False,J 10,J 10,8,8 9,20,17,stand,1.0,win,1.0
1691,17,Basic,1692,1,0,False,False,6 J,6 J,4,4 9 J,16,23,stand,1.0,win_dealer_bust,1.0
1692,17,Basic,1693,1,0,False,False,Q A,Q A,9,9 8,21,17,blackjack_check,1.0,player_blackjack,1.5
1693,17,Basic,1694,1,1,True,False,9 10,9 10,3,3 J A J,19,24,stand,1.0,win_dealer_bust,1.0
1693,17,Basic,1694,2,1,True,False,9 3,9 3 A,3,3 J A J,13,24,hit > stand,1.0,win_dealer_bust,1.0
1694,17,Basic,1695,1,0,False,False,J 9,J 9,4,4 3 8 9,19,24,stand,1.0,win_dealer_bust,1.0
1695,17,Basic,1696,1,0,False,False,7 5,7 5,5,5 8 10,12,23,stand,1.0,win_dealer_bust,1.0
1696,17,Basic,1697,1,0,False,False,J 2,J 2 3 8,A,A 6,23,17,hit > hit,1.0,loss_bust,-1.0
1697,17,Basic,1698,1,0,False,False,10 3,10 3,6,6 9 A 2,13,18,stand,1.0,loss,-1.0
1698,17,Basic,1699,1,0,False,False,10 3,10 3,3,3 8 2 10,13,23,stand,1.0,win_dealer_bust,1.0
1699,17,Basic,1700,1,0,False,False,J K,J K,10,10 3 7,20,20,stand,1.0,push,0.0
1700,17,Basic,1701,1,1,True,False,7 K,7 K,5,5 4 5 Q,17,24,stand,1.0,win_dealer_bust,1.0
1700,17,Basic,1701,2,1,True,False,7 8,7 8,5,5 4 5 Q,15,24,stand,1.0,win_dealer_bust,1.0
1701,18,Simplified,1702,1,0,False,False,2 3,2 3 5 9,Q,Q Q,19,20,hit > hit > stand,1.0,loss,-1.0
1702,18,Simplified,1703,1,0,False,False,8 8,8 8,Q,Q K,16,20,stand,1.0,loss,-1.0
1703,18,Simplified,1704,1,0,False,False,9 4,9 4,J,J A,13,21,blackjack_check,1.0,dealer_blackjack,-1.0
1704,18,Simplified,1705,1,0,False,False,7 10,7 10,8,8 A,17,19,stand,1.0,loss,-1.0
1705,18,Simplified,1706,1,0,False,False,2 7,2 7,A,A K,9,21,blackjack_check,1.0,dealer_blackjack,-1.0
1706,18,Simplified,1707,1,0,False,False,Q 3,Q 3,8,8 2 7,13,17,stand,1.0,loss,-1.0
1707,18,Simplified,1708,1,0,False,False,4 4,4 4 4,A,A 2 J 8,12,21,hit > stand,1.0,loss,-1.0
1708,18,Simplified,1709,1,0,False,False,9 A,9 A,4,4 4 2 4 J,20,24,stand,1.0,win_dealer_bust,1.0
1709,18,Simplified,1710,1,0,False,False,J 7,J 7,9,9 K,17,19,stand,1.0,loss,-1.0
1710,18,Simplified,1711,1,0,False,False,K 3,K 3,10,10 10,13,20,stand,1.0,loss,-1.0
1711,18,Simplified,1712,1,0,False,False,2 2,2 2 2 7,5,5 7 J,13,22,hit > hit > stand,1.0,win_dealer_bust,1.0
1712,18,Simplified,1713,1,0,False,False,3 8,3 8 Q,5,5 5 4 A A 7,21,23,hit,1.0,win_dealer_bust,1.0
1713,18,Simplified,1714,1,0,False,False,3 2,3 2,Q,Q A,5,21,blackjack_check,1.0,dealer_blackjack,-1.0
1714,18,Simplified,1715,1,0,False,False,7 4,7 4 J,3,3 5 6 A K,21,25,hit,1.0,win_dealer_bust,1.0
1715,18,Simplified,1716,1,0,False,False,4 4,4 4,A,A J,8,21,blackjack_check,1.0,dealer_blackjack,-1.0
1716,18,Simplified,1717,1,0,False,False,4 K,4 K,6,6 9 A Q,14,26,stand,1.0,win_dealer_bust,1.0
1717,18,Simplified,1718,1,0,False,False,2 9,2 9 5,8,8 A,16,19,hit > stand,1.0,loss,-1.0
1718,18,Simplified,1719,1,0,False,False,6 4,6 4 6,9,9 8,16,17,hit > stand,1.0,loss,-1.0
1719,18,Simplified,1720,1,0,False,False,K 5,K 5,3,3 8 Q,15,21,stand,1.0,loss,-1.0
1720,18,Simplified,1721,1,0,False,False,9 3,9 3,3,3 10 5,12,18,stand,1.0,loss,-1.0
1721,18,Simplified,1722,1,0,False,False,5 9,5 9,6,6 7 7,14,20,stand,1.0,loss,-1.0
1722,18,Simplified,1723,1,0,False,False,8 5,8 5,Q,Q 10,13,20,stand,1.0,loss,-1.0
1723,18,Simplified,1724,1,0,False,False,6 J,6 J,K,K 10,16,20,stand,1.0,loss,-1.0
1724,18,Simplified,1725,1,0,False,False,5 9,5 9,3,3 6 A,14,20,stand,1.0,loss,-1.0
1725,18,Simplified,1726,1,0,False,False,4 8,4 8,5,5 3 3 3 10,12,24,stand,1.0,win_dealer_bust,1.0
1726,18,Simplified,1727,1,0,False,False,A 5,A 5 K,3,3 5 10,16,18,hit > stand,1.0,loss,-1.0
1727,18,Simplified,1728,1,0,False,False,K J,K J,8,8 8 A,20,17,stand,1.0,win,1.0
1728,18,Simplified,1729,1,0,False,False,Q K,Q K,Q,Q 9,20,19,stand,1.0,win,1.0
1729,18,Simplified,1730,1,0,False,False,8 8,8 8,2,2 4 9 Q,16,25,stand,1.0,win_dealer_bust,1.0
1730,18,Simplified,1731,1,0,False,False,10 4,10 4,5,5 6 J,14,21,stand,1.0,loss,-1.0
1731,18,Simplified,1732,1,0,False,False,J 7,J 7,8,8 2 7,17,17,stand,1.0,push,0.0
1732,18,Simplified,1733,1,0,False,False,Q 3,Q 3,4,4 5 8,13,17,stand,1.0,loss,-1.0
1733,18,Simplified,1734,1,0,False,False,8 9,8 9,5,5 J 3,17,18,stand,1.0,loss,-1.0
1734,18,Simplified,1735,1,0,False,False,2 7,2 7 7,J,J K,16,20,hit > stand,1.0,loss,-1.0
1735,18,Simplified,1736,1,0,False,False,A Q,A Q,8,8 3,21,11,blackjack_check,1.0,player_blackjack,1.5
1736,18,Simplified,1737,1,0,False,False,Q 7,Q 7,4,4 8 6,17,18,stand,1.0,loss,-1.0
1737,18,Simplified,1738,1,0,False,False,6 A,6 A 2,K,K J,19,20,hit > stand,1.0,loss,-1.0
1738,18,Simplified,1739,1,0,False,False,6 7,6 7,4,4 Q Q,13,24,stand,1.0,win_dealer_bust,1.0
1739,18,Simplified,1740,1,0,False,False,4 9,4 9,9,9 9,13,18,stand,1.0,loss,-1.0
1740,18,Simplified,1741,1,0,False,False,J 4,J 4,2,2 10 8,14,20,stand,1.0,loss,-1.0
1741,18,Simplified,1742,1,0,False,False,7 7,7 7,4,4 10 6,14,20,stand,1.0,loss,-1.0
1742,18,Simplified,1743,1,0,False,False,K 7,K 7,5,5 Q 9,17,24,stand,1.0,win_dealer_bust,1.0
1743,18,Simplified,1744,1,0,False,False,2 10,2 10,5,5 8 3 10,12,26,stand,1.0,win_dealer_bust,1.0
1744,18,Simplified,1745,1,0,False,False,A K,A K,9,9 4,21,13,blackjack_check,1.0,player_blackjack,1.5
1745,18,Simplified,1746,1,0,False,False,K 6,K 6,9,9 9,16,18,stand,1.0,loss,-1.0
1746,18,Simplified,1747,1,0,False,False,A 9,A 9,8,8 2 9,20,19,stand,1.0,win,1.0
1747,18,Simplified,1748,1,0,False,False,J A,J A,A,A 7,21,18,blackjack_check,1.0,player_blackjack,1.5
1748,18,Simplified,1749,1,0,False,False,8 4,8 4,4,4 7 5 2,12,18,stand,1.0,loss,-1.0
1749,18,Simplified,1750,1,0,False,False,6 10,6 10,5,5 7 10,16,22,stand,1.0,win_dealer_bust,1.0
1750,18,Simplified,1751,1,0,False,False,4 A,4 A 4,4,4 J Q,19,24,hit > stand,1.0,win_dealer_bust,1.0
1751,18,Simplified,1752,1,0,False,False,2 7,2 7 9,3,3 5 9,18,17,hit > stand,1.0,win,1.0
1752,18,Simplified,1753,1,0,False,False,10 Q,10 Q,4,4 5 6 A K,20,26,stand,1.0,win_dealer_bust,1.0
1753,18,Simplified,1754,1,0,False,False,3 6,3 6 10,K,K 5 5,19,20,hit > stand,1.0,loss,-1.0
1754,18,Simplified,1755,1,0,False,False,5 8,5 8,A,A 10,13,21,blackjack_check,1.0,dealer_blackjack,-1.0
1755,18,Simplified,1756,1,0,False,False,A 3,A 3 9,6,6 6 5,13,17,hit > stand,1.0,loss,-1.0
1756,18,Simplified,1757,1,0,False,False,7 4,7 4 4,9,9 5 Q,15,24,hit > stand,1.0,win_dealer_bust,1.0
1757,18,Simplified,1758,1,0,False,False,J K,J K,9,9 Q,20,19,stand,1.0,win,1.0
1758,18,Simplified,1759,1,0,False,False,Q 2,Q 2,4,4 6 3 7,12,20,stand,1.0,loss,-1.0
1759,18,Simplified,1760,1,0,False,False,K A,K A,6,6 8,21,14,blackjack_check,1.0,player_blackjack,1.5
1760,18,Simplified,1761,1,0,False,False,K 4,K 4,2,2 6 3 J,14,21,stand,1.0,loss,-1.0
1761,18,Simplified,1762,1,0,False,False,3 10,3 10,J,J 6 J,13,26,stand,1.0,win_dealer_bust,1.0
1762,18,Simplified,1763,1,0,False,False,6 J,6 J,8,8 8 7,16,23,stand,1.0,win_dealer_bust,1.0
1763,18,Simplified,1764,1,0,False,False,8 3,8 3 5,8,8 10,16,18,hit > stand,1.0,loss,-1.0
1764,18,Simplified,1765,1,0,False,False,7 10,7 10,3,3 8 10,17,21,stand,1.0,loss,-1.0
1765,18,Simplified,1766,1,0,False,False,K 4,K 4,7,7 Q,14,17,stand,1.0,loss,-1.0
1766,18,Simplified,1767,1,0,False,False,Q K,Q K,J,J 10,20,20,stand,1.0,push,0.0
1767,18,Simplified,1768,1,0,False,False,5 K,5 K,A,A 10,15,21,blackjack_check,1.0,dealer_blackjack,-1.0
1768,18,Simplified,1769,1,0,False,False,A 4,A 4 10,A,A 6,15,17,hit > stand,1.0,loss,-1.0
1769,18,Simplified,1770,1,0,False,False,A A,A A 4 8,9,9 8,14,17,hit > hit > stand,1.0,loss,-1.0
1770,18,Simplified,1771,1,0,False,False,4 5,4 5,A,A Q,9,21,blackjack_check,1.0,dealer_blackjack,-1.0
1771,18,Simplified,1772,1,0,False,False,8 8,8 8,7,7 8 A K,16,26,stand,1.0,win_dealer_bust,1.0
1772,18,Simplified,1773,1,0,False,False,3 K,3 K,8,8 Q,13,18,stand,1.0,loss,-1.0
1773,18,Simplified,1774,1,0,False,False,6 K,6 K,8,8 6 10,16,24,stand,1.0,win_dealer_bust,1.0
1774,18,Simplified,1775,1,0,False,False,10 4,10 4,K,K 3 3 3,14,19,stand,1.0,loss,-1.0
1775,18,Simplified,1776,1,0,False,False,10 6,10 6,K,K 10,16,20,stand,1.0,loss,-1.0
1776,18,Simplified,1777,1,0,False,False,3 A,3 A 2 4,5,5 A 7 J,20,23,hit > hit > stand,1.0,win_dealer_bust,1.0
1777,18,Simplified,1778,1,0,False,False,3 2,3 2 5 9,K,K 4 10,19,24,hit > hit > stand,1.0,win_dealer_bust,1.0
1778,18,Simplified,1779,1,0,False,False,3 4,3 4 J,A,A 7,17,18,hit > stand,1.0,loss,-1.0
1779,18,Simplified,1780,1,0,False,False,2 7,2 7 Q,4,4 J 5,19,19,hit > stand,1.0,push,0.0
1780,18,Simplified,1781,1,0,False,False,2 A,2 A 4 8,K,K J,15,20,hit > hit > stand,1.0,loss,-1.0
1781,18,Simplified,1782,1,0,False,False,Q 9,Q 9,6,6 A,19,17,stand,1.0,win,1.0
1782,18,Simplified,1783,1,0,False,False,Q 9,Q 9,A,A Q,19,21,blackjack_check,1.0,dealer_blackjack,-1.0
1783,18,Simplified,1784,1,0,False,False,A A,A A 7,5,5 J 9,19,24,hit > stand,1.0,win_dealer_bust,1.0
1784,18,Simplified,1785,1,0,False,False,J 10,J 10,K,K Q,20,20,stand,1.0,push,0.0
1785,18,Simplified,1786,1,0,False,False,9 3,9 3,10,10 2 J,12,22,stand,1.0,win_dealer_bust,1.0
1786,18,Simplified,1787,1,0,False,False,K 2,K 2,6,6 9 9,12,24,stand,1.0,win_dealer_bust,1.0
1787,18,Simplified,1788,1,0,False,False,Q K,Q K,2,2 9 8,20,19,stand,1.0,win,1.0
1788,18,Simplified,1789,1,0,False,False,7 4,7 4,Q,Q A,11,21,blackjack_check,1.0,dealer_blackjack,-1.0
1789,18,Simplified,1790,1,0,False,False,J 5,J 5,4,4 10 J,15,24,stand,1.0,win_dealer_bust,1.0
1790,18,Simplified,1791,1,0,False,False,10 A,10 A,3,3 7,21,10,blackjack_check,1.0,player_blackjack,1.5
1791,18,Simplified,1792,1,0,False,False,9 J,9 J,Q,Q J,19,20,stand,1.0,loss,-1.0
1792,18,Simplified,1793,1,0,False,False,A J,A J,3,3 4,21,7,blackjack_check,1.0,player_blackjack,1.5
1793,18,Simplified,1794,1,0,False,False,Q 4,Q 4,8,8 9,14,17,stand,1.0,loss,-1.0
1794,18,Simplified,1795,1,0,False,False,8 6,8 6,5,5 7 K,14,22,stand,1.0,win_dealer_bust,1.0
1795,18,Simplified,1796,1,0,False,False,4 7,4 7 6,9,9 7 8,17,24,hit > stand,1.0,win_dealer_bust,1.0
1796,18,Simplified,1797,1,0,False,False,4 7,4 7 5,Q,Q 6 Q,16,26,hit > stand,1.0,win_dealer_bust,1.0
1797,18,Simplified,1798,1,0,False,False,6 Q,6 Q,9,9 5 4,16,18,stand,1.0,loss,-1.0
1798,18,Simplified,1799,1,0,False,False,A Q,A Q,3,3 5,21,8,blackjack_check,1.0,player_blackjack,1.5
1799,18,Simplified,1800,1,0,False,False,5 2,5 2 K,6,6 6 5,17,17,hit > stand,1.0,push,0.0
1800,18,Simplified,1801,1,0,False,False,K 10,K 10,4,4 A 6,20,21,stand,1.0,loss,-1.0
1801,19,Basic,1802,1,1,True,False,9 K,9 K,2,2 3 4 K,19,19,stand,1.0,push,0.0
1801,19,Basic,1802,2,1,True,False,9 2,9 2 Q,2,2 3 4 K,21,19,double,2.0,win,2.0
1802,19,Basic,1803,1,0,False,False,Q A,Q A,8,8 10,21,18,blackjack_check,1.0,player_blackjack,1.5
1803,19,Basic,1804,1,0,False,False,2 10,2 10 7,J,J 8,19,18,hit > stand,1.0,win,1.0
1804,19,Basic,1805,1,0,False,False,7 Q,7 Q,A,A 2 5,17,18,stand,1.0,loss,-1.0
1805,19,Basic,1806,1,0,False,False,K K,K K,2,2 6 5 2 4,20,19,stand,1.0,win,1.0
1806,19,Basic,1807,1,0,False,False,6 2,6 2 J,2,2 5 A,18,18,hit > stand,1.0,push,0.0
1807,19,Basic,1808,1,0,False,False,A Q,A Q,10,10 7,21,17,blackjack_check,1.0,player_blackjack,1.5
1808,19,Basic,1809,1,0,False,False,K 8,K 8,J,J 5 J,18,25,stand,1.0,win_dealer_bust,1.0
1809,19,Basic,1810,1,0,False,False,A 4,A 4 9 10,7,7 10,24,17,hit > hit,1.0,loss_bust,-1.0
1810,19,Basic,1811,1,0,False,False,Q 4,Q 4 8,9,9 6,22,15,hit,1.0,loss_bust,-1.0
1811,19,Basic,1812,1,0,False,False,3 10,3 10,3,3 A 2 Q 3,13,19,stand,1.0,loss,-1.0
1812,19,Basic,1813,1,0,False,False,K 4,K 4,4,4 9 K,14,23,stand,1.0,win_dealer_bust,1.0
1813,19,Basic,1814,1,0,False,False,J J,J J,K,K 8,20,18,stand,1.0,win,1.0
1814,19,Basic,1815,1,0,False,False,J Q,J Q,4,4 10 A 5,20,20,stand,1.0,push,0.0
1815,19,Basic,1816,1,0,False,False,7 J,7 J,K,K 5 9,17,24,stand,1.0,win_dealer_bust,1.0
1816,19,Basic,1817,1,0,False,False,10 J,10 J,J,J 10,20,20,stand,1.0,push,0.0
1817,19,Basic,1818,1,0,False,False,J K,J K,8,8 K,20,18,stand,1.0,win,1.0
1818,19,Basic,1819,1,0,False,False,K 10,K 10,7,7 6 3 A,20,17,stand,1.0,win,1.0
1819,19,Basic,1820,1,0,False,False,Q 4,Q 4 3,8,8 7 2,17,17,hit > stand,1.0,push,0.0
1820,19,Basic,1821,1,0,False,False,6 K,6 K 5,9,9 A,21,20,hit,1.0,win,1.0
1821,19,Basic,1822,1,0,False,False,5 10,5 10,4,4 6 10,15,20,stand,1.0,loss,-1.0
1822,19,Basic,1823,1,1,True,True,A 2,A 2,5,5 J 9,13,24,stand_after_split_aces,1.0,win_dealer_bust,1.0
1822,19,Basic,1823,2,1,True,True,A A,A A,5,5 J 9,12,24,stand_after_split_aces,1.0,win_dealer_bust,1.0
1823,19,Basic,1824,1,0,False,False,K Q,K Q,Q,Q 8,20,18,stand,1.0,win,1.0
1824,19,Basic,1825,1,0,False,False,A Q,A Q,K,K 7,21,17,blackjack_check,1.0,player_blackjack,1.5
1825,19,Basic,1826,1,0,False,False,J 6,J 6 7,K,K 2,23,12,hit,1.0,loss_bust,-1.0
1826,19,Basic,1827,1,0,False,False,5 A,5 A 10,4,4 9 Q,16,23,double,2.0,win_dealer_bust,2.0
1827,19,Basic,1828,1,0,False,False,6 3,6 3,Q,Q A,9,21,blackjack_check,1.0,dealer_blackjack,-1.0
1828,19,Basic,1829,1,0,False,False,6 4,6 4 10,K,K Q,20,20,hit > stand,1.0,push,0.0
1829,19,Basic,1830,1,0,False,False,9 2,9 2 A,3,3 5 7 10,12,25,double,2.0,win_dealer_bust,2.0
1830,19,Basic,1831,1,0,False,False,2 K,2 K 2 3,8,8 3 10,17,21,hit > hit > stand,1.0,loss,-1.0
1831,19,Basic,1832,1,0,False,False,Q 2,Q 2 7,Q,Q 8,19,18,hit > stand,1.0,win,1.0
1832,19,Basic,1833,1,0,False,False,A 3,A 3 4 2,Q,Q 10,20,20,hit > hit > stand,1.0,push,0.0
1833,19,Basic,1834,1,0,False,False,3 K,3 K,2,2 5 4 A 3 Q,13,25,stand,1.0,win_dealer_bust,1.0
1834,19,Basic,1835,1,0,False,False,2 8,2 8 5 6,J,J 4 J,21,24,hit > hit,1.0,win_dealer_bust,1.0
1835,19,Basic,1836,1,0,False,False,9 A,9 A,10,10 J,20,20,stand,1.0,push,0.0
1836,19,Basic,1837,1,0,False,False,8 4,8 4 9,Q,Q K,21,20,hit,1.0,win,1.0
1837,19,Basic,1838,1,0,False,False,10 3,10 3 2 Q,K,K 7,25,17,hit > hit,1.0,loss_bust,-1.0
1838,19,Basic,1839,1,0,False,False,Q K,Q K,K,K 2 Q,20,22,stand,1.0,win_dealer_bust,1.0
1839,19,Basic,1840,1,0,False,False,5 3,5 3 2 10,9,9 10,20,19,hit > hit > stand,1.0,win,1.0
1840,19,Basic,1841,1,0,False,False,7 5,7 5 4 8,9,9 K,24,19,hit > hit,1.0,loss_bust,-1.0
1841,19,Basic,1842,1,0,False,False,6 7,6 7 K,9,9 8,23,17,hit,1.0,loss_bust,-1.0
1842,19,Basic,1843,1,0,False,False,7 6,7 6 A 7,10,10 J,21,20,hit > hit,1.0,win,1.0
1843,19,Basic,1844,1,0,False,False,J 5,J 5,6,6 3 4 Q,15,23,stand,1.0,win_dealer_bust,1.0
1844,19,Basic,1845,1,0,False,False,8 9,8 9,J,J J,17,20,stand,1.0,loss,-1.0
1845,19,Basic,1846,1,0,False,False,6 K,6 K,6,6 K A,16,17,stand,1.0,loss,-1.0
1846,19,Basic,1847,1,0,False,False,4 4,4 4 10,3,3 K A 2 A,18,17,hit > stand,1.0,win,1.0
1847,19,Basic,1848,1,0,False,False,6 10,6 10,3,3 K Q,16,23,stand,1.0,win_dealer_bust,1.0
1848,19,Basic,1849,1,0,False,False,8 J,8 J,9,9 K,18,19,stand,1.0,loss,-1.0
1849,19,Basic,1850,1,0,False,False,K 6,K 6,10,10 A,16,21,blackjack_check,1.0,dealer_blackjack,-1.0
1850,19,Basic,1851,1,0,False,False,6 10,6 10,2,2 J A 4,16,17,stand,1.0,loss,-1.0
1851,19,Basic,1852,1,0,False,False,6 J,6 J,2,2 J A 9,16,22,stand,1.0,win_dealer_bust,1.0
1852,19,Basic,1853,1,0,False,False,K 6,K 6,3,3 3 2 Q,16,18,stand,1.0,loss,-1.0
1853,19,Basic,1854,1,0,False,False,10 3,10 3 2 Q,7,7 2,25,9,hit > hit,1.0,loss_bust,-1.0
1854,19,Basic,1855,1,0,False,False,7 J,7 J,9,9 5 A 2,17,17,stand,1.0,push,0.0
1855,19,Basic,1856,1,0,False,False,2 9,2 9 6,7,7 K,17,17,double,2.0,push,0.0
1856,19,Basic,1857,1,0,False,False,5 2,5 2 J,7,7 2 3 K,17,22,hit > stand,1.0,win_dealer_bust,1.0
1857,19,Basic,1858,1,0,False,False,8 7,8 7 8,Q,Q 5,23,15,hit,1.0,loss_bust,-1.0
1858,19,Basic,1859,1,0,False,False,5 6,5 6 K,K,K 3 9,21,22,double,2.0,win_dealer_bust,2.0
1859,19,Basic,1860,1,0,False,False,K 5,K 5 4,J,J 7,19,17,hit > stand,1.0,win,1.0
1860,19,Basic,1861,1,0,False,False,6 A,6 A 3,2,2 9 5 2,20,18,hit > stand,1.0,win,1.0
1861,19,Basic,1862,1,0,False,False,A J,A J,4,4 A,21,15,blackjack_check,1.0,player_blackjack,1.5
1862,19,Basic,1863,1,0,False,False,10 2,10 2,4,4 3 10,12,17,stand,1.0,loss,-1.0
1863,19,Basic,1864,1,0,False,False,7 A,7 A 6,6,6 5 J,14,21,double,2.0,loss,-2.0
1864,19,Basic,1865,1,0,False,False,Q 10,Q 10,Q,Q Q,20,20,stand,1.0,push,0.0
1865,19,Basic,1866,1,0,False,False,A 3,A 3 8,6,6 3 7 3,12,19,double,2.0,loss,-2.0
1866,19,Basic,1867,1,0,False,False,5 4,5 4 A,7,7 2 J,20,19,hit > stand,1.0,win,1.0
1867,19,Basic,1868,1,0,False,False,6 Q,6 Q 5,8,8 3 7,21,18,hit,1.0,win,1.0
1868,19,Basic,1869,1,0,False,False,A 6,A 6 4,10,10 8,21,18,hit,1.0,win,1.0
1869,19,Basic,1870,1,0,False,False,Q 7,Q 7,7,7 8 10,17,25,stand,1.0,win_dealer_bust,1.0
1870,19,Basic,1871,1,0,False,False,4 6,4 6 4,5,5 8 2 3,14,18,double,2.0,loss,-2.0
1871,19,Basic,1872,1,0,False,False,4 3,4 3 K,Q,Q 5 3,17,18,hit > stand,1.0,loss,-1.0
1872,19,Basic,1873,1,0,False,False,3 10,3 10 A 9,Q,Q 7,23,17,hit > hit,1.0,loss_bust,-1.0
1873,19,Basic,1874,1,0,False,False,K A,K A,3,3 A,21,14,blackjack_check,1.0,player_blackjack,1.5
1874,19,Basic,1875,1,0,False,False,2 4,2 4 8,3,3 J Q,14,23,hit > stand,1.0,win_dealer_bust,1.0
1875,19,Basic,1876,1,1,True,False,8 A,8 A,A,A 9,19,20,stand,1.0,loss,-1.0
1875,19,Basic,1876,2,1,True,False,8 7,8 7 J,A,A 9,25,20,hit,1.0,loss_bust,-1.0
1876,19,Basic,1877,1,0,False,False,A J,A J,A,A J,21,21,blackjack_check,1.0,push_blackjack,0.0
1877,19,Basic,1878,1,0,False,False,6 9,6 9 4,K,K K,19,20,hit > stand,1.0,loss,-1.0
1878,19,Basic,1879,1,0,False,False,8 A,8 A,3,3 4 3 5 K,19,25,stand,1.0,win_dealer_bust,1.0
1879,19,Basic,1880,1,1,True,False,2 5,2 5 10,2,2 2 A 10 5,17,20,hit > stand,1.0,loss,-1.0
1879,19,Basic,1880,2,1,True,False,2 A,2 A 6,2,2 2 A 10 5,19,20,hit > stand,1.0,loss,-1.0
1880,19,Basic,1881,1,0,False,False,8 K,8 K,3,3 J 3 7,18,23,stand,1.0,win_dealer_bust,1.0
1881,19,Basic,1882,1,0,False,False,A 5,A 5 2,8,8 7 4,18,19,hit > stand,1.0,loss,-1.0
1882,19,Basic,1883,1,0,False,False,8 5,8 5 J,A,A 6,23,17,hit,1.0,loss_bust,-1.0
1883,19,Basic,1884,1,0,False,False,3 Q,3 Q A Q,8,8 10,24,18,hit > hit,1.0,loss_bust,-1.0
1884,19,Basic,1885,1,0,False,False,4 9,4 9,3,3 J 5,13,18,stand,1.0,loss,-1.0
1885,19,Basic,1886,1,0,False,False,5 7,5 7 J,A,A 5,22,16,hit,1.0,loss_bust,-1.0
1886,19,Basic,1887,1,0,False,False,10 2,10 2 J,9,9 A,22,20,hit,1.0,loss_bust,-1.0
1887,19,Basic,1888,1,0,False,False,6 10,6 10 5,Q,Q 8,21,18,hit,1.0,win,1.0
1888,19,Basic,1889,1,0,False,False,2 K,2 K,6,6 K A,12,17,stand,1.0,loss,-1.0
1889,19,Basic,1890,1,0,False,False,10 J,10 J,10,10 Q,20,20,stand,1.0,push,0.0
1890,19,Basic,1891,1,0,False,False,8 4,8 4 K,A,A 4,22,15,hit,1.0,loss_bust,-1.0
1891,19,Basic,1892,1,0,False,False,10 4,10 4 Q,9,9 10,24,19,hit,1.0,loss_bust,-1.0
1892,19,Basic,1893,1,0,False,False,A K,A K,Q,Q 2,21,12,blackjack_check,1.0,player_blackjack,1.5
1893,19,Basic,1894,1,0,False,False,J 7,J 7,4,4 9 K,17,23,stand,1.0,win_dealer_bust,1.0
1894,19,Basic,1895,1,0,False,False,4 Q,4 Q 7,K,K 3 J,21,23,hit,1.0,win_dealer_bust,1.0
1895,19,Basic,1896,1,0,False,False,7 6,7 6,2,2 J 10,13,22,stand,1.0,win_dealer_bust,1.0
1896,19,Basic,1897,1,0,False,False,K 7,K 7,2,2 2 A 2,17,17,stand,1.0,push,0.0
1897,19,Basic,1898,1,0,False,False,8 6,8 6 2 5,10,10 4 7,21,21,hit > hit,1.0,push,0.0
1898,19,Basic,1899,1,0,False,False,3 Q,3 Q,6,6 6 2 6,13,20,stand,1.0,loss,-1.0
1899,19,Basic,1900,1,0,False,False,2 K,2 K 5,9,9 2 8,17,19,hit > stand,1.0,loss,-1.0
1900,19,Basic,1901,1,0,False,False,7 7,7 7 K,A,A 5,24,16,hit,1.0,loss_bust,-1.0
1901,20,Simplified,1902,1,0,False,False,K 6,K 6,6,6 10 8,16,24,stand,1.0,win_dealer_bust,1.0
1902,20,Simplified,1903,1,0,False,False,K 10,K 10,8,8 K,20,18,stand,1.0,win,1.0
1903,20,Simplified,1904,1,0,False,False,6 7,6 7,J,J 7,13,17,stand,1.0,loss,-1.0
1904,20,Simplified,1905,1,0,False,False,5 2,5 2 5,J,J 9,12,19,hit > stand,1.0,loss,-1.0
1905,20,Simplified,1906,1,0,False,False,A 10,A 10,4,4 10,21,14,blackjack_check,1.0,player_blackjack,1.5
1906,20,Simplified,1907,1,0,False,False,4 2,4 2 A 7,J,J 5 2,14,17,hit > hit > stand,1.0,loss,-1.0
1907,20,Simplified,1908,1,0,False,False,J 9,J 9,K,K 9,19,19,stand,1.0,push,0.0
1908,20,Simplified,1909,1,0,False,False,4 9,4 9,8,8 9,13,17,stand,1.0,loss,-1.0
1909,20,Simplified,1910,1,0,False,False,9 A,9 A,J,J 7,20,17,stand,1.0,win,1.0
1910,20,Simplified,1911,1,0,False,False,4 Q,4 Q,A,A 3 3,14,17,stand,1.0,loss,-1.0
1911,20,Simplified,1912,1,0,False,False,6 10,6 10,9,9 9,16,18,stand,1.0,loss,-1.0
1912,20,Simplified,1913,1,0,False,False,2 9,2 9 4,K,K 7,15,17,hit > stand,1.0,loss,-1.0
1913,20,Simplified,1914,1,0,False,False,K 2,K 2,J,J 4 4,12,18,stand,1.0,loss,-1.0
1914,20,Simplified,1915,1,0,False,False,K 7,K 7,5,5 Q 4,17,19,stand,1.0,loss,-1.0
1915,20,Simplified,1916,1,0,False,False,7 A,7 A,5,5 A 8 5,18,19,stand,1.0,loss,-1.0
1916,20,Simplified,1917,1,0,False,False,8 8,8 8,4,4 Q K,16,24,stand,1.0,win_dealer_bust,1.0
1917,20,Simplified,1918,1,0,False,False,2 A,2 A 3 K,7,7 8 8,16,23,hit > hit > stand,1.0,win_dealer_bust,1.0
1918,20,Simplified,1919,1,0,False,False,A A,A A K,4,4 K Q,12,24,hit > stand,1.0,win_dealer_bust,1.0
1919,20,Simplified,1920,1,0,False,False,K Q,K Q,Q,Q 3 J,20,23,stand,1.0,win_dealer_bust,1.0
1920,20,Simplified,1921,1,0,False,False,J K,J K,J,J 2 8,20,20,stand,1.0,push,0.0
1921,20,Simplified,1922,1,0,False,False,A 2,A 2 A 3 K,3,3 3 10 4,17,20,hit > hit > hit > stand,1.0,loss,-1.0
1922,20,Simplified,1923,1,0,False,False,3 A,3 A 2 K,5,5 Q 9,16,24,hit > hit > stand,1.0,win_dealer_bust,1.0
1923,20,Simplified,1924,1,0,False,False,K Q,K Q,A,A 7,20,18,stand,1.0,win,1.0
1924,20,Simplified,1925,1,0,False,False,Q 8,Q 8,J,J 9,18,19,stand,1.0,loss,-1.0
1925,20,Simplified,1926,1,0,False,False,8 10,8 10,9,9 6 4,18,19,stand,1.0,loss,-1.0
1926,20,Simplified,1927,1,0,False,False,A A,A A Q,4,4 3 5 A 6,12,19,hit > stand,1.0,loss,-1.0
1927,20,Simplified,1928,1,0,False,False,5 4,5 4 10,10,10 4 9,19,23,hit > stand,1.0,win_dealer_bust,1.0
1928,20,Simplified,1929,1,0,False,False,9 6,9 6,4,4 6 3 Q,15,23,stand,1.0,win_dealer_bust,1.0
1929,20,Simplified,1930,1,0,False,False,6 A,6 A 5,2,2 7 4 8,12,21,hit > stand,1.0,loss,-1.0
1930,20,Simplified,1931,1,0,False,False,Q 5,Q 5,J,J Q,15,20,stand,1.0,loss,-1.0
1931,20,Simplified,1932,1,0,False,False,10 10,10 10,5,5 5 5 Q,20,25,stand,1.0,win_dealer_bust,1.0
1932,20,Simplified,1933,1,0,False,False,2 8,2 8 J,10,10 5 8,20,23,hit > stand,1.0,win_dealer_bust,1.0
1933,20,Simplified,1934,1,0,False,False,8 2,8 2 2,Q,Q 5 K,12,25,hit > stand,1.0,win_dealer_bust,1.0
1934,20,Simplified,1935,1,0,False,False,J 3,J 3,A,A 7,13,18,stand,1.0,loss,-1.0
1935,20,Simplified,1936,1,0,False,False,5 8,5 8,7,7 4 2 K,13,23,stand,1.0,win_dealer_bust,1.0
1936,20,Simplified,1937,1,0,False,False,6 J,6 J,2,2 6 3 5 Q,16,26,stand,1.0,win_dealer_bust,1.0
1937,20,Simplified,1938,1,0,False,False,3 9,3 9,2,2 2 2 10 4,12,20,stand,1.0,loss,-1.0
1938,20,Simplified,1939,1,0,False,False,A 9,A 9,6,6 6 2 10,20,24,stand,1.0,win_dealer_bust,1.0
1939,20,Simplified,1940,1,0,False,False,J 2,J 2,2,2 6 9,12,17,stand,1.0,loss,-1.0
1940,20,Simplified,1941,1,0,False,False,A 9,A 9,Q,Q 2 Q,20,22,stand,1.0,win_dealer_bust,1.0
1941,20,Simplified,1942,1,0,False,False,4 J,4 J,4,4 5 6 K,14,25,stand,1.0,win_dealer_bust,1.0
1942,20,Simplified,1943,1,0,False,False,7 10,7 10,5,5 5 10,17,20,stand,1.0,loss,-1.0
1943,20,Simplified,1944,1,0,False,False,5 A,5 A 5,10,10 8,21,18,hit,1.0,win,1.0
1944,20,Simplified,1945,1,0,False,False,K A,K A,A,A 7,21,18,blackjack_check,1.0,player_blackjack,1.5
1945,20,Simplified,1946,1,0,False,False,8 8,8 8,Q,Q 9,16,19,stand,1.0,loss,-1.0
1946,20,Simplified,1947,1,0,False,False,10 A,10 A,7,7 3,21,10,blackjack_check,1.0,player_blackjack,1.5
1947,20,Simplified,1948,1,0,False,False,10 10,10 10,2,2 7 4 10,20,23,stand,1.0,win_dealer_bust,1.0
1948,20,Simplified,1949,1,0,False,False,A 5,A 5 6,Q,Q 7,12,17,hit > stand,1.0,loss,-1.0
1949,20,Simplified,1950,1,0,False,False,A 7,A 7,K,K 3 5,18,18,stand,1.0,push,0.0
1950,20,Simplified,1951,1,0,False,False,K 3,K 3,7,7 5 K,13,22,stand,1.0,win_dealer_bust,1.0
1951,20,Simplified,1952,1,0,False,False,7 J,7 J,Q,Q 9,17,19,stand,1.0,loss,-1.0
1952,20,Simplified,1953,1,0,False,False,3 K,3 K,A,A K,13,21,blackjack_check,1.0,dealer_blackjack,-1.0
1953,20,Simplified,1954,1,0,False,False,K 4,K 4,6,6 Q 2,14,18,stand,1.0,loss,-1.0
1954,20,Simplified,1955,1,0,False,False,7 9,7 9,4,4 J Q,16,24,stand,1.0,win_dealer_bust,1.0
1955,20,Simplified,1956,1,0,False,False,J 8,J 8,K,K 6 K,18,26,stand,1.0,win_dealer_bust,1.0
1956,20,Simplified,1957,1,0,False,False,K 2,K 2,3,3 10 2 3,12,18,stand,1.0,loss,-1.0
1957,20,Simplified,1958,1,0,False,False,5 9,5 9,K,K 2 8,14,20,stand,1.0,loss,-1.0
1958,20,Simplified,1959,1,0,False,False,7 6,7 6,K,K J,13,20,stand,1.0,loss,-1.0
1959,20,Simplified,1960,1,0,False,False,7 3,7 3 10,6,6 A,20,17,hit > stand,1.0,win,1.0
1960,20,Simplified,1961,1,0,False,False,J 5,J 5,6,6 2 4 Q,15,22,stand,1.0,win_dealer_bust,1.0
1961,20,Simplified,1962,1,0,False,False,7 A,7 A,10,10 5 4,18,19,stand,1.0,loss,-1.0
1962,20,Simplified,1963,1,0,False,False,3 10,3 10,8,8 6 5,13,19,stand,1.0,loss,-1.0
1963,20,Simplified,1964,1,0,False,False,Q 3,Q 3,10,10 5 7,13,22,stand,1.0,win_dealer_bust,1.0
1964,20,Simplified,1965,1,0,False,False,2 Q,2 Q,2,2 Q 9,12,21,stand,1.0,loss,-1.0
1965,20,Simplified,1966,1,0,False,False,10 Q,10 Q,8,8 9,20,17,stand,1.0,win,1.0
1966,20,Simplified,1967,1,0,False,False,3 3,3 3 4 5,7,7 8 3,15,18,hit > hit > stand,1.0,loss,-1.0
1967,20,Simplified,1968,1,0,False,False,5 8,5 8,A,A 4 2,13,17,stand,1.0,loss,-1.0
1968,20,Simplified,1969,1,0,False,False,K A,K A,J,J K,21,20,blackjack_check,1.0,player_blackjack,1.5
1969,20,Simplified,1970,1,0,False,False,2 3,2 3 10,J,J 10,15,20,hit > stand,1.0,loss,-1.0
1970,20,Simplified,1971,1,0,False,False,10 3,10 3,8,8 3 6,13,17,stand,1.0,loss,-1.0
1971,20,Simplified,1972,1,0,False,False,3 7,3 7 8,6,6 6 K,18,22,hit > stand,1.0,win_dealer_bust,1.0
1972,20,Simplified,1973,1,0,False,False,A 6,A 6 5,3,3 9 Q,12,22,hit > stand,1.0,win_dealer_bust,1.0
1973,20,Simplified,1974,1,0,False,False,Q J,Q J,7,7 8 9,20,24,stand,1.0,win_dealer_bust,1.0
1974,20,Simplified,1975,1,0,False,False,A 2,A 2 5,Q,Q 3 J,18,23,hit > stand,1.0,win_dealer_bust,1.0
1975,20,Simplified,1976,1,0,False,False,9 7,9 7,10,10 8,16,18,stand,1.0,loss,-1.0
1976,20,Simplified,1977,1,0,False,False,8 K,8 K,5,5 Q 8,18,23,stand,1.0,win_dealer_bust,1.0
1977,20,Simplified,1978,1,0,False,False,3 8,3 8,A,A K,11,21,blackjack_check,1.0,dealer_blackjack,-1.0
1978,20,Simplified,1979,1,0,False,False,3 2,3 2 7,10,10 3 4,12,17,hit > stand,1.0,loss,-1.0
1979,20,Simplified,1980,1,0,False,False,4 4,4 4 7,A,A 4 5,15,20,hit > stand,1.0,loss,-1.0
1980,20,Simplified,1981,1,0,False,False,8 5,8 5,8,8 7 5,13,20,stand,1.0,loss,-1.0
1981,20,Simplified,1982,1,0,False,False,3 8,3 8 K,7,7 Q,21,17,hit,1.0,win,1.0
1982,20,Simplified,1983,1,0,False,False,4 4,4 4 10,7,7 8 K,18,25,hit > stand,1.0,win_dealer_bust,1.0
1983,20,Simplified,1984,1,0,False,False,J 4,J 4,10,10 5 2,14,17,stand,1.0,loss,-1.0
1984,20,Simplified,1985,1,0,False,False,7 2,7 2 Q,J,J 5 8,19,23,hit > stand,1.0,win_dealer_bust,1.0
1985,20,Simplified,1986,1,0,False,False,2 4,2 4,A,A J,6,21,blackjack_check,1.0,dealer_blackjack,-1.0
1986,20,Simplified,1987,1,0,False,False,5 3,5 3 A,8,8 K,19,18,hit > stand,1.0,win,1.0
1987,20,Simplified,1988,1,0,False,False,Q 3,Q 3,J,J 10,13,20,stand,1.0,loss,-1.0
1988,20,Simplified,1989,1,0,False,False,J 2,J 2,9,9 Q,12,19,stand,1.0,loss,-1.0
1989,20,Simplified,1990,1,0,False,False,10 2,10 2,9,9 Q,12,19,stand,1.0,loss,-1.0
1990,20,Simplified,1991,1,0,False,False,8 8,8 8,10,10 3 6,16,19,stand,1.0,loss,-1.0
1991,20,Simplified,1992,1,0,False,False,5 2,5 2 9,8,8 3 10,16,21,hit > stand,1.0,loss,-1.0
1992,20,Simplified,1993,1,0,False,False,2 J,2 J,A,A 2 7,12,20,stand,1.0,loss,-1.0
1993,20,Simplified,1994,1,0,False,False,J 4,J 4,A,A Q,14,21,blackjack_check,1.0,dealer_blackjack,-1.0
1994,20,Simplified,1995,1,0,False,False,K 4,K 4,2,2 K 2 9,14,23,stand,1.0,win_dealer_bust,1.0
1995,20,Simplified,1996,1,0,False,False,2 3,2 3 10,J,J 5 5,15,20,hit > stand,1.0,loss,-1.0
1996,20,Simplified,1997,1,0,False,False,4 4,4 4 3 Q,10,10 J,21,20,hit > hit,1.0,win,1.0
1997,20,Simplified,1998,1,0,False,False,J K,J K,5,5 6 9,20,20,stand,1.0,push,0.0
1998,20,Simplified,1999,1,0,False,False,Q J,Q J,Q,Q 2 3 10,20,25,stand,1.0,win_dealer_bust,1.0
1999,20,Simplified,2000,1,0,False,False,9 8,9 8,2,2 7 A,17,20,stand,1.0,loss,-1.0
2000,20,Simplified,2001,1,0,False,False,J 4,J 4,J,J 6 8,14,24,stand,1.0,win_dealer_bust,1.0
2001,21,Basic,2002,1,0,False,False,8 5,8 5 6,8,8 6 10,19,24,hit > stand,1.0,win_dealer_bust,1.0
2002,21,Basic,2003,1,0,False,False,4 5,4 5 7,3,3 9 6,16,18,double,2.0,loss,-2.0
2003,21,Basic,2004,1,0,False,False,A 4,A 4 2 5 2 2 J,K,K 7,26,17,hit > hit > hit > hit > hit,1.0,loss_bust,-1.0
2004,21,Basic,2005,1,0,False,False,5 6,5 6 3,7,7 8 Q,14,25,double,2.0,win_dealer_bust,2.0
2005,21,Basic,2006,1,0,False,False,10 J,10 J,5,5 A 5,20,21,stand,1.0,loss,-1.0
2006,21,Basic,2007,1,0,False,False,3 9,3 9 4,3,3 8 6,16,17,hit > stand,1.0,loss,-1.0
2007,21,Basic,2008,1,0,False,False,Q 10,Q 10,A,A Q,20,21,blackjack_check,1.0,dealer_blackjack,-1.0
2008,21,Basic,2009,1,0,False,False,8 5,8 5 4,Q,Q 6 4,17,20,hit > stand,1.0,loss,-1.0
2009,21,Basic,2010,1,0,False,False,6 A,6 A 7 9,7,7 J,23,17,hit > hit,1.0,loss_bust,-1.0
2010,21,Basic,2011,1,0,False,False,10 J,10 J,4,4 5 4 2 3,20,18,stand,1.0,win,1.0
2011,21,Basic,2012,1,0,False,False,7 2,7 2 K,6,6 9 7,19,22,double,2.0,win_dealer_bust,2.0
2012,21,Basic,2013,1,0,False,False,Q 5,Q 5,3,3 10 3 2,15,18,stand,1.0,loss,-1.0
2013,21,Basic,2014,1,0,False,False,8 10,8 10,10,10 6 K,18,26,stand,1.0,win_dealer_bust,1.0
2014,21,Basic,2015,1,0,False,False,A 10,A 10,9,9 K,21,19,blackjack_check,1.0,player_blackjack,1.5
2015,21,Basic,2016,1,0,False,False,K J,K J,10,10 2 Q,20,22,stand,1.0,win_dealer_bust,1.0
2016,21,Basic,2017,1,0,False,False,2 A,2 A A 3 A,7,7 5 4 J,18,26,hit > hit > hit > stand,1.0,win_dealer_bust,1.0
2017,21,Basic,2018,1,0,False,False,2 K,2 K,A,A Q,12,21,blackjack_check,1.0,dealer_blackjack,-1.0
2018,21,Basic,2019,1,0,False,False,2 Q,2 Q 3 A A,9,9 J,17,19,hit > hit > hit > stand,1.0,loss,-1.0
2019,21,Basic,2020,1,0,False,False,Q 10,Q 10,8,8 2 3 9,20,22,stand,1.0,win_dealer_bust,1.0
2020,21,Basic,2021,1,0,False,False,5 8,5 8 3 3,J,J K,19,20,hit > hit > stand,1.0,loss,-1.0
2021,21,Basic,2022,1,0,False,False,5 5,5 5 A,4,4 5 7 Q,21,26,double,2.0,win_dealer_bust,2.0
2022,21,Basic,2023,1,0,False,False,5 K,5 K 7,A,A 9,22,20,hit,1.0,loss_bust,-1.0
2023,21,Basic,2024,1,0,False,False,A 9,A 9,5,5 J 8,20,23,stand,1.0,win_dealer_bust,1.0
2024,21,Basic,2025,1,0,False,False,J Q,J Q,Q,Q 2 4 8,20,24,stand,1.0,win_dealer_bust,1.0
2025,21,Basic,2026,1,0,False,False,2 4,2 4 K K,9,9 10,26,19,hit > hit,1.0,loss_bust,-1.0
2026,21,Basic,2027,1,0,False,False,8 4,8 4 9,8,8 8 6,21,22,hit,1.0,win_dealer_bust,1.0
2027,21,Basic,2028,1,0,False,False,2 J,2 J 8,2,2 3 4 2 Q,20,21,hit > stand,1.0,loss,-1.0
2028,21,Basic,2029,1,0,False,False,2 8,2 8 6,9,9 3 2 Q,16,24,double,2.0,win_dealer_bust,2.0
2029,21,Basic,2030,1,0,False,False,K 9,K 9,10,10 9,19,19,stand,1.0,push,0.0
2030,21,Basic,2031,1,0,False,False,6 9,6 9,4,4 6 6 J,15,26,stand,1.0,win_dealer_bust,1.0
2031,21,Basic,2032,1,0,False,False,Q K,Q K,5,5 7 8,20,20,stand,1.0,push,0.0
2032,21,Basic,2033,1,0,False,False,3 6,3 6 5,4,4 10 3,14,17,double,2.0,loss,-2.0
2033,21,Basic,2034,1,0,False,False,6 9,6 9 6,10,10 6 7,21,23,hit,1.0,win_dealer_bust,1.0
2034,21,Basic,2035,1,0,False,False,5 9,5 9 10,A,A 4,24,15,hit,1.0,loss_bust,-1.0
2035,21,Basic,2036,1,0,False,False,3 10,3 10,3,3 4 7 8,13,22,stand,1.0,win_dealer_bust,1.0
2036,21,Basic,2037,1,0,False,False,6 4,6 4 5 5,Q,Q K,20,20,hit > hit > stand,1.0,push,0.0
2037,21,Basic,2038,1,0,False,False,J A,J A,A,A J,21,21,blackjack_check,1.0,push_blackjack,0.0
2038,21,Basic,2039,1,0,False,False,5 5,5 5 8,9,9 A,18,20,double,2.0,loss,-2.0
2039,21,Basic,2040,1,0,False,False,9 8,9 8,9,9 10,17,19,stand,1.0,loss,-1.0
2040,21,Basic,2041,1,0,False,False,7 6,7 6,5,5 3 4 4 A,13,17,stand,1.0,loss,-1.0
2041,21,Basic,2042,1,0,False,False,K 9,K 9,2,2 3 Q K,19,25,stand,1.0,win_dealer_bust,1.0
2042,21,Basic,2043,1,0,False,False,7 2,7 2,A,A K,9,21,blackjack_check,1.0,dealer_blackjack,-1.0
2043,21,Basic,2044,1,0,False,False,J 7,J 7,J,J 10,17,20,stand,1.0,loss,-1.0
2044,21,Basic,2045,1,0,False,False,A 6,A 6 2,J,J 6 5,19,21,hit > stand,1.0,loss,-1.0
2045,21,Basic,2046,1,0,False,False,5 5,5 5 10,K,K 10,20,20,hit > stand,1.0,push,0.0
2046,21,Basic,2047,1,0,False,False,2 7,2 7 9,5,5 6 2 J,18,23,double,2.0,win_dealer_bust,2.0
2047,21,Basic,2048,1,0,False,False,A 3,A 3 A 5,7,7 K,20,17,hit > hit > stand,1.0,win,1.0
2048,21,Basic,2049,1,0,False,False,7 5,7 5 7,J,J 5 7,19,22,hit > stand,1.0,win_dealer_bust,1.0
2049,21,Basic,2050,1,0,False,False,9 6,9 6 5,8,8 8 10,20,26,hit > stand,1.0,win_dealer_bust,1.0
2050,21,Basic,2051,1,0,False,False,2 6,2 6 J,9,9 10,18,19,hit > stand,1.0,loss,-1.0
2051,21,Basic,2052,1,0,False,False,10 6,10 6 A,9,9 4 J,17,23,hit > stand,1.0,win_dealer_bust,1.0
2052,21,Basic,2053,1,0,False,False,4 8,4 8 A 7,8,8 9,20,17,hit > hit > stand,1.0,win,1.0
2053,21,Basic,2054,1,0,False,False,K A,K A,5,5 A,21,16,blackjack_check,1.0,player_blackjack,1.5
2054,21,Basic,2055,1,1,True,True,A 9,A 9,2,2 6 10,20,18,stand_after_split_aces,1.0,win,1.0
2054,21,Basic,2055,2,1,True,True,A 3,A 3,2,2 6 10,14,18,stand_after_split_aces,1.0,loss,-1.0
2055,21,Basic,2056,1,0,False,False,Q 2,Q 2,6,6 9 9,12,24,stand,1.0,win_dealer_bust,1.0
2056,21,Basic,2057,1,0,False,False,J 6,J 6 J,9,9 2,26,11,hit,1.0,loss_bust,-1.0
2057,21,Basic,2058,1,0,False,False,9 A,9 A,8,8 J,20,18,stand,1.0,win,1.0
2058,21,Basic,2059,1,0,False,False,5 K,5 K 10,10,10 6,25,16,hit,1.0,loss_bust,-1.0
2059,21,Basic,2060,1,0,False,False,3 2,3 2 9 J,Q,Q 10,24,20,hit > hit,1.0,loss_bust,-1.0
2060,21,Basic,2061,1,0,False,False,6 J,6 J 8,J,J 2,24,12,hit,1.0,loss_bust,-1.0
2061,21,Basic,2062,1,0,False,False,10 9,10 9,A,A Q,19,21,blackjack_check,1.0,dealer_blackjack,-1.0
2062,21,Basic,2063,1,0,False,False,10 6,10 6,3,3 J 4,16,17,stand,1.0,loss,-1.0
2063,21,Basic,2064,1,0,False,False,J J,J J,10,10 10,20,20,stand,1.0,push,0.0
2064,21,Basic,2065,1,1,True,False,2 6,2 6 Q,2,2 K J,18,22,hit > stand,1.0,win_dealer_bust,1.0
2064,21,Basic,2065,2,1,True,False,2 10,2 10 J,2,2 K J,22,22,hit,1.0,loss_bust,-1.0
2065,21,Basic,2066,1,0,False,False,8 K,8 K,J,J K,18,20,stand,1.0,loss,-1.0
2066,21,Basic,2067,1,0,False,False,J 10,J 10,K,K 6 Q,20,26,stand,1.0,win_dealer_bust,1.0
2067,21,Basic,2068,1,1,True,False,8 Q,8 Q,7,7 J,18,17,stand,1.0,win,1.0
2067,21,Basic,2068,2,1,True,False,8 5,8 5 A 2 2,7,7 J,18,17,hit > hit > hit > stand,1.0,win,1.0
2068,21,Basic,2069,1,0,False,False,9 J,9 J,3,3 J 5,19,18,stand,1.0,win,1.0
2069,21,Basic,2070,1,0,False,False,4 7,4 7 2,7,7 3 7,13,17,double,2.0,loss,-2.0
2070,21,Basic,2071,1,0,False,False,8 3,8 3 8,7,7 5 K,19,22,double,2.0,win_dealer_bust,2.0
2071,21,Basic,2072,1,0,False,False,3 J,3 J,2,2 4 10 8,13,24,stand,1.0,win_dealer_bust,1.0
2072,21,Basic,2073,1,0,False,False,8 K,8 K,J,J 10,18,20,stand,1.0,loss,-1.0
2073,21,Basic,2074,1,0,False,False,8 7,8 7 5,9,9 A,20,20,hit > stand,1.0,push,0.0
2074,21,Basic,2075,1,0,False,False,K A,K A,K,K 9,21,19,blackjack_check,1.0,player_blackjack,1.5
2075,21,Basic,2076,1,0,False,False,6 5,6 5 4,7,7 8 8,15,23,double,2.0,win_dealer_bust,2.0
2076,21,Basic,2077,1,0,False,False,5 6,5 6 8,K,K 9,19,19,double,2.0,push,0.0
2077,21,Basic,2078,1,0,False,False,7 K,7 K,5,5 7 9,17,21,stand,1.0,loss,-1.0
2078,21,Basic,2079,1,0,False,False,8 J,8 J,8,8 10,18,18,stand,1.0,push,0.0
2079,21,Basic,2080,1,0,False,False,3 5,3 5 K,7,7 5 8,18,20,hit > stand,1.0,loss,-1.0
2080,21,Basic,2081,1,0,False,False,6 10,6 10 10,9,9 5,26,14,hit,1.0,loss_bust,-1.0
2081,21,Basic,2082,1,0,False,False,7 6,7 6 Q,8,8 A,23,19,hit,1.0,loss_bust,-1.0
2082,21,Basic,2083,1,0,False,False,Q J,Q J,4,4 5 8,20,17,stand,1.0,win,1.0
2083,21,Basic,2084,1,0,False,False,K 10,K 10,6,6 K 3,20,19,stand,1.0,win,1.0
2084,21,Basic,2085,1,0,False,False,A 4,A 4 9,5,5 6 8,14,19,double,2.0,loss,-2.0
2085,21,Basic,2086,1,0,False,False,K K,K K,A,A 6,20,17,stand,1.0,win,1.0
2086,21,Basic,2087,1,0,False,False,8 5,8 5 8,Q,Q 3 3 3,21,19,hit,1.0,win,1.0
2087,21,Basic,2088,1,0,False,False,4 A,4 A 9 5,K,K 10,19,20,hit > hit > stand,1.0,loss,-1.0
2088,21,Basic,2089,1,0,False,False,3 5,3 5 6,6,6 9 6,14,21,hit > stand,1.0,loss,-1.0
2089,21,Basic,2090,1,0,False,False,J 7,J 7,J,J 8,17,18,stand,1.0,loss,-1.0
2090,21,Basic,2091,1,0,False,False,5 J,5 J,2,2 K A 4,15,17,stand,1.0,loss,-1.0
2091,21,Basic,2092,1,0,False,False,7 2,7 2 5 6,9,9 3 K,20,22,hit > hit > stand,1.0,win_dealer_bust,1.0
2092,21,Basic,2093,1,0,False,False,8 2,8 2 9,8,8 10,19,18,double,2.0,win,2.0
2093,21,Basic,2094,1,0,False,False,9 J,9 J,6,6 A,19,17,stand,1.0,win,1.0
2094,21,Basic,2095,1,0,False,False,7 3,7 3 3,9,9 9,13,18,double,2.0,loss,-2.0
2095,21,Basic,2096,1,0,False,False,3 8,3 8 8,A,A 9,19,20,hit > stand,1.0,loss,-1.0
2096,21,Basic,2097,1,0,False,False,Q J,Q J,7,7 5 8,20,20,stand,1.0,push,0.0
2097,21,Basic,2098,1,0,False,False,7 J,7 J,J,J 5 8,17,23,stand,1.0,win_dealer_bust,1.0
2098,21,Basic,2099,1,0,False,False,4 8,4 8 5,2,2 J 10,17,22,hit > stand,1.0,win_dealer_bust,1.0
2099,21,Basic,2100,1,0,False,False,7 4,7 4 Q,4,4 K K,21,24,double,2.0,win_dealer_bust,2.0
2100,21,Basic,2101,1,0,False,False,K 9,K 9,7,7 Q,19,17,stand,1.0,win,1.0
2101,22,Simplified,2102,1,0,False,False,10 A,10 A,2,2 Q,21,12,blackjack_check,1.0,player_blackjack,1.5
2102,22,Simplified,2103,1,0,False,False,K 4,K 4,Q,Q 6 4,14,20,stand,1.0,loss,-1.0
2103,22,Simplified,2104,1,0,False,False,3 Q,3 Q,A,A 2 5,13,18,stand,1.0,loss,-1.0
2104,22,Simplified,2105,1,0,False,False,7 A,7 A,2,2 K Q,18,22,stand,1.0,win_dealer_bust,1.0
2105,22,Simplified,2106,1,0,False,False,2 5,2 5 2 9,2,2 Q 5,18,17,hit > hit > stand,1.0,win,1.0
2106,22,Simplified,2107,1,0,False,False,2 8,2 8 9,10,10 7,19,17,hit > stand,1.0,win,1.0
2107,22,Simplified,2108,1,0,False,False,5 7,5 7,3,3 J 10,12,23,stand,1.0,win_dealer_bust,1.0
2108,22,Simplified,2109,1,0,False,False,9 3,9 3,K,K 4 3,12,17,stand,1.0,loss,-1.0
2109,22,Simplified,2110,1,0,False,False,A Q,A Q,6,6 A,21,17,blackjack_check,1.0,player_blackjack,1.5
2110,22,Simplified,2111,1,0,False,False,10 3,10 3,K,K J,13,20,stand,1.0,loss,-1.0
2111,22,Simplified,2112,1,0,False,False,8 3,8 3 A,5,5 7 3 2,12,17,hit > stand,1.0,loss,-1.0
2112,22,Simplified,2113,1,0,False,False,3 8,3 8 2,8,8 K,13,18,hit > stand,1.0,loss,-1.0
2113,22,Simplified,2114,1,0,False,False,3 6,3 6 7,4,4 3 7 10,16,24,hit > stand,1.0,win_dealer_bust,1.0
2114,22,Simplified,2115,1,0,False,False,Q 2,Q 2,4,4 7 3 9,12,23,stand,1.0,win_dealer_bust,1.0
2115,22,Simplified,2116,1,0,False,False,J 2,J 2,Q,Q 4 6,12,20,stand,1.0,loss,-1.0
2116,22,Simplified,2117,1,0,False,False,4 5,4 5 4,2,2 5 2 J,13,19,hit > stand,1.0,loss,-1.0
2117,22,Simplified,2118,1,0,False,False,K 9,K 9,A,A 4 2,19,17,stand,1.0,win,1.0
2118,22,Simplified,2119,1,0,False,False,3 6,3 6 7,9,9 2 8,16,19,hit > stand,1.0,loss,-1.0
2119,22,Simplified,2120,1,0,False,False,3 Q,3 Q,8,8 10,13,18,stand,1.0,loss,-1.0
2120,22,Simplified,2121,1,0,False,False,K 9,K 9,6,6 7 J,19,23,stand,1.0,win_dealer_bust,1.0
2121,22,Simplified,2122,1,0,False,False,3 2,3 2 6 K,6,6 Q 5,21,21,hit > hit,1.0,push,0.0
2122,22,Simplified,2123,1,0,False,False,10 2,10 2,4,4 3 9 3,12,19,stand,1.0,loss,-1.0
2123,22,Simplified,2124,1,0,False,False,J 5,J 5,J,J 4 J,15,24,stand,1.0,win_dealer_bust,1.0
2124,22,Simplified,2125,1,0,False,False,A 3,A 3 J,2,2 5 5 5,14,17,hit > stand,1.0,loss,-1.0
2125,22,Simplified,2126,1,0,False,False,9 5,9 5,3,3 10 10,14,23,stand,1.0,win_dealer_bust,1.0
2126,22,Simplified,2127,1,0,False,False,3 10,3 10,Q,Q 8,13,18,stand,1.0,loss,-1.0
2127,22,Simplified,2128,1,0,False,False,9 3,9 3,3,3 10 7,12,20,stand,1.0,loss,-1.0
2128,22,Simplified,2129,1,0,False,False,A 2,A 2 Q,7,7 8 4,13,19,hit > stand,1.0,loss,-1.0
2129,22,Simplified,2130,1,0,False,False,A A,A A Q,K,K 3 3 7,12,23,hit > stand,1.0,win_dealer_bust,1.0
2130,22,Simplified,2131,1,0,False,False,6 10,6 10,7,7 A,16,18,stand,1.0,loss,-1.0
2131,22,Simplified,2132,1,0,False,False,J Q,J Q,9,9 Q,20,19,stand,1.0,win,1.0
2132,22,Simplified,2133,1,0,False,False,4 Q,4 Q,10,10 7,14,17,stand,1.0,loss,-1.0
2133,22,Simplified,2134,1,0,False,False,9 8,9 8,6,6 K 5,17,21,stand,1.0,loss,-1.0
2134,22,Simplified,2135,1,0,False,False,8 3,8 3 J,Q,Q Q,21,20,hit,1.0,win,1.0
2135,22,Simplified,2136,1,0,False,False,4 5,4 5,A,A Q,9,21,blackjack_check,1.0,dealer_blackjack,-1.0
2136,22,Simplified,2137,1,0,False,False,J K,J K,Q,Q 5 7,20,22,stand,1.0,win_dealer_bust,1.0
2137,22,Simplified,2138,1,0,False,False,A A,A A 9,7,7 6 7,21,20,hit,1.0,win,1.0
2138,22,Simplified,2139,1,0,False,False,9 8,9 8,7,7 K,17,17,stand,1.0,push,0.0
2139,22,Simplified,2140,1,0,False,False,Q 7,Q 7,6,6 2 7 6,17,21,stand,1.0,loss,-1.0
2140,22,Simplified,2141,1,0,False,False,3 Q,3 Q,3,3 9 2 5,13,19,stand,1.0,loss,-1.0
2141,22,Simplified,2142,1,0,False,False,7 A,7 A,Q,Q 10,18,20,stand,1.0,loss,-1.0
2142,22,Simplified,2143,1,0,False,False,2 7,2 7 Q,10,10 8,19,18,hit > stand,1.0,win,1.0
2143,22,Simplified,2144,1,0,False,False,Q 5,Q 5,K,K 4 6,15,20,stand,1.0,loss,-1.0
2144,22,Simplified,2145,1,0,False,False,K 3,K 3,9,9 4 8,13,21,stand,1.0,loss,-1.0
2145,22,Simplified,2146,1,0,False,False,8 4,8 4,9,9 Q,12,19,stand,1.0,loss,-1.0
2146,22,Simplified,2147,1,0,False,False,3 Q,3 Q,6,6 7 6,13,19,stand,1.0,loss,-1.0
2147,22,Simplified,2148,1,0,False,False,8 5,8 5,J,J 5 J,13,25,stand,1.0,win_dealer_bust,1.0
2148,22,Simplified,2149,1,0,False,False,4 J,4 J,8,8 10,14,18,stand,1.0,loss,-1.0
2149,22,Simplified,2150,1,0,False,False,Q 9,Q 9,9,9 8,19,17,stand,1.0,win,1.0
2150,22,Simplified,2151,1,0,False,False,3 4,3 4 10,6,6 8 9,17,23,hit > stand,1.0,win_dealer_bust,1.0
2151,22,Simplified,2152,1,0,False,False,A 7,A 7,J,J 8,18,18,stand,1.0,push,0.0
2152,22,Simplified,2153,1,0,False,False,5 8,5 8,3,3 7 J,13,20,stand,1.0,loss,-1.0
2153,22,Simplified,2154,1,0,False,False,A 8,A 8,J,J 5 7,19,22,stand,1.0,win_dealer_bust,1.0
2154,22,Simplified,2155,1,0,False,False,3 3,3 3 3 Q,8,8 J,19,18,hit > hit > stand,1.0,win,1.0
2155,22,Simplified,2156,1,0,False,False,10 K,10 K,4,4 2 10 6,20,22,stand,1.0,win_dealer_bust,1.0
2156,22,Simplified,2157,1,0,False,False,A J,A J,10,10 K,21,20,blackjack_check,1.0,player_blackjack,1.5
2157,22,Simplified,2158,1,0,False,False,Q 4,Q 4,2,2 8 6 2,14,18,stand,1.0,loss,-1.0
2158,22,Simplified,2159,1,0,False,False,4 9,4 9,10,10 4 6,13,20,stand,1.0,loss,-1.0
2159,22,Simplified,2160,1,0,False,False,10 4,10 4,5,5 6 9,14,20,stand,1.0,loss,-1.0
2160,22,Simplified,2161,1,0,False,False,6 J,6 J,Q,Q 4 3,16,17,stand,1.0,loss,-1.0
2161,22,Simplified,2162,1,0,False,False,6 3,6 3 A,5,5 8 K,20,23,hit > stand,1.0,win_dealer_bust,1.0
2162,22,Simplified,2163,1,0,False,False,J 2,J 2,2,2 6 4 Q,12,22,stand,1.0,win_dealer_bust,1.0
2163,22,Simplified,2164,1,0,False,False,6 A,6 A 5,5,5 10 7,12,22,hit > stand,1.0,win_dealer_bust,1.0
2164,22,Simplified,2165,1,0,False,False,A K,A K,Q,Q A,21,21,blackjack_check,1.0,push_blackjack,0.0
2165,22,Simplified,2166,1,0,False,False,K 3,K 3,A,A 8,13,19,stand,1.0,loss,-1.0
2166,22,Simplified,2167,1,0,False,False,A 9,A 9,9,9 7 J,20,26,stand,1.0,win_dealer_bust,1.0
2167,22,Simplified,2168,1,0,False,False,2 5,2 5 5,A,A 2 5,12,18,hit > stand,1.0,loss,-1.0
2168,22,Simplified,2169,1,0,False,False,7 10,7 10,3,3 K Q,17,23,stand,1.0,win_dealer_bust,1.0
2169,22,Simplified,2170,1,0,False,False,K 5,K 5,Q,Q 6 7,15,23,stand,1.0,win_dealer_bust,1.0
2170,22,Simplified,2171,1,0,False,False,2 J,2 J,4,4 5 J,12,19,stand,1.0,loss,-1.0
2171,22,Simplified,2172,1,0,False,False,2 5,2 5 3 K,8,8 J,20,18,hit > hit > stand,1.0,win,1.0
2172,22,Simplified,2173,1,0,False,False,3 8,3 8 J,7,7 Q,21,17,hit,1.0,win,1.0
2173,22,Simplified,2174,1,0,False,False,9 J,9 J,8,8 K,19,18,stand,1.0,win,1.0
2174,22,Simplified,2175,1,0,False,False,4 J,4 J,3,3 6 8,14,17,stand,1.0,loss,-1.0
2175,22,Simplified,2176,1,0,False,False,J A,J A,7,7 5,21,12,blackjack_check,1.0,player_blackjack,1.5
2176,22,Simplified,2177,1,0,False,False,9 6,9 6,6,6 4 5 8,15,23,stand,1.0,win_dealer_bust,1.0
2177,22,Simplified,2178,1,0,False,False,8 K,8 K,10,10 8,18,18,stand,1.0,push,0.0
2178,22,Simplified,2179,1,0,False,False,J A,J A,J,J 2,21,12,blackjack_check,1.0,player_blackjack,1.5
2179,22,Simplified,2180,1,0,False,False,J 3,J 3,Q,Q 2 10,13,22,stand,1.0,win_dealer_bust,1.0
2180,22,Simplified,2181,1,0,False,False,4 3,4 3 3 7,K,K 10,17,20,hit > hit > stand,1.0,loss,-1.0
2181,22,Simplified,2182,1,0,False,False,9 J,9 J,3,3 9 6,19,18,stand,1.0,win,1.0
2182,22,Simplified,2183,1,0,False,False,7 5,7 5,2,2 J 8,12,20,stand,1.0,loss,-1.0
2183,22,Simplified,2184,1,0,False,False,K 3,K 3,8,8 4 A 6,13,19,stand,1.0,loss,-1.0
2184,22,Simplified,2185,1,0,False,False,3 6,3 6 5,2,2 2 2 4 J,14,20,hit > stand,1.0,loss,-1.0
2185,22,Simplified,2186,1,0,False,False,2 A,2 A 10,4,4 6 2 4 2,13,18,hit > stand,1.0,loss,-1.0
2186,22,Simplified,2187,1,0,False,False,5 6,5 6,K,K A,11,21,blackjack_check,1.0,dealer_blackjack,-1.0
2187,22,Simplified,2188,1,0,False,False,10 K,10 K,A,A K,20,21,blackjack_check,1.0,dealer_blackjack,-1.0
2188,22,Simplified,2189,1,0,False,False,7 7,7 7,J,J J,14,20,stand,1.0,loss,-1.0
2189,22,Simplified,2190,1,0,False,False,7 3,7 3 9,A,A A Q 2 7,19,21,hit > stand,1.0,loss,-1.0
2190,22,Simplified,2191,1,0,False,False,5 5,5 5 2,9,9 A,12,20,hit > stand,1.0,loss,-1.0
2191,22,Simplified,2192,1,0,False,False,7 4,7 4,A,A 10,11,21,blackjack_check,1.0,dealer_blackjack,-1.0
2192,22,Simplified,2193,1,0,False,False,Q Q,Q Q,6,6 8 A 4,20,19,stand,1.0,win,1.0
2193,22,Simplified,2194,1,0,False,False,6 5,6 5 6,3,3 K 9,17,22,hit > stand,1.0,win_dealer_bust,1.0
2194,22,Simplified,2195,1,0,False,False,K 9,K 9,K,K 6 2,19,18,stand,1.0,win,1.0
2195,22,Simplified,2196,1,0,False,False,A 3,A 3 7,5,5 9 8,21,22,hit,1.0,win_dealer_bust,1.0
2196,22,Simplified,2197,1,0,False,False,A 8,A 8,7,7 5 J,19,22,stand,1.0,win_dealer_bust,1.0
2197,22,Simplified,2198,1,0,False,False,10 K,10 K,3,3 J 4,20,17,stand,1.0,win,1.0
2198,22,Simplified,2199,1,0,False,False,J 5,J 5,J,J 8,15,18,stand,1.0,loss,-1.0
2199,22,Simplified,2200,1,0,False,False,9 2,9 2 5,10,10 7,16,17,hit > stand,1.0,loss,-1.0
2200,22,Simplified,2201,1,0,False,False,9 7,9 7,9,9 5 A 2,16,17,stand,1.0,loss,-1.0
2201,23,Basic,2202,1,1,True,True,A 4,A 4,J,J 6 5,15,21,stand_after_split_aces,1.0,loss,-1.0
2201,23,Basic,2202,2,1,True,True,A J,A J,J,J 6 5,21,21,stand_after_split_aces,1.0,push,0.0
2202,23,Basic,2203,1,0,False,False,3 J,3 J,3,3 5 2 Q,13,20,stand,1.0,loss,-1.0
2203,23,Basic,2204,1,0,False,False,A K,A K,8,8 6,21,14,blackjack_check,1.0,player_blackjack,1.5
2204,23,Basic,2205,1,0,False,False,6 8,6 8 5,8,8 A,19,19,hit > stand,1.0,push,0.0
2205,23,Basic,2206,1,0,False,False,4 7,4 7 8,J,J 6 4,19,20,double,2.0,loss,-2.0
2206,23,Basic,2207,1,0,False,False,A 3,A 3 4 5 K,10,10 10,23,20,hit > hit > hit,1.0,loss_bust,-1.0
2207,23,Basic,2208,1,0,False,False,7 3,7 3 3,3,3 7 A,13,21,double,2.0,loss,-2.0
2208,23,Basic,2209,1,0,False,False,6 2,6 2 4 3 10,J,J 5,25,15,hit > hit > hit,1.0,loss_bust,-1.0
2209,23,Basic,2210,1,0,False,False,3 8,3 8 4,Q,Q J,15,20,double,2.0,loss,-2.0
2210,23,Basic,2211,1,0,False,False,8 J,8 J,6,6 3 J,18,19,stand,1.0,loss,-1.0
2211,23,Basic,2212,1,0,False,False,6 7,6 7,6,6 A,13,17,stand,1.0,loss,-1.0
2212,23,Basic,2213,1,0,False,False,K 7,K 7,Q,Q 5 J,17,25,stand,1.0,win_dealer_bust,1.0
2213,23,Basic,2214,1,0,False,False,6 4,6 4 K,6,6 4 9,20,19,double,2.0,win,2.0
2214,23,Basic,2215,1,0,False,False,10 A,10 A,8,8 4,21,12,blackjack_check,1.0,player_blackjack,1.5
2215,23,Basic,2216,1,0,False,False,A 9,A 9,10,10 8,20,18,stand,1.0,win,1.0
2216,23,Basic,2217,1,0,False,False,8 4,8 4 6,K,K 4 3,18,17,hit > stand,1.0,win,1.0
2217,23,Basic,2218,1,0,False,False,6 9,6 9 8,Q,Q 6,23,16,hit,1.0,loss_bust,-1.0
2218,23,Basic,2219,1,0,False,False,5 A,5 A 2 A,3,3 9 K,19,22,hit > hit > stand,1.0,win_dealer_bust,1.0
2219,23,Basic,2220,1,0,False,False,A K,A K,3,3 10,21,13,blackjack_check,1.0,player_blackjack,1.5
2220,23,Basic,2221,1,0,False,False,3 A,3 A 5,7,7 J,19,17,hit > stand,1.0,win,1.0
2221,23,Basic,2222,1,0,False,False,8 3,8 3 5,7,7 9 9,16,25,double,2.0,win_dealer_bust,2.0
2222,23,Basic,2223,1,0,False,False,9 7,9 7 7,9,9 10,23,19,hit,1.0,loss_bust,-1.0
2223,23,Basic,2224,1,0,False,False,4 2,4 2 A 10,J,J 2 5,17,17,hit > hit > stand,1.0,push,0.0
2224,23,Basic,2225,1,0,False,False,6 6,6 6 10,10,10 7,22,17,hit,1.0,loss_bust,-1.0
2225,23,Basic,2226,1,0,False,False,6 5,6 5 9,K,K 9,20,19,double,2.0,win,2.0
2226,23,Basic,2227,1,0,False,False,Q 4,Q 4,3,3 K 6,14,19,stand,1.0,loss,-1.0
2227,23,Basic,2228,1,0,False,False,8 3,8 3 5,10,10 9,16,19,double,2.0,loss,-2.0
2228,23,Basic,2229,1,0,False,False,9 8,9 8,A,A 7,17,18,stand,1.0,loss,-1.0
2229,23,Basic,2230,1,0,False,False,5 6,5 6 10,J,J 5 Q,21,25,double,2.0,win_dealer_bust,2.0
2230,23,Basic,2231,1,0,False,False,A 6,A 6 6 3 K,8,8 10,26,18,hit > hit > hit,1.0,loss_bust,-1.0
2231,23,Basic,2232,1,0,False,False,4 6,4 6 4 6,A,A A 9,20,21,hit > hit > stand,1.0,loss,-1.0
2232,23,Basic,2233,1,0,False,False,5 A,5 A 8 6,10,10 J,20,20,hit > hit > stand,1.0,push,0.0
2233,23,Basic,2234,1,0,False,False,J 2,J 2,5,5 7 6,12,18,stand,1.0,loss,-1.0
2234,23,Basic,2235,1,0,False,False,2 5,2 5 J,3,3 K J,17,23,hit > stand,1.0,win_dealer_bust,1.0
2235,23,Basic,2236,1,0,False,False,9 Q,9 Q,K,K 10,19,20,stand,1.0,loss,-1.0
2236,23,Basic,2237,1,0,False,False,3 J,3 J Q,9,9 5,23,14,hit,1.0,loss_bust,-1.0
2237,23,Basic,2238,1,0,False,False,3 9,3 9 Q,10,10 8,22,18,hit,1.0,loss_bust,-1.0
2238,23,Basic,2239,1,0,False,False,7 5,7 5,5,5 7 J,12,22,stand,1.0,win_dealer_bust,1.0
2239,23,Basic,2240,1,0,False,False,9 6,9 6 6,A,A A A 8,21,21,hit,1.0,push,0.0
2240,23,Basic,2241,1,0,False,False,9 J,9 J,7,7 5 Q,19,22,stand,1.0,win_dealer_bust,1.0
2241,23,Basic,2242,1,0,False,False,10 J,10 J,A,A 3 7,20,21,stand,1.0,loss,-1.0
2242,23,Basic,2243,1,0,False,False,10 K,10 K,5,5 6 7,20,18,stand,1.0,win,1.0
2243,23,Basic,2244,1,0,False,False,4 5,4 5 8,4,4 A 9 10,17,24,double,2.0,win_dealer_bust,2.0
2244,23,Basic,2245,1,0,False,False,8 3,8 3 5,7,7 4 3 10,16,24,double,2.0,win_dealer_bust,2.0
2245,23,Basic,2246,1,0,False,False,4 5,4 5,A,A Q,9,21,blackjack_check,1.0,dealer_blackjack,-1.0
2246,23,Basic,2247,1,0,False,False,A J,A J,J,J 3,21,13,blackjack_check,1.0,player_blackjack,1.5
2247,23,Basic,2248,1,0,False,False,J 7,J 7,8,8 6 Q,17,24,stand,1.0,win_dealer_bust,1.0
2248,23,Basic,2249,1,0,False,False,J 8,J 8,3,3 6 5 4,18,18,stand,1.0,push,0.0
2249,23,Basic,2250,1,0,False,False,7 9,7 9 K,9,9 A,26,20,hit,1.0,loss_bust,-1.0
2250,23,Basic,2251,1,0,False,False,10 10,10 10,J,J 5 2,20,17,stand,1.0,win,1.0
2251,23,Basic,2252,1,0,False,False,4 8,4 8 2,2,2 2 9 8,14,21,hit > stand,1.0,loss,-1.0
2252,23,Basic,2253,1,0,False,False,Q A,Q A,6,6 3,21,9,blackjack_check,1.0,player_blackjack,1.5
2253,23,Basic,2254,1,0,False,False,2 6,2 6 J,K,K 3 A 9,18,23,hit > stand,1.0,win_dealer_bust,1.0
2254,23,Basic,2255,1,0,False,False,5 K,5 K,5,5 J 4,15,19,stand,1.0,loss,-1.0
2255,23,Basic,2256,1,0,False,False,K 4,K 4 2 Q,K,K 5,26,15,hit > hit,1.0,loss_bust,-1.0
2256,23,Basic,2257,1,0,False,False,9 9,9 9,K,K 2 4 A,18,17,stand,1.0,win,1.0
2257,23,Basic,2258,1,0,False,False,2 10,2 10 5,9,9 7 8,17,24,hit > stand,1.0,win_dealer_bust,1.0
2258,23,Basic,2259,1,0,False,False,K 10,K 10,Q,Q 4 A K,20,25,stand,1.0,win_dealer_bust,1.0
2259,23,Basic,2260,1,0,False,False,6 J,6 J 7,K,K Q,23,20,hit,1.0,loss_bust,-1.0
2260,23,Basic,2261,1,0,False,False,5 Q,5 Q,5,5 10 9,15,24,stand,1.0,win_dealer_bust,1.0
2261,23,Basic,2262,1,0,False,False,3 A,3 A 8 2,2,2 4 6 6,14,18,hit > hit > stand,1.0,loss,-1.0
2262,23,Basic,2263,1,0,False,False,Q J,Q J,8,8 8 2,20,18,stand,1.0,win,1.0
2263,23,Basic,2264,1,0,False,False,J Q,J Q,Q,Q J,20,20,stand,1.0,push,0.0
2264,23,Basic,2265,1,0,False,False,K 4,K 4 9,J,J 10,23,20,hit,1.0,loss_bust,-1.0
2265,23,Basic,2266,1,0,False,False,7 Q,7 Q,10,10 Q,17,20,stand,1.0,loss,-1.0
2266,23,Basic,2267,1,0,False,False,3 3,3 3 5 J,A,A 2 9 K,21,22,hit > hit,1.0,win_dealer_bust,1.0
2267,23,Basic,2268,1,0,False,False,8 3,8 3 4,3,3 7 10,15,20,double,2.0,loss,-2.0
2268,23,Basic,2269,1,0,False,False,10 6,10 6,3,3 A 9 9,16,22,stand,1.0,win_dealer_bust,1.0
2269,23,Basic,2270,1,0,False,False,7 J,7 J,6,6 K J,17,26,stand,1.0,win_dealer_bust,1.0
2270,23,Basic,2271,1,0,False,False,8 K,8 K,K,K 7,18,17,stand,1.0,win,1.0
2271,23,Basic,2272,1,0,False,False,9 8,9 8,9,9 3 10,17,22,stand,1.0,win_dealer_bust,1.0
2272,23,Basic,2273,1,0,False,False,K 6,K 6 3,K,K 3 9,19,22,hit > stand,1.0,win_dealer_bust,1.0
2273,23,Basic,2274,1,0,False,False,Q 4,Q 4,6,6 3 10,14,19,stand,1.0,loss,-1.0
2274,23,Basic,2275,1,0,False,False,10 6,10 6,4,4 J Q,16,24,stand,1.0,win_dealer_bust,1.0
2275,23,Basic,2276,1,0,False,False,9 4,9 4 J,7,7 8,23,15,hit,1.0,loss_bust,-1.0
2276,23,Basic,2277,1,0,False,False,2 4,2 4 6 7,8,8 A,19,19,hit > hit > stand,1.0,push,0.0
2277,23,Basic,2278,1,0,False,False,9 K,9 K,8,8 J,19,18,stand,1.0,win,1.0
2278,23,Basic,2279,1,0,False,False,2 Q,2 Q 6,10,10 6 4,18,20,hit > stand,1.0,loss,-1.0
2279,23,Basic,2280,1,0,False,False,9 7,9 7,5,5 7 J,16,22,stand,1.0,win_dealer_bust,1.0
2280,23,Basic,2281,1,0,False,False,3 J,3 J,3,3 K 4,13,17,stand,1.0,loss,-1.0
2281,23,Basic,2282,1,0,False,False,8 4,8 4 4,3,3 6 5 3,16,17,hit > stand,1.0,loss,-1.0
2282,23,Basic,2283,1,0,False,False,9 Q,9 Q,9,9 J,19,19,stand,1.0,push,0.0
2283,23,Basic,2284,1,0,False,False,6 8,6 8 5,8,8 6 2 J,19,26,hit > stand,1.0,win_dealer_bust,1.0
2284,23,Basic,2285,1,0,False,False,A 4,A 4 8,2,2 2 9 10,13,23,hit > stand,1.0,win_dealer_bust,1.0
2285,23,Basic,2286,1,0,False,False,J K,J K,4,4 4 A,20,19,stand,1.0,win,1.0
2286,23,Basic,2287,1,0,False,False,J 5,J 5,4,4 Q Q,15,24,stand,1.0,win_dealer_bust,1.0
2287,23,Basic,2288,1,0,False,False,5 8,5 8 9,J,J J,22,20,hit,1.0,loss_bust,-1.0
2288,23,Basic,2289,1,0,False,False,7 2,7 2 5 A 7,K,K J,22,20,hit > hit > hit,1.0,loss_bust,-1.0
2289,23,Basic,2290,1,0,False,False,8 9,8 9,7,7 A,17,18,stand,1.0,loss,-1.0
2290,23,Basic,2291,1,0,False,False,7 3,7 3 9,8,8 3 5 A,19,17,double,2.0,win,2.0
2291,23,Basic,2292,1,0,False,False,9 8,9 8,8,8 8 10,17,26,stand,1.0,win_dealer_bust,1.0
2292,23,Basic,2293,1,0,False,False,4 9,4 9 2 2,7,7 J,17,17,hit > hit > stand,1.0,push,0.0
2293,23,Basic,2294,1,0,False,False,A J,A J,Q,Q K,21,20,blackjack_check,1.0,player_blackjack,1.5
2294,23,Basic,2295,1,0,False,False,K 10,K 10,K,K 3 6,20,19,stand,1.0,win,1.0
2295,23,Basic,2296,1,0,False,False,9 A,9 A,6,6 J 9,20,25,stand,1.0,win_dealer_bust,1.0
2296,23,Basic,2297,1,0,False,False,2 5,2 5 9,3,3 7 7,16,17,hit > stand,1.0,loss,-1.0
2297,23,Basic,2298,1,0,False,False,9 A,9 A,J,J 8,20,18,stand,1.0,win,1.0
2298,23,Basic,2299,1,0,False,False,J K,J K,K,K 8,20,18,stand,1.0,win,1.0
2299,23,Basic,2300,1,0,False,False,7 3,7 3 6 8,K,K 2,24,12,hit > hit,1.0,loss_bust,-1.0
2300,23,Basic,2301,1,0,False,False,J 10,J 10,3,3 5 A,20,19,stand,1.0,win,1.0
2301,24,Simplified,2302,1,0,False,False,7 5,7 5,6,6 8 7,12,21,stand,1.0,loss,-1.0
2302,24,Simplified,2303,1,0,False,False,K 9,K 9,5,5 Q 3,19,18,stand,1.0,win,1.0
2303,24,Simplified,2304,1,0,False,False,4 6,4 6 7,2,2 7 J,17,19,hit > stand,1.0,loss,-1.0
2304,24,Simplified,2305,1,0,False,False,K 2,K 2,4,4 J Q,12,24,stand,1.0,win_dealer_bust,1.0
2305,24,Simplified,2306,1,0,False,False,K 8,K 8,2,2 10 4 Q,18,26,stand,1.0,win_dealer_bust,1.0
2306,24,Simplified,2307,1,0,False,False,A 4,A 4 J,3,3 10 7,15,20,hit > stand,1.0,loss,-1.0
2307,24,Simplified,2308,1,0,False,False,9 Q,9 Q,5,5 K A 6,19,22,stand,1.0,win_dealer_bust,1.0
2308,24,Simplified,2309,1,0,False,False,Q 2,Q 2,4,4 2 4 Q,12,20,stand,1.0,loss,-1.0
2309,24,Simplified,2310,1,0,False,False,3 4,3 4 K,6,6 2 K,17,18,hit > stand,1.0,loss,-1.0
2310,24,Simplified,2311,1,0,False,False,8 J,8 J,10,10 8,18,18,stand,1.0,push,0.0
2311,24,Simplified,2312,1,0,False,False,6 J,6 J,A,A 3 8 6,16,18,stand,1.0,loss,-1.0
2312,24,Simplified,2313,1,0,False,False,5 8,5 8,8,8 2 10,13,20,stand,1.0,loss,-1.0
2313,24,Simplified,2314,1,0,False,False,10 9,10 9,8,8 3 Q,19,21,stand,1.0,loss,-1.0
2314,24,Simplified,2315,1,0,False,False,7 4,7 4 7,10,10 6 J,18,26,hit > stand,1.0,win_dealer_bust,1.0
2315,24,Simplified,2316,1,0,False,False,5 Q,5 Q,5,5 9 Q,15,24,stand,1.0,win_dealer_bust,1.0
2316,24,Simplified,2317,1,0,False,False,9 J,9 J,A,A Q,19,21,blackjack_check,1.0,dealer_blackjack,-1.0
2317,24,Simplified,2318,1,0,False,False,4 5,4 5 5,9,9 A,14,20,hit > stand,1.0,loss,-1.0
2318,24,Simplified,2319,1,0,False,False,7 5,7 5,9,9 3 A 4,12,17,stand,1.0,loss,-1.0
2319,24,Simplified,2320,1,0,False,False,10 6,10 6,K,K 4 8,16,22,stand,1.0,win_dealer_bust,1.0
2320,24,Simplified,2321,1,0,False,False,9 A,9 A,A,A 6,20,17,stand,1.0,win,1.0
2321,24,Simplified,2322,1,0,False,False,A 6,A 6 7,6,6 7 3 9,14,25,hit > stand,1.0,win_dealer_bust,1.0
2322,24,Simplified,2323,1,0,False,False,9 10,9 10,9,9 J,19,19,stand,1.0,push,0.0
2323,24,Simplified,2324,1,0,False,False,7 J,7 J,5,5 10 Q,17,25,stand,1.0,win_dealer_bust,1.0
2324,24,Simplified,2325,1,0,False,False,5 K,5 K,J,J 2 8,15,20,stand,1.0,loss,-1.0
2325,24,Simplified,2326,1,0,False,False,K 7,K 7,J,J 7,17,17,stand,1.0,push,0.0
2326,24,Simplified,2327,1,0,False,False,4 7,4 7 J,J,J K,21,20,hit,1.0,win,1.0
2327,24,Simplified,2328,1,0,False,False,K 9,K 9,6,6 5 7,19,18,stand,1.0,win,1.0
2328,24,Simplified,2329,1,0,False,False,8 10,8 10,A,A 4 7 K,18,22,stand,1.0,win_dealer_bust,1.0
2329,24,Simplified,2330,1,0,False,False,4 10,4 10,2,2 K 5,14,17,stand,1.0,loss,-1.0
2330,24,Simplified,2331,1,0,False,False,9 Q,9 Q,3,3 8 J,19,21,stand,1.0,loss,-1.0
2331,24,Simplified,2332,1,0,False,False,9 4,9 4,3,3 2 J 7,13,22,stand,1.0,win_dealer_bust,1.0
2332,24,Simplified,2333,1,0,False,False,A K,A K,8,8 K,21,18,blackjack_check,1.0,player_blackjack,1.5
2333,24,Simplified,2334,1,0,False,False,Q 8,Q 8,Q,Q A,18,21,blackjack_check,1.0,dealer_blackjack,-1.0
2334,24,Simplified,2335,1,0,False,False,9 9,9 9,9,9 6 K,18,25,stand,1.0,win_dealer_bust,1.0
2335,24,Simplified,2336,1,0,False,False,6 8,6 8,8,8 A,14,19,stand,1.0,loss,-1.0
2336,24,Simplified,2337,1,0,False,False,7 8,7 8,4,4 8 K,15,22,stand,1.0,win_dealer_bust,1.0
2337,24,Simplified,2338,1,0,False,False,K 9,K 9,3,3 3 Q 6,19,22,stand,1.0,win_dealer_bust,1.0
2338,24,Simplified,2339,1,0,False,False,4 9,4 9,K,K 2 J,13,22,stand,1.0,win_dealer_bust,1.0
2339,24,Simplified,2340,1,0,False,False,Q 9,Q 9,A,A A 5,19,17,stand,1.0,win,1.0
2340,24,Simplified,2341,1,0,False,False,J 7,J 7,4,4 2 5 3 7,17,21,stand,1.0,loss,-1.0
2341,24,Simplified,2342,1,0,False,False,4 10,4 10,K,K 6 4,14,20,stand,1.0,loss,-1.0
2342,24,Simplified,2343,1,0,False,False,9 10,9 10,A,A 5 8 7,19,21,stand,1.0,loss,-1.0
2343,24,Simplified,2344,1,0,False,False,A 8,A 8,5,5 10 2,19,17,stand,1.0,win,1.0
2344,24,Simplified,2345,1,0,False,False,2 9,2 9 7,8,8 7 9,18,24,hit > stand,1.0,win_dealer_bust,1.0
2345,24,Simplified,2346,1,0,False,False,A 6,A 6 J,9,9 9,17,18,hit > stand,1.0,loss,-1.0
2346,24,Simplified,2347,1,0,False,False,9 4,9 4,J,J 8,13,18,stand,1.0,loss,-1.0
2347,24,Simplified,2348,1,0,False,False,5 8,5 8,4,4 K 7,13,21,stand,1.0,loss,-1.0
2348,24,Simplified,2349,1,0,False,False,2 Q,2 Q,7,7 9 10,12,26,stand,1.0,win_dealer_bust,1.0
2349,24,Simplified,2350,1,0,False,False,A K,A K,A,A 3,21,14,blackjack_check,1.0,player_blackjack,1.5
2350,24,Simplified,2351,1,0,False,False,7 4,7 4 K,K,K 4 A 10,21,25,hit,1.0,win_dealer_bust,1.0
2351,24,Simplified,2352,1,0,False,False,9 6,9 6,4,4 4 K,15,18,stand,1.0,loss,-1.0
2352,24,Simplified,2353,1,0,False,False,4 K,4 K,8,8 6 7,14,21,stand,1.0,loss,-1.0
2353,24,Simplified,2354,1,0,False,False,K J,K J,5,5 8 6,20,19,stand,1.0,win,1.0
2354,24,Simplified,2355,1,0,False,False,4 7,4 7 5,4,4 9 2 A 10,16,26,hit > stand,1.0,win_dealer_bust,1.0
2355,24,Simplified,2356,1,0,False,False,5 2,5 2 8,2,2 5 A,15,18,hit > stand,1.0,loss,-1.0
2356,24,Simplified,2357,1,0,False,False,4 K,4 K,Q,Q 2 J,14,22,stand,1.0,win_dealer_bust,1.0
2357,24,Simplified,2358,1,0,False,False,9 3,9 3,Q,Q 8,12,18,stand,1.0,loss,-1.0
2358,24,Simplified,2359,1,0,False,False,6 4,6 4 K,8,8 9,20,17,hit > stand,1.0,win,1.0
2359,24,Simplified,2360,1,0,False,False,3 6,3 6 6,5,5 K J,15,25,hit > stand,1.0,win_dealer_bust,1.0
2360,24,Simplified,2361,1,0,False,False,2 6,2 6 J,8,8 A,18,19,hit > stand,1.0,loss,-1.0
2361,24,Simplified,2362,1,0,False,False,9 7,9 7,5,5 4 K,16,19,stand,1.0,loss,-1.0
2362,24,Simplified,2363,1,0,False,False,2 10,2 10,J,J K,12,20,stand,1.0,loss,-1.0
2363,24,Simplified,2364,1,0,False,False,Q 3,Q 3,5,5 10 6,13,21,stand,1.0,loss,-1.0
2364,24,Simplified,2365,1,0,False,False,10 K,10 K,Q,Q 3 10,20,23,stand,1.0,win_dealer_bust,1.0
2365,24,Simplified,2366,1,0,False,False,6 3,6 3 3,4,4 Q J,12,24,hit > stand,1.0,win_dealer_bust,1.0
2366,24,Simplified,2367,1,0,False,False,3 J,3 J,A,A 7,13,18,stand,1.0,loss,-1.0
2367,24,Simplified,2368,1,0,False,False,Q 9,Q 9,5,5 3 2 3 J,19,23,stand,1.0,win_dealer_bust,1.0
2368,24,Simplified,2369,1,0,False,False,2 J,2 J,A,A K,12,21,blackjack_check,1.0,dealer_blackjack,-1.0
2369,24,Simplified,2370,1,0,False,False,7 6,7 6,2,2 7 10,13,19,stand,1.0,loss,-1.0
2370,24,Simplified,2371,1,0,False,False,9 5,9 5,3,3 J Q,14,23,stand,1.0,win_dealer_bust,1.0
2371,24,Simplified,2372,1,0,False,False,6 5,6 5 3,8,8 10,14,18,hit > stand,1.0,loss,-1.0
2372,24,Simplified,2373,1,0,False,False,Q 5,Q 5,J,J 7,15,17,stand,1.0,loss,-1.0
2373,24,Simplified,2374,1,0,False,False,6 A,6 A 10,Q,Q 8,17,18,hit > stand,1.0,loss,-1.0
2374,24,Simplified,2375,1,0,False,False,6 J,6 J,2,2 4 7 5,16,18,stand,1.0,loss,-1.0
2375,24,Simplified,2376,1,0,False,False,6 7,6 7,A,A 9,13,20,stand,1.0,loss,-1.0
2376,24,Simplified,2377,1,0,False,False,8 Q,8 Q,5,5 J 6,18,21,stand,1.0,loss,-1.0
2377,24,Simplified,2378,1,0,False,False,3 2,3 2 A 2,10,10 6 8,18,24,hit > hit > stand,1.0,win_dealer_bust,1.0
2378,24,Simplified,2379,1,0,False,False,8 5,8 5,K,K 7,13,17,stand,1.0,loss,-1.0
2379,24,Simplified,2380,1,0,False,False,3 4,3 4 K,7,7 8 J,17,25,hit > stand,1.0,win_dealer_bust,1.0
2380,24,Simplified,2381,1,0,False,False,A 7,A 7,9,9 Q,18,19,stand,1.0,loss,-1.0
2381,24,Simplified,2382,1,0,False,False,4 Q,4 Q,A,A 8,14,19,stand,1.0,loss,-1.0
2382,24,Simplified,2383,1,0,False,False,9 7,9 7,7,7 A,16,18,stand,1.0,loss,-1.0
2383,24,Simplified,2384,1,0,False,False,K 9,K 9,9,9 A,19,20,stand,1.0,loss,-1.0
2384,24,Simplified,2385,1,0,False,False,2 Q,2 Q,5,5 K 3,12,18,stand,1.0,loss,-1.0
2385,24,Simplified,2386,1,0,False,False,9 K,9 K,2,2 5 2 4 8,19,21,stand,1.0,loss,-1.0
2386,24,Simplified,2387,1,0,False,False,A J,A J,7,7 8,21,15,blackjack_check,1.0,player_blackjack,1.5
2387,24,Simplified,2388,1,0,False,False,A 3,A 3 10,4,4 9 2 K,14,25,hit > stand,1.0,win_dealer_bust,1.0
2388,24,Simplified,2389,1,0,False,False,K 4,K 4,9,9 9,14,18,stand,1.0,loss,-1.0
2389,24,Simplified,2390,1,0,False,False,9 4,9 4,9,9 7 3,13,19,stand,1.0,loss,-1.0
2390,24,Simplified,2391,1,0,False,False,J 9,J 9,10,10 K,19,20,stand,1.0,loss,-1.0
2391,24,Simplified,2392,1,0,False,False,8 6,8 6,Q,Q J,14,20,stand,1.0,loss,-1.0
2392,24,Simplified,2393,1,0,False,False,A K,A K,9,9 2,21,11,blackjack_check,1.0,player_blackjack,1.5
2393,24,Simplified,2394,1,0,False,False,5 A,5 A 2,4,4 3 4 J,18,21,hit > stand,1.0,loss,-1.0
2394,24,Simplified,2395,1,0,False,False,4 3,4 3 7,10,10 5 10,14,25,hit > stand,1.0,win_dealer_bust,1.0
2395,24,Simplified,2396,1,0,False,False,2 6,2 6 8,K,K 5 10,16,25,hit > stand,1.0,win_dealer_bust,1.0
2396,24,Simplified,2397,1,0,False,False,9 9,9 9,6,6 10 4,18,20,stand,1.0,loss,-1.0
2397,24,Simplified,2398,1,0,False,False,4 8,4 8,J,J 10,12,20,stand,1.0,loss,-1.0
2398,24,Simplified,2399,1,0,False,False,7 A,7 A,5,5 5 5 6,18,21,stand,1.0,loss,-1.0
2399,24,Simplified,2400,1,0,False,False,9 Q,9 Q,7,7 10,19,17,stand,1.0,win,1.0
2400,24,Simplified,2401,1,0,False,False,2 2,2 2 2 6,8,8 A,12,19,hit > hit > stand,1.0,loss,-1.0
2401,25,Basic,2402,1,0,False,False,J 9,J 9,5,5 6 8,19,19,stand,1.0,push,0.0
2402,25,Basic,2403,1,0,False,False,8 7,8 7,2,2 J 5,15,17,stand,1.0,loss,-1.0
2403,25,Basic,2404,1,0,False,False,5 4,5 4 K,6,6 9 10,19,25,double,2.0,win_dealer_bust,2.0
2404,25,Basic,2405,1,0,False,False,A 9,A 9,K,K A,20,21,blackjack_check,1.0,dealer_blackjack,-1.0
2405,25,Basic,2406,1,1,True,False,2 8,2 8 A,3,3 7 A,21,21,double,2.0,push,0.0
2405,25,Basic,2406,2,1,True,False,2 J,2 J 8,3,3 7 A,20,21,hit > stand,1.0,loss,-1.0
2406,25,Basic,2407,1,0,False,False,Q 3,Q 3 6,8,8 8 4,19,20,hit > stand,1.0,loss,-1.0
2407,25,Basic,2408,1,0,False,False,10 7,10 7,7,7 10,17,17,stand,1.0,push,0.0
2408,25,Basic,2409,1,0,False,False,2 A,2 A K J,7,7 4,23,11,hit > hit,1.0,loss_bust,-1.0
2409,25,Basic,2410,1,0,False,False,K 5,K 5 10,8,8 4,25,12,hit,1.0,loss_bust,-1.0
2410,25,Basic,2411,1,0,False,False,5 6,5 6 Q,10,10 8,21,18,double,2.0,win,2.0
2411,25,Basic,2412,1,0,False,False,2 A,2 A 10 7,10,10 K,20,20,hit > hit > stand,1.0,push,0.0
2412,25,Basic,2413,1,0,False,False,2 J,2 J Q,Q,Q Q,22,20,hit,1.0,loss_bust,-1.0
2413,25,Basic,2414,1,1,True,False,7 5,7 5,6,6 4 3 8,12,21,stand,1.0,loss,-1.0
2413,25,Basic,2414,2,1,True,False,7 A,7 A 2,6,6 4 3 8,20,21,double,2.0,loss,-2.0
2414,25,Basic,2415,1,0,False,False,7 5,7 5,4,4 10 6,12,20,stand,1.0,loss,-1.0
2415,25,Basic,2416,1,0,False,False,Q J,Q J,5,5 7 4 K,20,26,stand,1.0,win_dealer_bust,1.0
2416,25,Basic,2417,1,0,False,False,2 8,2 8 10,9,9 9,20,18,double,2.0,win,2.0
2417,25,Basic,2418,1,0,False,False,10 4,10 4,A,A J,14,21,blackjack_check,1.0,dealer_blackjack,-1.0
2418,25,Basic,2419,1,0,False,False,A 2,A 2 7,9,9 4 10,20,23,hit > stand,1.0,win_dealer_bust,1.0
2419,25,Basic,2420,1,0,False,False,7 A,7 A K,A,A 3 9 7,18,20,hit > stand,1.0,loss,-1.0
2420,25,Basic,2421,1,0,False,False,2 Q,2 Q 9,K,K 5 10,21,25,hit,1.0,win_dealer_bust,1.0
2421,25,Basic,2422,1,0,False,False,2 7,2 7 6 9,9,9 5,24,14,hit > hit,1.0,loss_bust,-1.0
2422,25,Basic,2423,1,0,False,False,4 A,4 A 9 5,8,8 3 2 4,19,17,hit > hit > stand,1.0,win,1.0
2423,25,Basic,2424,1,0,False,False,A 9,A 9,10,10 5 9,20,24,stand,1.0,win_dealer_bust,1.0
2424,25,Basic,2425,1,0,False,False,Q Q,Q Q,A,A Q,20,21,blackjack_check,1.0,dealer_blackjack,-1.0
2425,25,Basic,2426,1,0,False,False,7 4,7 4 2,J,J 10,13,20,double,2.0,loss,-2.0
2426,25,Basic,2427,1,0,False,False,Q J,Q J,8,8 3 J,20,21,stand,1.0,loss,-1.0
2427,25,Basic,2428,1,0,False,False,9 K,9 K,K,K 4 8,19,22,stand,1.0,win_dealer_bust,1.0
2428,25,Basic,2429,1,0,False,False,6 J,6 J 9,7,7 10,25,17,hit,1.0,loss_bust,-1.0
2429,25,Basic,2430,1,0,False,False,6 7,6 7,4,4 5 2 J,13,21,stand,1.0,loss,-1.0
2430,25,Basic,2431,1,0,False,False,9 7,9 7 5,A,A 4 6,21,21,hit,1.0,push,0.0
2431,25,Basic,2432,1,0,False,False,Q K,Q K,10,10 K,20,20,stand,1.0,push,0.0
2432,25,Basic,2433,1,0,False,False,7 Q,7 Q,5,5 Q 4,17,19,stand,1.0,loss,-1.0
2433,25,Basic,2434,1,0,False,False,8 7,8 7 6,K,K J,21,20,hit,1.0,win,1.0
2434,25,Basic,2435,1,0,False,False,4 3,4 3 5 A 3 10,Q,Q J,26,20,hit > hit > hit > hit,1.0,loss_bust,-1.0
2435,25,Basic,2436,1,0,False,False,Q K,Q K,9,9 2 3 3,20,17,stand,1.0,win,1.0
2436,25,Basic,2437,1,0,False,False,Q J,Q J,J,J Q,20,20,stand,1.0,push,0.0
2437,25,Basic,2438,1,0,False,False,5 10,5 10 8,K,K 4,23,14,hit,1.0,loss_bust,-1.0
2438,25,Basic,2439,1,0,False,False,8 10,8 10,5,5 K J,18,25,stand,1.0,win_dealer_bust,1.0
2439,25,Basic,2440,1,0,False,False,Q J,Q J,10,10 J,20,20,stand,1.0,push,0.0
2440,25,Basic,2441,1,0,False,False,Q 6,Q 6 K,9,9 K,26,19,hit,1.0,loss_bust,-1.0
2441,25,Basic,2442,1,0,False,False,5 10,5 10 9,10,10 2,24,12,hit,1.0,loss_bust,-1.0
2442,25,Basic,2443,1,0,False,False,5 7,5 7 J,Q,Q 9,22,19,hit,1.0,loss_bust,-1.0
2443,25,Basic,2444,1,0,False,False,9 7,9 7,6,6 2 5 A K,16,24,stand,1.0,win_dealer_bust,1.0
2444,25,Basic,2445,1,0,False,False,7 2,7 2 J,3,3 2 K 6,19,21,double,2.0,loss,-2.0
2445,25,Basic,2446,1,0,False,False,Q 10,Q 10,K,K 5 8,20,23,stand,1.0,win_dealer_bust,1.0
2446,25,Basic,2447,1,0,False,False,2 5,2 5 6 J,8,8 7,23,15,hit > hit,1.0,loss_bust,-1.0
2447,25,Basic,2448,1,0,False,False,8 J,8 J,J,J 10,18,20,stand,1.0,loss,-1.0
2448,25,Basic,2449,1,0,False,False,6 3,6 3 Q,8,8 9,19,17,hit > stand,1.0,win,1.0
2449,25,Basic,2450,1,0,False,False,3 8,3 8 K,5,5 5 2 7,21,19,double,2.0,win,2.0
2450,25,Basic,2451,1,0,False,False,J 9,J 9,7,7 7 Q,19,24,stand,1.0,win_dealer_bust,1.0
2451,25,Basic,2452,1,0,False,False,3 A,3 A Q,3,3 K J,14,23,hit > stand,1.0,win_dealer_bust,1.0
2452,25,Basic,2453,1,0,False,False,7 4,7 4 5,4,4 6 9,16,19,double,2.0,loss,-2.0
2453,25,Basic,2454,1,0,False,False,6 5,6 5 K,Q,Q 7,21,17,double,2.0,win,2.0
2454,25,Basic,2455,1,0,False,False,K Q,K Q,2,2 3 5 4 A 6,20,21,stand,1.0,loss,-1.0
2455,25,Basic,2456,1,0,False,False,8 J,8 J,3,3 8 6,18,17,stand,1.0,win,1.0
2456,25,Basic,2457,1,0,False,False,4 6,4 6 7,6,6 6 5,17,17,double,2.0,push,0.0
2457,25,Basic,2458,1,0,False,False,3 Q,3 Q 5,8,8 9,18,17,hit > stand,1.0,win,1.0
2458,25,Basic,2459,1,0,False,False,A 9,A 9,7,7 3 9,20,19,stand,1.0,win,1.0
2459,25,Basic,2460,1,0,False,False,Q 8,Q 8,7,7 6 J,18,23,stand,1.0,win_dealer_bust,1.0
2460,25,Basic,2461,1,0,False,False,10 2,10 2 6,3,3 6 6 K,18,25,hit > stand,1.0,win_dealer_bust,1.0
2461,25,Basic,2462,1,0,False,False,A 3,A 3 4,6,6 2 K,18,18,double,2.0,push,0.0
2462,25,Basic,2463,1,0,False,False,7 2,7 2 5,5,5 K 10,14,25,double,2.0,win_dealer_bust,2.0
2463,25,Basic,2464,1,0,False,False,4 10,4 10,Q,Q A,14,21,blackjack_check,1.0,dealer_blackjack,-1.0
2464,25,Basic,2465,1,0,False,False,6 10,6 10,J,J A,16,21,blackjack_check,1.0,dealer_blackjack,-1.0
2465,25,Basic,2466,1,0,False,False,5 3,5 3 2 5,3,3 8 A Q,15,22,hit > hit > stand,1.0,win_dealer_bust,1.0
2466,25,Basic,2467,1,0,False,False,9 Q,9 Q,4,4 5 J,19,19,stand,1.0,push,0.0
2467,25,Basic,2468,1,0,False,False,9 8,9 8,K,K 8,17,18,stand,1.0,loss,-1.0
2468,25,Basic,2469,1,0,False,False,9 J,9 J,6,6 J 3,19,19,stand,1.0,push,0.0
2469,25,Basic,2470,1,0,False,False,4 7,4 7 2,K,K 3 J,13,23,double,2.0,win_dealer_bust,2.0
2470,25,Basic,2471,1,0,False,False,7 2,7 2 8,2,2 8 2 3 9,17,24,hit > stand,1.0,win_dealer_bust,1.0
2471,25,Basic,2472,1,0,False,False,Q Q,Q Q,4,4 2 Q 2,20,18,stand,1.0,win,1.0
2472,25,Basic,2473,1,0,False,False,2 7,2 7 4 6,Q,Q 7,19,17,hit > hit > stand,1.0,win,1.0
2473,25,Basic,2474,1,0,False,False,J 9,J 9,5,5 7 A J,19,23,stand,1.0,win_dealer_bust,1.0
2474,25,Basic,2475,1,0,False,False,3 9,3 9 2 9,8,8 Q,23,18,hit > hit,1.0,loss_bust,-1.0
2475,25,Basic,2476,1,0,False,False,6 3,6 3 4,6,6 A,13,17,double,2.0,loss,-2.0
2476,25,Basic,2477,1,0,False,False,Q 10,Q 10,2,2 7 8,20,17,stand,1.0,win,1.0
2477,25,Basic,2478,1,0,False,False,3 6,3 6 8,4,4 Q J,17,24,double,2.0,win_dealer_bust,2.0
2478,25,Basic,2479,1,0,False,False,6 A,6 A 9,2,2 4 4 3 9,16,22,hit > stand,1.0,win_dealer_bust,1.0
2479,25,Basic,2480,1,1,True,False,9 10,9 10,3,3 J 9,19,22,stand,1.0,win_dealer_bust,1.0
2479,25,Basic,2480,2,1,True,False,9 2,9 2 5,3,3 J 9,16,22,double,2.0,win_dealer_bust,2.0
2480,25,Basic,2481,1,0,False,False,A Q,A Q,J,J 10,21,20,blackjack_check,1.0,player_blackjack,1.5
2481,25,Basic,2482,1,0,False,False,6 J,6 J,2,2 K A A 5,16,19,stand,1.0,loss,-1.0
2482,25,Basic,2483,1,0,False,False,J 6,J 6 K,10,10 10,26,20,hit,1.0,loss_bust,-1.0
2483,25,Basic,2484,1,0,False,False,4 4,4 4 Q,3,3 2 10 2,18,17,hit > stand,1.0,win,1.0
2484,25,Basic,2485,1,0,False,False,10 7,10 7,6,6 Q A,17,17,stand,1.0,push,0.0
2485,25,Basic,2486,1,0,False,False,Q 4,Q 4,5,5 4 5 2 7,14,23,stand,1.0,win_dealer_bust,1.0
2486,25,Basic,2487,1,0,False,False,K 4,K 4 K,9,9 K,24,19,hit,1.0,loss_bust,-1.0
2487,25,Basic,2488,1,0,False,False,J 6,J 6 3,8,8 8 K,19,26,hit > stand,1.0,win_dealer_bust,1.0
2488,25,Basic,2489,1,0,False,False,7 J,7 J,8,8 6 J,17,24,stand,1.0,win_dealer_bust,1.0
2489,25,Basic,2490,1,0,False,False,4 A,4 A 9 Q,9,9 5,24,14,hit > hit,1.0,loss_bust,-1.0
2490,25,Basic,2491,1,0,False,False,10 A,10 A,8,8 2,21,10,blackjack_check,1.0,player_blackjack,1.5
2491,25,Basic,2492,1,0,False,False,K J,K J,3,3 8 9,20,20,stand,1.0,push,0.0
2492,25,Basic,2493,1,0,False,False,2 5,2 5 6,4,4 10 A 9,13,24,hit > stand,1.0,win_dealer_bust,1.0
2493,25,Basic,2494,1,0,False,False,10 10,10 10,3,3 4 7 J,20,24,stand,1.0,win_dealer_bust,1.0
2494,25,Basic,2495,1,0,False,False,6 7,6 7 6,8,8 7 2,19,17,hit > stand,1.0,win,1.0
2495,25,Basic,2496,1,0,False,False,3 A,3 A K 8,Q,Q 10,22,20,hit > hit,1.0,loss_bust,-1.0
2496,25,Basic,2497,1,0,False,False,A J,A J,2,2 A,21,13,blackjack_check,1.0,player_blackjack,1.5
2497,25,Basic,2498,1,0,False,False,2 5,2 5 4 J,3,3 K 7,21,20,hit > hit,1.0,win,1.0
2498,25,Basic,2499,1,0,False,False,A 4,A 4 7 2 4,J,J 8,18,18,hit > hit > hit > stand,1.0,push,0.0
2499,25,Basic,2500,1,0,False,False,4 10,4 10 8,8,8 3,22,11,hit,1.0,loss_bust,-1.0
2500,25,Basic,2501,1,0,False,False,4 5,4 5 2,3,3 9 10,11,22,double,2.0,win_dealer_bust,2.0
2501,26,Simplified,2502,1,0,False,False,4 10,4 10,7,7 A,14,18,stand,1.0,loss,-1.0
2502,26,Simplified,2503,1,0,False,False,4 J,4 J,A,A 2 3 J A,14,17,stand,1.0,loss,-1.0
2503,26,Simplified,2504,1,0,False,False,7 K,7 K,K,K 10,17,20,stand,1.0,loss,-1.0
2504,26,Simplified,2505,1,0,False,False,10 3,10 3,J,J 7,13,17,stand,1.0,loss,-1.0
2505,26,Simplified,2506,1,0,False,False,6 2,6 2 5,9,9 5 6,13,20,hit > stand,1.0,loss,-1.0
2506,26,Simplified,2507,1,0,False,False,7 A,7 A,10,10 10,18,20,stand,1.0,loss,-1.0
2507,26,Simplified,2508,1,0,False,False,K 6,K 6,Q,Q 10,16,20,stand,1.0,loss,-1.0
2508,26,Simplified,2509,1,0,False,False,Q A,Q A,2,2 5,21,7,blackjack_check,1.0,player_blackjack,1.5
2509,26,Simplified,2510,1,0,False,False,3 6,3 6 7,9,9 3 6,16,18,hit > stand,1.0,loss,-1.0
2510,26,Simplified,2511,1,0,False,False,K 2,K 2,2,2 6 10,12,18,stand,1.0,loss,-1.0
2511,26,Simplified,2512,1,0,False,False,7 J,7 J,10,10 8,17,18,stand,1.0,loss,-1.0
2512,26,Simplified,2513,1,0,False,False,K 3,K 3,7,7 2 3 J,13,22,stand,1.0,win_dealer_bust,1.0
2513,26,Simplified,2514,1,0,False,False,J 4,J 4,K,K 6 3,14,19,stand,1.0,loss,-1.0
2514,26,Simplified,2515,1,0,False,False,J K,J K,2,2 A 8,20,21,stand,1.0,loss,-1.0
2515,26,Simplified,2516,1,0,False,False,5 7,5 7,6,6 6 7,12,19,stand,1.0,loss,-1.0
2516,26,Simplified,2517,1,0,False,False,2 9,2 9 A,4,4 J 9,12,23,hit > stand,1.0,win_dealer_bust,1.0
2517,26,Simplified,2518,1,0,False,False,6 6,6 6,9,9 7 9,12,25,stand,1.0,win_dealer_bust,1.0
2518,26,Simplified,2519,1,0,False,False,3 9,3 9,8,8 3 10,12,21,stand,1.0,loss,-1.0
2519,26,Simplified,2520,1,0,False,False,2 8,2 8 6,6,6 10 2,16,18,hit > stand,1.0,loss,-1.0
2520,26,Simplified,2521,1,0,False,False,5 3,5 3 Q,K,K 7,18,17,hit > stand,1.0,win,1.0
2521,26,Simplified,2522,1,0,False,False,A 7,A 7,A,A 8,18,19,stand,1.0,loss,-1.0
2522,26,Simplified,2523,1,0,False,False,5 9,5 9,K,K 4 K,14,24,stand,1.0,win_dealer_bust,1.0
2523,26,Simplified,2524,1,0,False,False,4 2,4 2 7,K,K Q,13,20,hit > stand,1.0,loss,-1.0
2524,26,Simplified,2525,1,0,False,False,4 3,4 3 7,7,7 J,14,17,hit > stand,1.0,loss,-1.0
2525,26,Simplified,2526,1,0,False,False,2 2,2 2 A 8,Q,Q K,13,20,hit > hit > stand,1.0,loss,-1.0
2526,26,Simplified,2527,1,0,False,False,3 K,3 K,7,7 3 5 J,13,25,stand,1.0,win_dealer_bust,1.0
2527,26,Simplified,2528,1,0,False,False,6 A,6 A 4,7,7 7 5,21,19,hit,1.0,win,1.0
2528,26,Simplified,2529,1,0,False,False,2 5,2 5 7,K,K J,14,20,hit > stand,1.0,loss,-1.0
2529,26,Simplified,2530,1,0,False,False,4 4,4 4 2 A,5,5 10 9,21,24,hit > hit,1.0,win_dealer_bust,1.0
2530,26,Simplified,2531,1,0,False,False,3 4,3 4 A,2,2 8 A,18,21,hit > stand,1.0,loss,-1.0
2531,26,Simplified,2532,1,0,False,False,9 J,9 J,Q,Q 9,19,19,stand,1.0,push,0.0
2532,26,Simplified,2533,1,0,False,False,5 2,5 2 5,6,6 9 2,12,17,hit > stand,1.0,loss,-1.0
2533,26,Simplified,2534,1,0,False,False,6 J,6 J,K,K 8,16,18,stand,1.0,loss,-1.0
2534,26,Simplified,2535,1,0,False,False,8 J,8 J,8,8 K,18,18,stand,1.0,push,0.0
2535,26,Simplified,2536,1,0,False,False,9 9,9 9,10,10 9,18,19,stand,1.0,loss,-1.0
2536,26,Simplified,2537,1,0,False,False,K 3,K 3,K,K 6 10,13,26,stand,1.0,win_dealer_bust,1.0
2537,26,Simplified,2538,1,0,False,False,6 K,6 K,10,10 K,16,20,stand,1.0,loss,-1.0
2538,26,Simplified,2539,1,0,False,False,8 2,8 2 7,9,9 2 Q,17,21,hit > stand,1.0,loss,-1.0
2539,26,Simplified,2540,1,0,False,False,7 J,7 J,Q,Q J,17,20,stand,1.0,loss,-1.0
2540,26,Simplified,2541,1,0,False,False,8 7,8 7,9,9 7 J,15,26,stand,1.0,win_dealer_bust,1.0
2541,26,Simplified,2542,1,0,False,False,K 7,K 7,3,3 10 5,17,18,stand,1.0,loss,-1.0
2542,26,Simplified,2543,1,0,False,False,Q 9,Q 9,9,9 3 2 7,19,21,stand,1.0,loss,-1.0
2543,26,Simplified,2544,1,0,False,False,8 10,8 10,J,J 3 4,18,17,stand,1.0,win,1.0
2544,26,Simplified,2545,1,0,False,False,5 5,5 5 Q,3,3 3 Q A,20,17,hit > stand,1.0,win,1.0
2545,26,Simplified,2546,1,0,False,False,A 7,A 7,6,6 10 5,18,21,stand,1.0,loss,-1.0
2546,26,Simplified,2547,1,0,False,False,7 2,7 2 2 Q,7,7 4 5 4,21,20,hit > hit,1.0,win,1.0
2547,26,Simplified,2548,1,0,False,False,A 10,A 10,7,7 Q,21,17,blackjack_check,1.0,player_blackjack,1.5
2548,26,Simplified,2549,1,0,False,False,7 6,7 6,Q,Q 2 9,13,21,stand,1.0,loss,-1.0
2549,26,Simplified,2550,1,0,False,False,A 5,A 5 J,4,4 4 K,16,18,hit > stand,1.0,loss,-1.0
2550,26,Simplified,2551,1,0,False,False,7 9,7 9,J,J 6 5,16,21,stand,1.0,loss,-1.0
2551,26,Simplified,2552,1,0,False,False,Q 3,Q 3,6,6 9 A 2,13,18,stand,1.0,loss,-1.0
2552,26,Simplified,2553,1,0,False,False,8 J,8 J,7,7 10,18,17,stand,1.0,win,1.0
2553,26,Simplified,2554,1,0,False,False,6 5,6 5,K,K A,11,21,blackjack_check,1.0,dealer_blackjack,-1.0
2554,26,Simplified,2555,1,0,False,False,3 2,3 2 3 6,8,8 7 6,14,21,hit > hit > stand,1.0,loss,-1.0
2555,26,Simplified,2556,1,0,False,False,9 5,9 5,Q,Q 8,14,18,stand,1.0,loss,-1.0
2556,26,Simplified,2557,1,0,False,False,6 J,6 J,10,10 2 8,16,20,stand,1.0,loss,-1.0
2557,26,Simplified,2558,1,0,False,False,Q 4,Q 4,7,7 8 3,14,18,stand,1.0,loss,-1.0
2558,26,Simplified,2559,1,0,False,False,J J,J J,4,4 6 7,20,17,stand,1.0,win,1.0
2559,26,Simplified,2560,1,0,False,False,5 4,5 4 5,J,J Q,14,20,hit > stand,1.0,loss,-1.0
2560,26,Simplified,2561,1,0,False,False,Q 6,Q 6,10,10 8,16,18,stand,1.0,loss,-1.0
2561,26,Simplified,2562,1,0,False,False,4 5,4 5 8,9,9 2 7,17,18,hit > stand,1.0,loss,-1.0
2562,26,Simplified,2563,1,0,False,False,3 10,3 10,A,A 4 3,13,18,stand,1.0,loss,-1.0
2563,26,Simplified,2564,1,0,False,False,J 8,J 8,9,9 6 10,18,25,stand,1.0,win_dealer_bust,1.0
2564,26,Simplified,2565,1,0,False,False,5 K,5 K,10,10 9,15,19,stand,1.0,loss,-1.0
2565,26,Simplified,2566,1,0,False,False,8 4,8 4,A,A K,12,21,blackjack_check,1.0,dealer_blackjack,-1.0
2566,26,Simplified,2567,1,0,False,False,7 10,7 10,3,3 10 3 5,17,21,stand,1.0,loss,-1.0
2567,26,Simplified,2568,1,0,False,False,4 K,4 K,10,10 A,14,21,blackjack_check,1.0,dealer_blackjack,-1.0
2568,26,Simplified,2569,1,0,False,False,J 10,J 10,9,9 4 A J,20,24,stand,1.0,win_dealer_bust,1.0
2569,26,Simplified,2570,1,0,False,False,K 6,K 6,10,10 8,16,18,stand,1.0,loss,-1.0
2570,26,Simplified,2571,1,0,False,False,5 J,5 J,A,A 9,15,20,stand,1.0,loss,-1.0
2571,26,Simplified,2572,1,0,False,False,6 10,6 10,Q,Q 7,16,17,stand,1.0,loss,-1.0
2572,26,Simplified,2573,1,0,False,False,2 8,2 8 A,A,A 7,21,18,hit,1.0,win,1.0
2573,26,Simplified,2574,1,0,False,False,2 9,2 9 6,8,8 8 A,17,17,hit > stand,1.0,push,0.0
2574,26,Simplified,2575,1,0,False,False,10 3,10 3,K,K A,13,21,blackjack_check,1.0,dealer_blackjack,-1.0
2575,26,Simplified,2576,1,0,False,False,9 7,9 7,Q,Q A,16,21,blackjack_check,1.0,dealer_blackjack,-1.0
2576,26,Simplified,2577,1,0,False,False,J 6,J 6,10,10 6 Q,16,26,stand,1.0,win_dealer_bust,1.0
2577,26,Simplified,2578,1,0,False,False,J 2,J 2,10,10 7,12,17,stand,1.0,loss,-1.0
2578,26,Simplified,2579,1,0,False,False,K J,K J,7,7 9 5,20,21,stand,1.0,loss,-1.0
2579,26,Simplified,2580,1,0,False,False,3 10,3 10,10,10 A,13,21,blackjack_check,1.0,dealer_blackjack,-1.0
2580,26,Simplified,2581,1,0,False,False,5 K,5 K,9,9 3 9,15,21,stand,1.0,loss,-1.0
2581,26,Simplified,2582,1,0,False,False,A 10,A 10,4,4 5,21,9,blackjack_check,1.0,player_blackjack,1.5
2582,26,Simplified,2583,1,0,False,False,5 2,5 2 10,4,4 3 Q,17,17,hit > stand,1.0,push,0.0
2583,26,Simplified,2584,1,0,False,False,3 J,3 J,5,5 10 A Q,13,26,stand,1.0,win_dealer_bust,1.0
2584,26,Simplified,2585,1,0,False,False,5 4,5 4 A,3,3 A 10 8,20,22,hit > stand,1.0,win_dealer_bust,1.0
2585,26,Simplified,2586,1,0,False,False,9 9,9 9,Q,Q 6 4,18,20,stand,1.0,loss,-1.0
2586,26,Simplified,2587,1,0,False,False,3 5,3 5 2 J,J,J 7,20,17,hit > hit > stand,1.0,win,1.0
2587,26,Simplified,2588,1,0,False,False,K A,K A,10,10 A,21,21,blackjack_check,1.0,push_blackjack,0.0
2588,26,Simplified,2589,1,0,False,False,J K,J K,K,K 8,20,18,stand,1.0,win,1.0
2589,26,Simplified,2590,1,0,False,False,A A,A A Q,5,5 Q K,12,25,hit > stand,1.0,win_dealer_bust,1.0
2590,26,Simplified,2591,1,0,False,False,3 6,3 6 J,Q,Q 8,19,18,hit > stand,1.0,win,1.0
2591,26,Simplified,2592,1,0,False,False,8 6,8 6,9,9 8,14,17,stand,1.0,loss,-1.0
2592,26,Simplified,2593,1,0,False,False,9 7,9 7,9,9 A,16,20,stand,1.0,loss,-1.0
2593,26,Simplified,2594,1,0,False,False,Q A,Q A,2,2 6,21,8,blackjack_check,1.0,player_blackjack,1.5
2594,26,Simplified,2595,1,0,False,False,4 3,4 3 A,3,3 J 7,18,20,hit > stand,1.0,loss,-1.0
2595,26,Simplified,2596,1,0,False,False,5 7,5 7,Q,Q 6 9,12,25,stand,1.0,win_dealer_bust,1.0
2596,26,Simplified,2597,1,0,False,False,8 8,8 8,7,7 5 8,16,20,stand,1.0,loss,-1.0
2597,26,Simplified,2598,1,0,False,False,Q 8,Q 8,4,4 9 3 2,18,18,stand,1.0,push,0.0
2598,26,Simplified,2599,1,0,False,False,2 J,2 J,4,4 10 5,12,19,stand,1.0,loss,-1.0
2599,26,Simplified,2600,1,0,False,False,6 8,6 8,5,5 8 9,14,22,stand,1.0,win_dealer_bust,1.0
2600,26,Simplified,2601,1,0,False,False,7 7,7 7,K,K 3 Q,14,23,stand,1.0,win_dealer_bust,1.0
2601,27,Basic,2602,1,0,False,False,2 9,2 9 4 6,A,A 8,21,19,hit > hit,1.0,win,1.0
2602,27,Basic,2603,1,1,True,False,9 7,9 7 6,8,8 10,22,18,hit,1.0,loss_bust,-1.0
2602,27,Basic,2603,3,1,True,False,9 Q,9 Q,8,8 10,19,18,stand,1.0,win,1.0
2602,27,Basic,2603,2,1,True,False,9 6,9 6 7,8,8 10,22,18,hit,1.0,loss_bust,-1.0
2603,27,Basic,2604,1,0,False,False,4 3,4 3 K,Q,Q 9,17,19,hit > stand,1.0,loss,-1.0
2604,27,Basic,2605,1,0,False,False,J 7,J 7,Q,Q 8,17,18,stand,1.0,loss,-1.0
2605,27,Basic,2606,1,0,False,False,Q 9,Q 9,4,4 3 2 10,19,19,stand,1.0,push,0.0
2606,27,Basic,2607,1,0,False,False,6 5,6 5,J,J A,11,21,blackjack_check,1.0,dealer_blackjack,-1.0
2607,27,Basic,2608,1,0,False,False,5 7,5 7 Q,9,9 Q,22,19,hit,1.0,loss_bust,-1.0
2608,27,Basic,2609,1,0,False,False,2 10,2 10 A,2,2 7 10,13,19,hit > stand,1.0,loss,-1.0
2609,27,Basic,2610,1,1,True,False,2 7,2 7 J,4,4 9 2 J,19,25,double,2.0,win_dealer_bust,2.0
2609,27,Basic,2610,2,1,True,False,2 7,2 7 Q,4,4 9 2 J,19,25,double,2.0,win_dealer_bust,2.0
2610,27,Basic,2611,1,0,False,False,6 10,6 10,J,J A,16,21,blackjack_check,1.0,dealer_blackjack,-1.0
2611,27,Basic,2612,1,0,False,False,3 6,3 6 9,9,9 A,18,20,hit > stand,1.0,loss,-1.0
2612,27,Basic,2613,1,0,False,False,2 K,2 K 9,8,8 10,21,18,hit,1.0,win,1.0
2613,27,Basic,2614,1,0,False,False,4 Q,4 Q K,10,10 K,24,20,hit,1.0,loss_bust,-1.0
2614,27,Basic,2615,1,0,False,False,7 8,7 8,3,3 5 10,15,18,stand,1.0,loss,-1.0
2615,27,Basic,2616,1,0,False,False,Q J,Q J,10,10 9,20,19,stand,1.0,win,1.0
2616,27,Basic,2617,1,0,False,False,2 7,2 7 5,5,5 3 7 6,14,21,double,2.0,loss,-2.0
2617,27,Basic,2618,1,0,False,False,7 6,7 6,2,2 8 2 4 Q,13,26,stand,1.0,win_dealer_bust,1.0
2618,27,Basic,2619,1,0,False,False,3 9,3 9 6,7,7 4 J,18,21,hit > stand,1.0,loss,-1.0
2619,27,Basic,2620,1,0,False,False,9 7,9 7 K,J,J 7,26,17,hit,1.0,loss_bust,-1.0
2620,27,Basic,2621,1,0,False,False,7 5,7 5 10,A,A A,22,12,hit,1.0,loss_bust,-1.0
2621,27,Basic,2622,1,0,False,False,10 9,10 9,K,K 2 8,19,20,stand,1.0,loss,-1.0
2622,27,Basic,2623,1,0,False,False,2 3,2 3 5 A,5,5 K A Q,21,26,hit > hit,1.0,win_dealer_bust,1.0
2623,27,Basic,2624,1,1,True,False,6 10,6 10,6,6 J 9,16,25,stand,1.0,win_dealer_bust,1.0
2623,27,Basic,2624,2,1,True,False,6 J,6 J,6,6 J 9,16,25,stand,1.0,win_dealer_bust,1.0
2624,27,Basic,2625,1,0,False,False,7 4,7 4 5,6,6 10 K,16,26,double,2.0,win_dealer_bust,2.0
2625,27,Basic,2626,1,0,False,False,J 6,J 6,6,6 8 7,16,21,stand,1.0,loss,-1.0
2626,27,Basic,2627,1,0,False,False,A 10,A 10,Q,Q 8,21,18,blackjack_check,1.0,player_blackjack,1.5
2627,27,Basic,2628,1,0,False,False,A 4,A 4 Q Q,9,9 4,25,13,hit > hit,1.0,loss_bust,-1.0
2628,27,Basic,2629,1,1,True,False,2 10,2 10 5,3,3 5 8 3,17,19,hit > stand,1.0,loss,-1.0
2628,27,Basic,2629,2,1,True,False,2 3,2 3 J,3,3 5 8 3,15,19,hit > stand,1.0,loss,-1.0
2629,27,Basic,2630,1,0,False,False,A Q,A Q,3,3 5,21,8,blackjack_check,1.0,player_blackjack,1.5
2630,27,Basic,2631,1,0,False,False,7 9,7 9 2,8,8 4 5,18,17,hit > stand,1.0,win,1.0
2631,27,Basic,2632,1,0,False,False,10 3,10 3,4,4 8 9,13,21,stand,1.0,loss,-1.0
2632,27,Basic,2633,1,0,False,False,2 3,2 3 K Q,8,8 J,25,18,hit > hit,1.0,loss_bust,-1.0
2633,27,Basic,2634,1,0,False,False,3 9,3 9 Q,2,2 Q,22,12,hit,1.0,loss_bust,-1.0
2634,27,Basic,2635,1,0,False,False,4 2,4 2 10 9,7,7 A,25,18,hit > hit,1.0,loss_bust,-1.0
2635,27,Basic,2636,1,0,False,False,8 6,8 6 Q,9,9 Q,24,19,hit,1.0,loss_bust,-1.0
2636,27,Basic,2637,1,0,False,False,8 7,8 7,6,6 J J,15,26,stand,1.0,win_dealer_bust,1.0
2637,27,Basic,2638,1,0,False,False,Q 8,Q 8,J,J 10,18,20,stand,1.0,loss,-1.0
2638,27,Basic,2639,1,0,False,False,J 5,J 5,2,2 J 2 Q,15,24,stand,1.0,win_dealer_bust,1.0
2639,27,Basic,2640,1,0,False,False,7 10,7 10,A,A 3 2 8 6,17,20,stand,1.0,loss,-1.0
2640,27,Basic,2641,1,0,False,False,2 5,2 5 2 10,J,J 8,19,18,hit > hit > stand,1.0,win,1.0
2641,27,Basic,2642,1,0,False,False,Q Q,Q Q,6,6 A,20,17,stand,1.0,win,1.0
2642,27,Basic,2643,1,1,True,True,A 2,A 2,9,9 6 3,13,18,stand_after_split_aces,1.0,loss,-1.0
2642,27,Basic,2643,2,1,True,True,A 3,A 3,9,9 6 3,14,18,stand_after_split_aces,1.0,loss,-1.0
2643,27,Basic,2644,1,0,False,False,6 8,6 8 7,7,7 J,21,17,hit,1.0,win,1.0
2644,27,Basic,2645,1,0,False,False,A 3,A 3 7,10,10 10,21,20,hit,1.0,win,1.0
2645,27,Basic,2646,1,0,False,False,8 K,8 K,5,5 10 9,18,24,stand,1.0,win_dealer_bust,1.0
2646,27,Basic,2647,1,0,False,False,10 Q,10 Q,J,J 3 J,20,23,stand,1.0,win_dealer_bust,1.0
2647,27,Basic,2648,1,1,True,False,8 4,8 4 9,Q,Q 4 9,21,23,hit,1.0,win_dealer_bust,1.0
2647,27,Basic,2648,2,1,True,False,8 6,8 6 6,Q,Q 4 9,20,23,hit > stand,1.0,win_dealer_bust,1.0
2648,27,Basic,2649,1,0,False,False,2 10,2 10 10,Q,Q 7,22,17,hit,1.0,loss_bust,-1.0
2649,27,Basic,2650,1,0,False,False,3 3,3 3 Q 2,K,K 9,18,19,hit > hit > stand,1.0,loss,-1.0
2650,27,Basic,2651,1,0,False,False,5 4,5 4 7,2,2 4 3 4 3 K,16,26,hit > stand,1.0,win_dealer_bust,1.0
2651,27,Basic,2652,1,0,False,False,9 A,9 A,J,J 3 4,20,17,stand,1.0,win,1.0
2652,27,Basic,2653,1,0,False,False,5 J,5 J,2,2 8 A,15,21,stand,1.0,loss,-1.0
2653,27,Basic,2654,1,0,False,False,2 5,2 5 9,6,6 8 K,16,24,hit > stand,1.0,win_dealer_bust,1.0
2654,27,Basic,2655,1,0,False,False,A 5,A 5 9,6,6 8 10,15,24,double,2.0,win_dealer_bust,2.0
2655,27,Basic,2656,1,0,False,False,Q 9,Q 9,6,6 4 6 Q,19,26,stand,1.0,win_dealer_bust,1.0
2656,27,Basic,2657,1,0,False,False,5 K,5 K 7,9,9 K,22,19,hit,1.0,loss_bust,-1.0
2657,27,Basic,2658,1,0,False,False,7 10,7 10,10,10 6 2,17,18,stand,1.0,loss,-1.0
2658,27,Basic,2659,1,0,False,False,6 10,6 10,5,5 A 7 3 8,16,24,stand,1.0,win_dealer_bust,1.0
2659,27,Basic,2660,1,0,False,False,Q 3,Q 3 6,9,9 7 4,19,20,hit > stand,1.0,loss,-1.0
2660,27,Basic,2661,1,0,False,False,A 10,A 10,6,6 A,21,17,blackjack_check,1.0,player_blackjack,1.5
2661,27,Basic,2662,1,0,False,False,J 7,J 7,8,8 J,17,18,stand,1.0,loss,-1.0
2662,27,Basic,2663,1,0,False,False,2 J,2 J,5,5 2 9 A,12,17,stand,1.0,loss,-1.0
2663,27,Basic,2664,1,0,False,False,A 8,A 8,9,9 J,19,19,stand,1.0,push,0.0
2664,27,Basic,2665,1,0,False,False,3 7,3 7 J,4,4 K 5,20,19,double,2.0,win,2.0
2665,27,Basic,2666,1,0,False,False,5 J,5 J,5,5 4 6 J,15,25,stand,1.0,win_dealer_bust,1.0
2666,27,Basic,2667,1,0,False,False,7 K,7 K,9,9 Q,17,19,stand,1.0,loss,-1.0
2667,27,Basic,2668,1,0,False,False,3 Q,3 Q,3,3 J 5,13,18,stand,1.0,loss,-1.0
2668,27,Basic,2669,1,0,False,False,K 4,K 4 7,9,9 Q,21,19,hit,1.0,win,1.0
2669,27,Basic,2670,1,0,False,False,3 Q,3 Q,2,2 3 6 9,13,20,stand,1.0,loss,-1.0
2670,27,Basic,2671,1,0,False,False,J 7,J 7,K,K 8,17,18,stand,1.0,loss,-1.0
2671,27,Basic,2672,1,0,False,False,5 8,5 8,5,5 7 4 Q,13,26,stand,1.0,win_dealer_bust,1.0
2672,27,Basic,2673,1,0,False,False,6 2,6 2 A,J,J 4 4,19,18,hit > stand,1.0,win,1.0
2673,27,Basic,2674,1,0,False,False,5 2,5 2 Q,Q,Q 6 8,17,24,hit > stand,1.0,win_dealer_bust,1.0
2674,27,Basic,2675,1,0,False,False,3 Q,3 Q 8,K,K 6 8,21,24,hit,1.0,win_dealer_bust,1.0
2675,27,Basic,2676,1,0,False,False,2 J,2 J 10,K,K Q,22,20,hit,1.0,loss_bust,-1.0
2676,27,Basic,2677,1,0,False,False,Q J,Q J,K,K 4 8,20,22,stand,1.0,win_dealer_bust,1.0
2677,27,Basic,2678,1,0,False,False,2 Q,2 Q 4 7,K,K 8,23,18,hit > hit,1.0,loss_bust,-1.0
2678,27,Basic,2679,1,0,False,False,J 9,J 9,A,A 7,19,18,stand,1.0,win,1.0
2679,27,Basic,2680,1,0,False,False,J 8,J 8,Q,Q 9,18,19,stand,1.0,loss,-1.0
2680,27,Basic,2681,1,0,False,False,K J,K J,10,10 K,20,20,stand,1.0,push,0.0
2681,27,Basic,2682,1,0,False,False,4 3,4 3 J,7,7 2 6 Q,17,25,hit > stand,1.0,win_dealer_bust,1.0
2682,27,Basic,2683,1,0,False,False,4 K,4 K,A,A J,14,21,blackjack_check,1.0,dealer_blackjack,-1.0
2683,27,Basic,2684,1,0,False,False,4 8,4 8 9,7,7 9 8,21,24,hit,1.0,win_dealer_bust,1.0
2684,27,Basic,2685,1,0,False,False,Q 5,Q 5 8,Q,Q 7,23,17,hit,1.0,loss_bust,-1.0
2685,27,Basic,2686,1,0,False,False,4 6,4 6 8,K,K 3 2 2,18,17,hit > stand,1.0,win,1.0
2686,27,Basic,2687,1,0,False,False,7 6,7 6,2,2 6 3 J,13,21,stand,1.0,loss,-1.0
2687,27,Basic,2688,1,0,False,False,5 2,5 2 4 8,K,K 8,19,18,hit > hit > stand,1.0,win,1.0
2688,27,Basic,2689,1,0,False,False,7 2,7 2,K,K A,9,21,blackjack_check,1.0,dealer_blackjack,-1.0
2689,27,Basic,2690,1,0,False,False,3 Q,3 Q A K,10,10 K,24,20,hit > hit,1.0,loss_bust,-1.0
2690,27,Basic,2691,1,0,False,False,10 8,10 8,5,5 A Q 5,18,21,stand,1.0,loss,-1.0
2691,27,Basic,2692,1,0,False,False,J 6,J 6,5,5 9 10,16,24,stand,1.0,win_dealer_bust,1.0
2692,27,Basic,2693,1,0,False,False,Q 2,Q 2,4,4 6 A,12,21,stand,1.0,loss,-1.0
2693,27,Basic,2694,1,0,False,False,7 J,7 J,5,5 3 K,17,18,stand,1.0,loss,-1.0
2694,27,Basic,2695,1,0,False,False,5 6,5 6 5,Q,Q 10,16,20,double,2.0,loss,-2.0
2695,27,Basic,2696,1,0,False,False,3 Q,3 Q,4,4 4 10,13,18,stand,1.0,loss,-1.0
2696,27,Basic,2697,1,0,False,False,8 J,8 J,4,4 Q 10,18,24,stand,1.0,win_dealer_bust,1.0
2697,27,Basic,2698,1,0,False,False,9 Q,9 Q,9,9 J,19,19,stand,1.0,push,0.0
2698,27,Basic,2699,1,0,False,False,10 Q,10 Q,7,7 5 5,20,17,stand,1.0,win,1.0
2699,27,Basic,2700,1,0,False,False,4 8,4 8,K,K A,12,21,blackjack_check,1.0,dealer_blackjack,-1.0
2700,27,Basic,2701,1,0,False,False,Q 6,Q 6 3,Q,Q K,19,20,hit > stand,1.0,loss,-1.0
2701,28,Simplified,2702,1,0,False,False,K 8,K 8,3,3 10 K,18,23,stand,1.0,win_dealer_bust,1.0
2702,28,Simplified,2703,1,0,False,False,8 J,8 J,10,10 K,18,20,stand,1.0,loss,-1.0
2703,28,Simplified,2704,1,0,False,False,10 2,10 2,8,8 4 7,12,19,stand,1.0,loss,-1.0
2704,28,Simplified,2705,1,0,False,False,5 10,5 10,6,6 9 10,15,25,stand,1.0,win_dealer_bust,1.0
2705,28,Simplified,2706,1,0,False,False,10 A,10 A,2,2 2,21,4,blackjack_check,1.0,player_blackjack,1.5
2706,28,Simplified,2707,1,0,False,False,10 4,10 4,Q,Q 2 Q,14,22,stand,1.0,win_dealer_bust,1.0
2707,28,Simplified,2708,1,0,False,False,K J,K J,3,3 7 5 K,20,25,stand,1.0,win_dealer_bust,1.0
2708,28,Simplified,2709,1,0,False,False,9 5,9 5,8,8 9,14,17,stand,1.0,loss,-1.0
2709,28,Simplified,2710,1,0,False,False,9 8,9 8,4,4 9 K,17,23,stand,1.0,win_dealer_bust,1.0
2710,28,Simplified,2711,1,0,False,False,A J,A J,7,7 3,21,10,blackjack_check,1.0,player_blackjack,1.5
2711,28,Simplified,2712,1,0,False,False,A 3,A 3 7,K,K 2 K,21,22,hit,1.0,win_dealer_bust,1.0
2712,28,Simplified,2713,1,0,False,False,2 3,2 3 K,5,5 8 K,15,23,hit > stand,1.0,win_dealer_bust,1.0
2713,28,Simplified,2714,1,0,False,False,K A,K A,J,J 7,21,17,blackjack_check,1.0,player_blackjack,1.5
2714,28,Simplified,2715,1,0,False,False,10 Q,10 Q,A,A J,20,21,blackjack_check,1.0,dealer_blackjack,-1.0
2715,28,Simplified,2716,1,0,False,False,10 2,10 2,10,10 4 A 9,12,24,stand,1.0,win_dealer_bust,1.0
2716,28,Simplified,2717,1,0,False,False,10 A,10 A,7,7 4,21,11,blackjack_check,1.0,player_blackjack,1.5
2717,28,Simplified,2718,1,0,False,False,3 5,3 5 7,8,8 9,15,17,hit > stand,1.0,loss,-1.0
2718,28,Simplified,2719,1,0,False,False,2 10,2 10,9,9 J,12,19,stand,1.0,loss,-1.0
2719,28,Simplified,2720,1,0,False,False,7 K,7 K,6,6 A,17,17,stand,1.0,push,0.0
2720,28,Simplified,2721,1,0,False,False,10 9,10 9,8,8 J,19,18,stand,1.0,win,1.0
2721,28,Simplified,2722,1,0,False,False,Q 3,Q 3,J,J 10,13,20,stand,1.0,loss,-1.0
2722,28,Simplified,2723,1,0,False,False,6 3,6 3 8,4,4 2 3 Q,17,19,hit > stand,1.0,loss,-1.0
2723,28,Simplified,2724,1,0,False,False,4 7,4 7 7,10,10 Q,18,20,hit > stand,1.0,loss,-1.0
2724,28,Simplified,2725,1,0,False,False,5 4,5 4 J,8,8 2 5 4,19,19,hit > stand,1.0,push,0.0
2725,28,Simplified,2726,1,0,False,False,8 Q,8 Q,3,3 7 6 A,18,17,stand,1.0,win,1.0
2726,28,Simplified,2727,1,0,False,False,10 4,10 4,7,7 4 A 8,14,20,stand,1.0,loss,-1.0
2727,28,Simplified,2728,1,0,False,False,4 3,4 3 2 3,5,5 Q A 7,12,23,hit > hit > stand,1.0,win_dealer_bust,1.0
2728,28,Simplified,2729,1,0,False,False,9 A,9 A,5,5 5 6 A,20,17,stand,1.0,win,1.0
2729,28,Simplified,2730,1,0,False,False,6 K,6 K,K,K A,16,21,blackjack_check,1.0,dealer_blackjack,-1.0
2730,28,Simplified,2731,1,0,False,False,3 A,3 A A 8,3,3 7 2 J,13,22,hit > hit > stand,1.0,win_dealer_bust,1.0
2731,28,Simplified,2732,1,0,False,False,K K,K K,J,J 10,20,20,stand,1.0,push,0.0
2732,28,Simplified,2733,1,0,False,False,9 3,9 3,3,3 10 7,12,20,stand,1.0,loss,-1.0
2733,28,Simplified,2734,1,0,False,False,Q 6,Q 6,J,J A,16,21,blackjack_check,1.0,dealer_blackjack,-1.0
2734,28,Simplified,2735,1,0,False,False,5 10,5 10,6,6 2 3 10,15,21,stand,1.0,loss,-1.0
2735,28,Simplified,2736,1,0,False,False,A 7,A 7,A,A 2 3 4,18,20,stand,1.0,loss,-1.0
2736,28,Simplified,2737,1,0,False,False,3 K,3 K,4,4 J 4,13,18,stand,1.0,loss,-1.0
2737,28,Simplified,2738,1,0,False,False,4 K,4 K,2,2 10 2 8,14,22,stand,1.0,win_dealer_bust,1.0
2738,28,Simplified,2739,1,0,False,False,6 5,6 5,A,A J,11,21,blackjack_check,1.0,dealer_blackjack,-1.0
2739,28,Simplified,2740,1,0,False,False,A 4,A 4 3,4,4 J 6,18,20,hit > stand,1.0,loss,-1.0
2740,28,Simplified,2741,1,0,False,False,4 K,4 K,7,7 A,14,18,stand,1.0,loss,-1.0
2741,28,Simplified,2742,1,0,False,False,10 4,10 4,Q,Q 9,14,19,stand,1.0,loss,-1.0
2742,28,Simplified,2743,1,0,False,False,4 J,4 J,A,A 9,14,20,stand,1.0,loss,-1.0
2743,28,Simplified,2744,1,0,False,False,6 Q,6 Q,Q,Q 2 5,16,17,stand,1.0,loss,-1.0
2744,28,Simplified,2745,1,0,False,False,3 J,3 J,5,5 7 8,13,20,stand,1.0,loss,-1.0
2745,28,Simplified,2746,1,0,False,False,K K,K K,J,J 4 8,20,22,stand,1.0,win_dealer_bust,1.0
2746,28,Simplified,2747,1,0,False,False,6 5,6 5 2,Q,Q K,13,20,hit > stand,1.0,loss,-1.0
2747,28,Simplified,2748,1,0,False,False,A Q,A Q,2,2 9,21,11,blackjack_check,1.0,player_blackjack,1.5
2748,28,Simplified,2749,1,0,False,False,K A,K A,3,3 2,21,5,blackjack_check,1.0,player_blackjack,1.5
2749,28,Simplified,2750,1,0,False,False,7 5,7 5,Q,Q 3 5,12,18,stand,1.0,loss,-1.0
2750,28,Simplified,2751,1,0,False,False,2 5,2 5 Q,K,K 7,17,17,hit > stand,1.0,push,0.0
2751,28,Simplified,2752,1,0,False,False,10 8,10 8,Q,Q 3 A K,18,24,stand,1.0,win_dealer_bust,1.0
2752,28,Simplified,2753,1,0,False,False,J 6,J 6,K,K K,16,20,stand,1.0,loss,-1.0
2753,28,Simplified,2754,1,0,False,False,9 J,9 J,5,5 5 6 4,19,20,stand,1.0,loss,-1.0
2754,28,Simplified,2755,1,0,False,False,7 3,7 3 Q,A,A 2 K 7,20,20,hit > stand,1.0,push,0.0
2755,28,Simplified,2756,1,0,False,False,Q 9,Q 9,Q,Q 7,19,17,stand,1.0,win,1.0
2756,28,Simplified,2757,1,0,False,False,6 5,6 5 A,K,K K,12,20,hit > stand,1.0,loss,-1.0
2757,28,Simplified,2758,1,0,False,False,10 9,10 9,9,9 8,19,17,stand,1.0,win,1.0
2758,28,Simplified,2759,1,0,False,False,4 10,4 10,6,6 7 J,14,23,stand,1.0,win_dealer_bust,1.0
2759,28,Simplified,2760,1,0,False,False,J 2,J 2,J,J Q,12,20,stand,1.0,loss,-1.0
2760,28,Simplified,2761,1,0,False,False,3 4,3 4 K,6,6 2 3 10,17,21,hit > stand,1.0,loss,-1.0
2761,28,Simplified,2762,1,0,False,False,8 7,8 7,8,8 A,15,19,stand,1.0,loss,-1.0
2762,28,Simplified,2763,1,0,False,False,5 10,5 10,5,5 Q 3,15,18,stand,1.0,loss,-1.0
2763,28,Simplified,2764,1,0,False,False,10 3,10 3,10,10 K,13,20,stand,1.0,loss,-1.0
2764,28,Simplified,2765,1,0,False,False,8 3,8 3 5,J,J K,16,20,hit > stand,1.0,loss,-1.0
2765,28,Simplified,2766,1,0,False,False,A K,A K,2,2 9,21,11,blackjack_check,1.0,player_blackjack,1.5
2766,28,Simplified,2767,1,0,False,False,10 6,10 6,2,2 J 7,16,19,stand,1.0,loss,-1.0
2767,28,Simplified,2768,1,0,False,False,2 4,2 4 A 8,2,2 5 6 7,15,20,hit > hit > stand,1.0,loss,-1.0
2768,28,Simplified,2769,1,0,False,False,5 Q,5 Q,8,8 2 4 9,15,23,stand,1.0,win_dealer_bust,1.0
2769,28,Simplified,2770,1,0,False,False,2 J,2 J,6,6 7 7,12,20,stand,1.0,loss,-1.0
2770,28,Simplified,2771,1,0,False,False,2 Q,2 Q,2,2 K J,12,22,stand,1.0,win_dealer_bust,1.0
2771,28,Simplified,2772,1,0,False,False,3 7,3 7 A,8,8 Q,21,18,hit,1.0,win,1.0
2772,28,Simplified,2773,1,0,False,False,3 4,3 4 K,2,2 Q 2 7,17,21,hit > stand,1.0,loss,-1.0
2773,28,Simplified,2774,1,0,False,False,10 7,10 7,J,J 5 5,17,20,stand,1.0,loss,-1.0
2774,28,Simplified,2775,1,0,False,False,Q A,Q A,6,6 3,21,9,blackjack_check,1.0,player_blackjack,1.5
2775,28,Simplified,2776,1,0,False,False,5 3,5 3 4,6,6 2 7 J,12,25,hit > stand,1.0,win_dealer_bust,1.0
2776,28,Simplified,2777,1,0,False,False,2 2,2 2 A A 7,6,6 J 6,13,22,hit > hit > hit > stand,1.0,win_dealer_bust,1.0
2777,28,Simplified,2778,1,0,False,False,Q 3,Q 3,K,K J,13,20,stand,1.0,loss,-1.0
2778,28,Simplified,2779,1,0,False,False,K 7,K 7,2,2 10 J,17,22,stand,1.0,win_dealer_bust,1.0
2779,28,Simplified,2780,1,0,False,False,3 8,3 8 6,9,9 4 7,17,20,hit > stand,1.0,loss,-1.0
2780,28,Simplified,2781,1,0,False,False,2 9,2 9 J,6,6 A,21,17,hit,1.0,win,1.0
2781,28,Simplified,2782,1,0,False,False,10 9,10 9,A,A J,19,21,blackjack_check,1.0,dealer_blackjack,-1.0
2782,28,Simplified,2783,1,0,False,False,J 10,J 10,7,7 Q,20,17,stand,1.0,win,1.0
2783,28,Simplified,2784,1,0,False,False,J 7,J 7,6,6 2 9,17,17,stand,1.0,push,0.0
2784,28,Simplified,2785,1,0,False,False,3 3,3 3 5 2,4,4 10 5,13,19,hit > hit > stand,1.0,loss,-1.0
2785,28,Simplified,2786,1,0,False,False,5 2,5 2 8,5,5 Q A 4,15,20,hit > stand,1.0,loss,-1.0
2786,28,Simplified,2787,1,0,False,False,3 J,3 J,7,7 3 4 3,13,17,stand,1.0,loss,-1.0
2787,28,Simplified,2788,1,0,False,False,J 4,J 4,4,4 9 Q,14,23,stand,1.0,win_dealer_bust,1.0
2788,28,Simplified,2789,1,0,False,False,K 6,K 6,8,8 3 A 10,16,22,stand,1.0,win_dealer_bust,1.0
2789,28,Simplified,2790,1,0,False,False,K K,K K,3,3 2 Q 10,20,25,stand,1.0,win_dealer_bust,1.0
2790,28,Simplified,2791,1,0,False,False,7 A,7 A,K,K K,18,20,stand,1.0,loss,-1.0
2791,28,Simplified,2792,1,0,False,False,2 K,2 K,10,10 6 5,12,21,stand,1.0,loss,-1.0
2792,28,Simplified,2793,1,0,False,False,6 2,6 2 Q,K,K J,18,20,hit > stand,1.0,loss,-1.0
2793,28,Simplified,2794,1,0,False,False,K Q,K Q,8,8 K,20,18,stand,1.0,win,1.0
2794,28,Simplified,2795,1,0,False,False,8 J,8 J,Q,Q A,18,21,blackjack_check,1.0,dealer_blackjack,-1.0
2795,28,Simplified,2796,1,0,False,False,6 7,6 7,5,5 7 6,13,18,stand,1.0,loss,-1.0
2796,28,Simplified,2797,1,0,False,False,A 6,A 6 Q,9,9 J,17,19,hit > stand,1.0,loss,-1.0
2797,28,Simplified,2798,1,0,False,False,7 5,7 5,2,2 2 J 3,12,17,stand,1.0,loss,-1.0
2798,28,Simplified,2799,1,0,False,False,K 4,K 4,Q,Q 2 10,14,22,stand,1.0,win_dealer_bust,1.0
2799,28,Simplified,2800,1,0,False,False,Q 5,Q 5,Q,Q 9,15,19,stand,1.0,loss,-1.0
2800,28,Simplified,2801,1,0,False,False,5 7,5 7,5,5 10 5,12,20,stand,1.0,loss,-1.0
2801,29,Basic,2802,1,0,False,False,10 5,10 5 J,Q,Q Q,25,20,hit,1.0,loss_bust,-1.0
2802,29,Basic,2803,1,0,False,False,3 K,3 K,4,4 4 K,13,18,stand,1.0,loss,-1.0
2803,29,Basic,2804,1,0,False,False,7 Q,7 Q,10,10 5 A 8,17,24,stand,1.0,win_dealer_bust,1.0
2804,29,Basic,2805,1,0,False,False,Q J,Q J,Q,Q 6 5,20,21,stand,1.0,loss,-1.0
2805,29,Basic,2806,1,0,False,False,3 10,3 10 2 3,J,J 9,18,19,hit > hit > stand,1.0,loss,-1.0
2806,29,Basic,2807,1,0,False,False,6 4,6 4 5 K,A,A 3,25,14,hit > hit,1.0,loss_bust,-1.0
2807,29,Basic,2808,1,0,False,False,10 6,10 6,3,3 7 9,16,19,stand,1.0,loss,-1.0
2808,29,Basic,2809,1,0,False,False,9 3,9 3 J,9,9 7,22,16,hit,1.0,loss_bust,-1.0
2809,29,Basic,2810,1,0,False,False,10 J,10 J,10,10 Q,20,20,stand,1.0,push,0.0
2810,29,Basic,2811,1,1,True,False,6 8,6 8,5,5 8 7,14,20,stand,1.0,loss,-1.0
2810,29,Basic,2811,2,1,True,False,6 A,6 A Q,5,5 8 7,17,20,double,2.0,loss,-2.0
2811,29,Basic,2812,1,0,False,False,4 5,4 5 8,4,4 A 9 8,17,22,double,2.0,win_dealer_bust,2.0
2812,29,Basic,2813,1,0,False,False,4 9,4 9 6,10,10 10,19,20,hit > stand,1.0,loss,-1.0
2813,29,Basic,2814,1,0,False,False,7 9,7 9 8,8,8 Q,24,18,hit,1.0,loss_bust,-1.0
2814,29,Basic,2815,1,1,True,True,A Q,A Q,J,J J,21,20,stand_after_split_aces,1.0,win,1.0
2814,29,Basic,2815,2,1,True,True,A 6,A 6,J,J J,17,20,stand_after_split_aces,1.0,loss,-1.0
2815,29,Basic,2816,1,0,False,False,10 9,10 9,6,6 5 2 A J,19,24,stand,1.0,win_dealer_bust,1.0
2816,29,Basic,2817,1,0,False,False,4 3,4 3 Q,4,4 8 J,17,22,hit > stand,1.0,win_dealer_bust,1.0
2817,29,Basic,2818,1,0,False,False,10 6,10 6 10,J,J 8,26,18,hit,1.0,loss_bust,-1.0
2818,29,Basic,2819,1,0,False,False,6 A,6 A,Q,Q A,17,21,blackjack_check,1.0,dealer_blackjack,-1.0
2819,29,Basic,2820,1,0,False,False,5 A,5 A Q K,10,10 3,26,13,hit > hit,1.0,loss_bust,-1.0
2820,29,Basic,2821,1,0,False,False,6 Q,6 Q,6,6 3 7 A,16,17,stand,1.0,loss,-1.0
2821,29,Basic,2822,1,0,False,False,2 3,2 3 2 A Q,J,J 6 8,18,24,hit > hit > hit > stand,1.0,win_dealer_bust,1.0
2822,29,Basic,2823,1,0,False,False,9 7,9 7,3,3 6 7 A,16,17,stand,1.0,loss,-1.0
2823,29,Basic,2824,1,0,False,False,Q 5,Q 5,6,6 9 7,15,22,stand,1.0,win_dealer_bust,1.0
2824,29,Basic,2825,1,0,False,False,2 J,2 J,4,4 10 8,12,22,stand,1.0,win_dealer_bust,1.0
2825,29,Basic,2826,1,0,False,False,9 6,9 6 7,7,7 9,22,16,hit,1.0,loss_bust,-1.0
2826,29,Basic,2827,1,0,False,False,9 Q,9 Q,8,8 K,19,18,stand,1.0,win,1.0
2827,29,Basic,2828,1,0,False,False,6 7,6 7 6,7,7 5 10,19,22,hit > stand,1.0,win_dealer_bust,1.0
2828,29,Basic,2829,1,0,False,False,2 A,2 A K 6,10,10 7,19,17,hit > hit > stand,1.0,win,1.0
2829,29,Basic,2830,1,1,True,False,3 A,3 A 10,2,2 4 10 J,14,26,hit > stand,1.0,win_dealer_bust,1.0
2829,29,Basic,2830,2,1,True,False,3 5,3 5 7,2,2 4 10 J,15,26,hit > stand,1.0,win_dealer_bust,1.0
2830,29,Basic,2831,1,0,False,False,Q 8,Q 8,4,4 6 3 9,18,22,stand,1.0,win_dealer_bust,1.0
2831,29,Basic,2832,1,0,False,False,6 4,6 4 K,4,4 5 7 4,20,20,double,2.0,push,0.0
2832,29,Basic,2833,1,0,False,False,2 10,2 10 5,A,A 6,17,17,hit > stand,1.0,push,0.0
2833,29,Basic,2834,1,0,False,False,K A,K A,3,3 6,21,9,blackjack_check,1.0,player_blackjack,1.5
2834,29,Basic,2835,1,0,False,False,2 6,2 6 Q,J,J 9,18,19,hit > stand,1.0,loss,-1.0
2835,29,Basic,2836,1,0,False,False,Q A,Q A,K,K Q,21,20,blackjack_check,1.0,player_blackjack,1.5
2836,29,Basic,2837,1,0,False,False,K 5,K 5 Q,Q,Q 2,25,12,hit,1.0,loss_bust,-1.0
2837,29,Basic,2838,1,0,False,False,5 3,5 3 9,5,5 6 K,17,21,hit > stand,1.0,loss,-1.0
2838,29,Basic,2839,1,0,False,False,9 J,9 J,10,10 9,19,19,stand,1.0,push,0.0
2839,29,Basic,2840,1,0,False,False,Q 6,Q 6,3,3 6 7 9,16,25,stand,1.0,win_dealer_bust,1.0
2840,29,Basic,2841,1,0,False,False,K 7,K 7,6,6 4 J,17,20,stand,1.0,loss,-1.0
2841,29,Basic,2842,1,0,False,False,2 3,2 3 J,2,2 7 J,15,19,hit > stand,1.0,loss,-1.0
2842,29,Basic,2843,1,0,False,False,J 5,J 5,2,2 10 Q,15,22,stand,1.0,win_dealer_bust,1.0
2843,29,Basic,2844,1,0,False,False,J 10,J 10,7,7 9 2,20,18,stand,1.0,win,1.0
2844,29,Basic,2845,1,0,False,False,2 J,2 J,5,5 9 7,12,21,stand,1.0,loss,-1.0
2845,29,Basic,2846,1,0,False,False,A 5,A 5 2,4,4 K 7,18,21,double,2.0,loss,-2.0
2846,29,Basic,2847,1,0,False,False,2 3,2 3 Q A K,9,9 K,26,19,hit > hit > hit,1.0,loss_bust,-1.0
2847,29,Basic,2848,1,0,False,False,10 10,10 10,K,K 8,20,18,stand,1.0,win,1.0
2848,29,Basic,2849,1,0,False,False,3 9,3 9 J,3,3 K,22,13,hit,1.0,loss_bust,-1.0
2849,29,Basic,2850,1,0,False,False,6 2,6 2 Q,J,J Q,18,20,hit > stand,1.0,loss,-1.0
2850,29,Basic,2851,1,0,False,False,4 3,4 3,10,10 A,7,21,blackjack_check,1.0,dealer_blackjack,-1.0
2851,29,Basic,2852,1,0,False,False,2 8,2 8 9,Q,Q 6 5,19,21,hit > stand,1.0,loss,-1.0
2852,29,Basic,2853,1,0,False,False,3 6,3 6 A,4,4 3 4 K,20,21,double,2.0,loss,-2.0
2853,29,Basic,2854,1,0,False,False,J 5,J 5,A,A J,15,21,blackjack_check,1.0,dealer_blackjack,-1.0
2854,29,Basic,2855,1,0,False,False,7 3,7 3 2,9,9 K,12,19,double,2.0,loss,-2.0
2855,29,Basic,2856,1,0,False,False,2 10,2 10 A 8,9,9 10,21,19,hit > hit,1.0,win,1.0
2856,29,Basic,2857,1,0,False,False,3 8,3 8 Q,Q,Q 6 2,21,18,double,2.0,win,2.0
2857,29,Basic,2858,1,0,False,False,4 5,4 5 5,5,5 2 7 10,14,24,double,2.0,win_dealer_bust,2.0
2858,29,Basic,2859,1,0,False,False,Q 3,Q 3,3,3 K 10,13,23,stand,1.0,win_dealer_bust,1.0
2859,29,Basic,2860,1,0,False,False,3 3,3 3 A 5 5,J,J 8,17,18,hit > hit > hit > stand,1.0,loss,-1.0
2860,29,Basic,2861,1,0,False,False,4 7,4 7 K,9,9 6 4,21,19,double,2.0,win,2.0
2861,29,Basic,2862,1,0,False,False,K J,K J,2,2 7 7 2,20,18,stand,1.0,win,1.0
2862,29,Basic,2863,1,0,False,False,6 8,6 8,3,3 9 2 J,14,24,stand,1.0,win_dealer_bust,1.0
2863,29,Basic,2864,1,0,False,False,5 7,5 7 6,8,8 Q,18,18,hit > stand,1.0,push,0.0
2864,29,Basic,2865,1,0,False,False,8 9,8 9,2,2 3 10 Q,17,25,stand,1.0,win_dealer_bust,1.0
2865,29,Basic,2866,1,0,False,False,3 7,3 7 Q,A,A 9,20,20,hit > stand,1.0,push,0.0
2866,29,Basic,2867,1,0,False,False,9 4,9 4 6,K,K K,19,20,hit > stand,1.0,loss,-1.0
2867,29,Basic,2868,1,0,False,False,A 4,A 4 6,5,5 K K,21,25,double,2.0,win_dealer_bust,2.0
2868,29,Basic,2869,1,1,True,False,6 K,6 K,3,3 K Q,16,23,stand,1.0,win_dealer_bust,1.0
2868,29,Basic,2869,2,1,True,False,6 9,6 9,3,3 K Q,15,23,stand,1.0,win_dealer_bust,1.0
2869,29,Basic,2870,1,0,False,False,4 5,4 5 9,6,6 5 K,18,21,double,2.0,loss,-2.0
2870,29,Basic,2871,1,0,False,False,K A,K A,5,5 10,21,15,blackjack_check,1.0,player_blackjack,1.5
2871,29,Basic,2872,1,0,False,False,7 2,7 2 7 Q,J,J 3,26,13,hit > hit,1.0,loss_bust,-1.0
2872,29,Basic,2873,1,0,False,False,Q 8,Q 8,7,7 A,18,18,stand,1.0,push,0.0
2873,29,Basic,2874,1,0,False,False,Q A,Q A,Q,Q K,21,20,blackjack_check,1.0,player_blackjack,1.5
2874,29,Basic,2875,1,0,False,False,5 8,5 8,10,10 A,13,21,blackjack_check,1.0,dealer_blackjack,-1.0
2875,29,Basic,2876,1,0,False,False,9 K,9 K,9,9 4 10,19,23,stand,1.0,win_dealer_bust,1.0
2876,29,Basic,2877,1,0,False,False,J A,J A,8,8 K,21,18,blackjack_check,1.0,player_blackjack,1.5
2877,29,Basic,2878,1,0,False,False,Q A,Q A,9,9 8,21,17,blackjack_check,1.0,player_blackjack,1.5
2878,29,Basic,2879,1,0,False,False,4 9,4 9,3,3 8 2 A 9,13,23,stand,1.0,win_dealer_bust,1.0
2879,29,Basic,2880,1,0,False,False,6 6,6 6 J,10,10 2,22,12,hit,1.0,loss_bust,-1.0
2880,29,Basic,2881,1,0,False,False,J 3,J 3,4,4 K 9,13,23,stand,1.0,win_dealer_bust,1.0
2881,29,Basic,2882,1,0,False,False,Q 7,Q 7,9,9 Q,17,19,stand,1.0,loss,-1.0
2882,29,Basic,2883,1,0,False,False,J 2,J 2 8,3,3 8 A 5,20,17,hit > stand,1.0,win,1.0
2883,29,Basic,2884,1,0,False,False,3 2,3 2 A 8,5,5 K 7,14,22,hit > hit > stand,1.0,win_dealer_bust,1.0
2884,29,Basic,2885,1,1,True,False,8 J,8 J,7,7 9 7,18,23,stand,1.0,win_dealer_bust,1.0
2884,29,Basic,2885,2,1,True,False,8 5,8 5 9,7,7 9 7,22,23,hit,1.0,loss_bust,-1.0
2885,29,Basic,2886,1,0,False,False,7 4,7 4 9,10,10 4 A 3,20,18,double,2.0,win,2.0
2886,29,Basic,2887,1,0,False,False,Q 10,Q 10,J,J K,20,20,stand,1.0,push,0.0
2887,29,Basic,2888,1,0,False,False,A 2,A 2 8,J,J 5 10,21,25,hit,1.0,win_dealer_bust,1.0
2888,29,Basic,2889,1,0,False,False,10 7,10 7,Q,Q 6 5,17,21,stand,1.0,loss,-1.0
2889,29,Basic,2890,1,0,False,False,8 5,8 5,3,3 2 10 4,13,19,stand,1.0,loss,-1.0
2890,29,Basic,2891,1,0,False,False,3 J,3 J,5,5 3 8 6,13,22,stand,1.0,win_dealer_bust,1.0
2891,29,Basic,2892,1,0,False,False,9 Q,9 Q,10,10 2 7,19,19,stand,1.0,push,0.0
2892,29,Basic,2893,1,0,False,False,3 9,3 9 9,8,8 4 8,21,20,hit,1.0,win,1.0
2893,29,Basic,2894,1,0,False,False,6 10,6 10 4,10,10 7,20,17,hit > stand,1.0,win,1.0
2894,29,Basic,2895,1,0,False,False,3 8,3 8 K,10,10 3 6,21,19,double,2.0,win,2.0
2895,29,Basic,2896,1,0,False,False,Q A,Q A,9,9 5,21,14,blackjack_check,1.0,player_blackjack,1.5
2896,29,Basic,2897,1,0,False,False,8 5,8 5 3 2,9,9 A,18,20,hit > hit > stand,1.0,loss,-1.0
2897,29,Basic,2898,1,0,False,False,4 5,4 5 J,5,5 A 2,19,18,double,2.0,win,2.0
2898,29,Basic,2899,1,0,False,False,A 4,A 4 A 5,A,A 2 K 6,21,19,hit > hit,1.0,win,1.0
2899,29,Basic,2900,1,1,True,True,A 8,A 8,Q,Q J,19,20,stand_after_split_aces,1.0,loss,-1.0
2899,29,Basic,2900,2,1,True,True,A K,A K,Q,Q J,21,20,stand_after_split_aces,1.0,win,1.0
2900,29,Basic,2901,1,1,True,True,A J,A J,4,4 5 9,21,18,stand_after_split_aces,1.0,win,1.0
2900,29,Basic,2901,2,1,True,True,A K,A K,4,4 5 9,21,18,stand_after_split_aces,1.0,win,1.0
2901,30,Simplified,2902,1,0,False,False,9 4,9 4,2,2 3 6 3 Q,13,24,stand,1.0,win_dealer_bust,1.0
2902,30,Simplified,2903,1,0,False,False,Q 7,Q 7,8,8 4 A 3 9,17,25,stand,1.0,win_dealer_bust,1.0
2903,30,Simplified,2904,1,0,False,False,J 10,J 10,10,10 Q,20,20,stand,1.0,push,0.0
2904,30,Simplified,2905,1,0,False,False,Q 4,Q 4,6,6 5 6,14,17,stand,1.0,loss,-1.0
2905,30,Simplified,2906,1,0,False,False,A 5,A 5 7,K,K J,13,20,hit > stand,1.0,loss,-1.0
2906,30,Simplified,2907,1,0,False,False,3 5,3 5 4,2,2 2 5 7 A,12,17,hit > stand,1.0,loss,-1.0
2907,30,Simplified,2908,1,0,False,False,5 7,5 7,2,2 9 9,12,20,stand,1.0,loss,-1.0
2908,30,Simplified,2909,1,0,False,False,7 10,7 10,10,10 7,17,17,stand,1.0,push,0.0
2909,30,Simplified,2910,1,0,False,False,9 9,9 9,9,9 3 4 8,18,24,stand,1.0,win_dealer_bust,1.0
2910,30,Simplified,2911,1,0,False,False,Q 3,Q 3,5,5 4 10,13,19,stand,1.0,loss,-1.0
2911,30,Simplified,2912,1,0,False,False,5 Q,5 Q,K,K K,15,20,stand,1.0,loss,-1.0
2912,30,Simplified,2913,1,0,False,False,4 9,4 9,2,2 6 10,13,18,stand,1.0,loss,-1.0
2913,30,Simplified,2914,1,0,False,False,J J,J J,5,5 5 Q,20,20,stand,1.0,push,0.0
2914,30,Simplified,2915,1,0,False,False,3 9,3 9,4,4 Q 6,12,20,stand,1.0,loss,-1.0
2915,30,Simplified,2916,1,0,False,False,Q 3,Q 3,J,J 7,13,17,stand,1.0,loss,-1.0
2916,30,Simplified,2917,1,0,False,False,5 Q,5 Q,5,5 8 J,15,23,stand,1.0,win_dealer_bust,1.0
2917,30,Simplified,2918,1,0,False,False,Q Q,Q Q,10,10 5 A 7,20,23,stand,1.0,win_dealer_bust,1.0
2918,30,Simplified,2919,1,0,False,False,7 J,7 J,5,5 J A 9,17,25,stand,1.0,win_dealer_bust,1.0
2919,30,Simplified,2920,1,0,False,False,10 4,10 4,J,J 8,14,18,stand,1.0,loss,-1.0
2920,30,Simplified,2921,1,0,False,False,K 5,K 5,A,A 3 2 10 7,15,23,stand,1.0,win_dealer_bust,1.0
2921,30,Simplified,2922,1,0,False,False,K 9,K 9,2,2 8 2 Q,19,22,stand,1.0,win_dealer_bust,1.0
2922,30,Simplified,2923,1,0,False,False,4 A,4 A 9,6,6 8 A 7,14,22,hit > stand,1.0,win_dealer_bust,1.0
2923,30,Simplified,2924,1,0,False,False,7 5,7 5,4,4 6 10,12,20,stand,1.0,loss,-1.0
2924,30,Simplified,2925,1,0,False,False,K 7,K 7,4,4 Q 2 A,17,17,stand,1.0,push,0.0
2925,30,Simplified,2926,1,0,False,False,3 7,3 7 7,6,6 7 7,17,20,hit > stand,1.0,loss,-1.0
2926,30,Simplified,2927,1,0,False,False,4 3,4 3 10,5,5 10 Q,17,25,hit > stand,1.0,win_dealer_bust,1.0
2927,30,Simplified,2928,1,0,False,False,A K,A K,Q,Q J,21,20,blackjack_check,1.0,player_blackjack,1.5
2928,30,Simplified,2929,1,0,False,False,9 A,9 A,K,K 3 6,20,19,stand,1.0,win,1.0
2929,30,Simplified,2930,1,0,False,False,8 J,8 J,K,K 3 6,18,19,stand,1.0,loss,-1.0
2930,30,Simplified,2931,1,0,False,False,2 K,2 K,5,5 A 8 9,12,23,stand,1.0,win_dealer_bust,1.0
2931,30,Simplified,2932,1,0,False,False,K 4,K 4,10,10 4 4,14,18,stand,1.0,loss,-1.0
2932,30,Simplified,2933,1,0,False,False,Q 4,Q 4,6,6 J 9,14,25,stand,1.0,win_dealer_bust,1.0
2933,30,Simplified,2934,1,0,False,False,8 9,8 9,7,7 A,17,18,stand,1.0,loss,-1.0
2934,30,Simplified,2935,1,0,False,False,8 K,8 K,4,4 5 Q,18,19,stand,1.0,loss,-1.0
2935,30,Simplified,2936,1,0,False,False,6 9,6 9,2,2 J J,15,22,stand,1.0,win_dealer_bust,1.0
2936,30,Simplified,2937,1,0,False,False,J A,J A,A,A 8,21,19,blackjack_check,1.0,player_blackjack,1.5
2937,30,Simplified,2938,1,0,False,False,6 9,6 9,5,5 10 4,15,19,stand,1.0,loss,-1.0
2938,30,Simplified,2939,1,0,False,False,10 2,10 2,3,3 6 K,12,19,stand,1.0,loss,-1.0
2939,30,Simplified,2940,1,0,False,False,J J,J J,6,6 A,20,17,stand,1.0,win,1.0
2940,30,Simplified,2941,1,0,False,False,7 7,7 7,9,9 A,14,20,stand,1.0,loss,-1.0
2941,30,Simplified,2942,1,0,False,False,5 10,5 10,7,7 5 3 8,15,23,stand,1.0,win_dealer_bust,1.0
2942,30,Simplified,2943,1,0,False,False,J 2,J 2,A,A A 10 5,12,17,stand,1.0,loss,-1.0
2943,30,Simplified,2944,1,0,False,False,A Q,A Q,6,6 J,21,16,blackjack_check,1.0,player_blackjack,1.5
2944,30,Simplified,2945,1,0,False,False,10 J,10 J,8,8 4 7,20,19,stand,1.0,win,1.0
2945,30,Simplified,2946,1,0,False,False,9 10,9 10,A,A 7,19,18,stand,1.0,win,1.0
2946,30,Simplified,2947,1,0,False,False,9 Q,9 Q,6,6 7 7,19,20,stand,1.0,loss,-1.0
2947,30,Simplified,2948,1,0,False,False,A 5,A 5 5,Q,Q 6 2,21,18,hit,1.0,win,1.0
2948,30,Simplified,2949,1,0,False,False,7 4,7 4 10,4,4 2 6 A 6,21,19,hit,1.0,win,1.0
2949,30,Simplified,2950,1,0,False,False,4 A,4 A 3,Q,Q 9,18,19,hit > stand,1.0,loss,-1.0
2950,30,Simplified,2951,1,0,False,False,5 2,5 2 9,A,A 7,16,18,hit > stand,1.0,loss,-1.0
2951,30,Simplified,2952,1,0,False,False,A Q,A Q,6,6 A,21,17,blackjack_check,1.0,player_blackjack,1.5
2952,30,Simplified,2953,1,0,False,False,7 7,7 7,10,10 3 4,14,17,stand,1.0,loss,-1.0
2953,30,Simplified,2954,1,0,False,False,2 7,2 7 K,6,6 9 3,19,18,hit > stand,1.0,win,1.0
2954,30,Simplified,2955,1,0,False,False,K 2,K 2,10,10 6 7,12,23,stand,1.0,win_dealer_bust,1.0
2955,30,Simplified,2956,1,0,False,False,3 K,3 K,10,10 K,13,20,stand,1.0,loss,-1.0
2956,30,Simplified,2957,1,0,False,False,5 5,5 5 A,7,7 K,21,17,hit,1.0,win,1.0
2957,30,Simplified,2958,1,0,False,False,K 3,K 3,9,9 Q,13,19,stand,1.0,loss,-1.0
2958,30,Simplified,2959,1,0,False,False,7 Q,7 Q,5,5 3 6 A 8,17,23,stand,1.0,win_dealer_bust,1.0
2959,30,Simplified,2960,1,0,False,False,7 10,7 10,8,8 A,17,19,stand,1.0,loss,-1.0
2960,30,Simplified,2961,1,0,False,False,A 6,A 6 9,8,8 A,16,19,hit > stand,1.0,loss,-1.0
2961,30,Simplified,2962,1,0,False,False,K 4,K 4,K,K 2 7,14,19,stand,1.0,loss,-1.0
2962,30,Simplified,2963,1,0,False,False,K 8,K 8,7,7 Q,18,17,stand,1.0,win,1.0
2963,30,Simplified,2964,1,0,False,False,A Q,A Q,10,10 A,21,21,blackjack_check,1.0,push_blackjack,0.0
2964,30,Simplified,2965,1,0,False,False,Q A,Q A,A,A 10,21,21,blackjack_check,1.0,push_blackjack,0.0
2965,30,Simplified,2966,1,0,False,False,8 4,8 4,4,4 2 2 10,12,18,stand,1.0,loss,-1.0
2966,30,Simplified,2967,1,0,False,False,Q Q,Q Q,Q,Q 10,20,20,stand,1.0,push,0.0
2967,30,Simplified,2968,1,0,False,False,6 10,6 10,9,9 6 6,16,21,stand,1.0,loss,-1.0
2968,30,Simplified,2969,1,0,False,False,K 3,K 3,9,9 9,13,18,stand,1.0,loss,-1.0
2969,30,Simplified,2970,1,0,False,False,K 6,K 6,8,8 8 J,16,26,stand,1.0,win_dealer_bust,1.0
2970,30,Simplified,2971,1,0,False,False,J 6,J 6,9,9 9,16,18,stand,1.0,loss,-1.0
2971,30,Simplified,2972,1,0,False,False,J 6,J 6,A,A 9,16,20,stand,1.0,loss,-1.0
2972,30,Simplified,2973,1,0,False,False,K 9,K 9,5,5 A 2,19,18,stand,1.0,win,1.0
2973,30,Simplified,2974,1,0,False,False,4 10,4 10,5,5 J 2,14,17,stand,1.0,loss,-1.0
2974,30,Simplified,2975,1,0,False,False,Q 9,Q 9,5,5 8 10,19,23,stand,1.0,win_dealer_bust,1.0
2975,30,Simplified,2976,1,0,False,False,3 9,3 9,2,2 K 10,12,22,stand,1.0,win_dealer_bust,1.0
2976,30,Simplified,2977,1,0,False,False,3 2,3 2 J,7,7 8 J,15,25,hit > stand,1.0,win_dealer_bust,1.0
2977,30,Simplified,2978,1,0,False,False,K 3,K 3,2,2 5 8 A Q,13,26,stand,1.0,win_dealer_bust,1.0
2978,30,Simplified,2979,1,0,False,False,2 10,2 10,J,J J,12,20,stand,1.0,loss,-1.0
2979,30,Simplified,2980,1,0,False,False,4 5,4 5 3,9,9 J,12,19,hit > stand,1.0,loss,-1.0
2980,30,Simplified,2981,1,0,False,False,Q J,Q J,6,6 Q K,20,26,stand,1.0,win_dealer_bust,1.0
2981,30,Simplified,2982,1,0,False,False,A 8,A 8,3,3 8 A 4 8,19,24,stand,1.0,win_dealer_bust,1.0
2982,30,Simplified,2983,1,0,False,False,8 K,8 K,K,K 2 2 4,18,18,stand,1.0,push,0.0
2983,30,Simplified,2984,1,0,False,False,4 10,4 10,Q,Q 4 4,14,18,stand,1.0,loss,-1.0
2984,30,Simplified,2985,1,0,False,False,2 J,2 J,8,8 A,12,19,stand,1.0,loss,-1.0
2985,30,Simplified,2986,1,0,False,False,J J,J J,7,7 8 10,20,25,stand,1.0,win_dealer_bust,1.0
2986,30,Simplified,2987,1,0,False,False,5 K,5 K,4,4 2 5 K,15,21,stand,1.0,loss,-1.0
2987,30,Simplified,2988,1,0,False,False,Q 6,Q 6,A,A 10,16,21,blackjack_check,1.0,dealer_blackjack,-1.0
2988,30,Simplified,2989,1,0,False,False,7 10,7 10,3,3 J 5,17,18,stand,1.0,loss,-1.0
2989,30,Simplified,2990,1,0,False,False,6 7,6 7,9,9 5 3,13,17,stand,1.0,loss,-1.0
2990,30,Simplified,2991,1,0,False,False,5 A,5 A 4,10,10 J,20,20,hit > stand,1.0,push,0.0
2991,30,Simplified,2992,1,0,False,False,2 4,2 4 3 4,4,4 3 7 7,13,21,hit > hit > stand,1.0,loss,-1.0
2992,30,Simplified,2993,1,0,False,False,K 2,K 2,Q,Q 10,12,20,stand,1.0,loss,-1.0
2993,30,Simplified,2994,1,0,False,False,8 J,8 J,7,7 Q,18,17,stand,1.0,win,1.0
2994,30,Simplified,2995,1,0,False,False,Q A,Q A,J,J 6,21,16,blackjack_check,1.0,player_blackjack,1.5
2995,30,Simplified,2996,1,0,False,False,A A,A A A Q,5,5 6 K,13,21,hit > hit > stand,1.0,loss,-1.0
2996,30,Simplified,2997,1,0,False,False,9 6,9 6,10,10 9,15,19,stand,1.0,loss,-1.0
2997,30,Simplified,2998,1,0,False,False,A 8,A 8,K,K 7,19,17,stand,1.0,win,1.0
2998,30,Simplified,2999,1,0,False,False,K 8,K 8,10,10 6 7,18,23,stand,1.0,win_dealer_bust,1.0
2999,30,Simplified,3000,1,0,False,False,10 6,10 6,3,3 K 7,16,20,stand,1.0,loss,-1.0
3000,30,Simplified,3001,1,0,False,False,A K,A K,3,3 K,21,13,blackjack_check,1.0,player_blackjack,1.5
3001,31,Basic,3002,1,0,False,False,9 A,9 A,9,9 3 6,20,18,stand,1.0,win,1.0
3002,31,Basic,3003,1,0,False,False,3 2,3 2 A Q,4,4 J 2 10,16,26,hit > hit > stand,1.0,win_dealer_bust,1.0
3003,31,Basic,3004,1,0,False,False,5 8,5 8 5,10,10 3 2 7,18,22,hit > stand,1.0,win_dealer_bust,1.0
3004,31,Basic,3005,1,0,False,False,7 2,7 2 J,2,2 Q 6,19,18,hit > stand,1.0,win,1.0
3005,31,Basic,3006,1,0,False,False,7 7,7 7 4,10,10 7,18,17,hit > stand,1.0,win,1.0
3006,31,Basic,3007,1,0,False,False,4 7,4 7 A,5,5 K 6,12,21,double,2.0,loss,-2.0
3007,31,Basic,3008,1,1,True,False,8 5,8 5,5,5 6 9,13,20,stand,1.0,loss,-1.0
3007,31,Basic,3008,2,1,True,False,8 3,8 3 4,5,5 6 9,15,20,double,2.0,loss,-2.0
3008,31,Basic,3009,1,0,False,False,A 8,A 8,5,5 9 4,19,18,stand,1.0,win,1.0
3009,31,Basic,3010,1,0,False,False,8 4,8 4 6,3,3 Q 9,18,22,hit > stand,1.0,win_dealer_bust,1.0
3010,31,Basic,3011,1,0,False,False,Q 4,Q 4,4,4 2 6 6,14,18,stand,1.0,loss,-1.0
3011,31,Basic,3012,1,0,False,False,2 A,2 A,Q,Q A,13,21,blackjack_check,1.0,dealer_blackjack,-1.0
3012,31,Basic,3013,1,0,False,False,10 J,10 J,8,8 8 3,20,19,stand,1.0,win,1.0
3013,31,Basic,3014,1,0,False,False,5 A,5 A A,5,5 10 J,17,25,double,2.0,win_dealer_bust,2.0
3014,31,Basic,3015,1,0,False,False,8 2,8 2,A,A Q,10,21,blackjack_check,1.0,dealer_blackjack,-1.0
3015,31,Basic,3016,1,1,True,False,6 3,6 3 6,4,4 8 A 9,15,22,double,2.0,win_dealer_bust,2.0
3015,31,Basic,3016,2,1,True,False,6 8,6 8,4,4 8 A 9,14,22,stand,1.0,win_dealer_bust,1.0
3016,31,Basic,3017,1,0,False,False,9 10,9 10,4,4 7 4 Q,19,25,stand,1.0,win_dealer_bust,1.0
3017,31,Basic,3018,1,0,False,False,6 A,6 A,A,A K,17,21,blackjack_check,1.0,dealer_blackjack,-1.0
3018,31,Basic,3019,1,0,False,False,K 6,K 6 2,10,10 J,18,20,hit > stand,1.0,loss,-1.0
3019,31,Basic,3020,1,0,False,False,5 8,5 8 6,A,A 9,19,20,hit > stand,1.0,loss,-1.0
3020,31,Basic,3021,1,0,False,False,J A,J A,5,5 A,21,16,blackjack_check,1.0,player_blackjack,1.5
3021,31,Basic,3022,1,0,False,False,A 8,A 8,2,2 A 10 3 3,19,19,stand,1.0,push,0.0
3022,31,Basic,3023,1,0,False,False,Q J,Q J,9,9 K,20,19,stand,1.0,win,1.0
3023,31,Basic,3024,1,0,False,False,4 3,4 3 8 7,9,9 2,22,11,hit > hit,1.0,loss_bust,-1.0
3024,31,Basic,3025,1,0,False,False,A K,A K,5,5 8,21,13,blackjack_check,1.0,player_blackjack,1.5
3025,31,Basic,3026,1,0,False,False,K K,K K,Q,Q 5 10,20,25,stand,1.0,win_dealer_bust,1.0
3026,31,Basic,3027,1,0,False,False,4 9,4 9,6,6 Q 10,13,26,stand,1.0,win_dealer_bust,1.0
3027,31,Basic,3028,1,1,True,False,6 3,6 3 7,5,5 5 A,16,21,double,2.0,loss,-2.0
3027,31,Basic,3028,2,1,True,False,6 J,6 J,5,5 5 A,16,21,stand,1.0,loss,-1.0
3028,31,Basic,3029,1,0,False,False,6 Q,6 Q 5,K,K 2 A 3 2,21,18,hit,1.0,win,1.0
3029,31,Basic,3030,1,0,False,False,6 10,6 10,5,5 K 10,16,25,stand,1.0,win_dealer_bust,1.0
3030,31,Basic,3031,1,0,False,False,Q Q,Q Q,A,A 7,20,18,stand,1.0,win,1.0
3031,31,Basic,3032,1,0,False,False,7 Q,7 Q,Q,Q 3 5,17,18,stand,1.0,loss,-1.0
3032,31,Basic,3033,1,0,False,False,A 3,A 3 J,6,6 8 7,14,21,double,2.0,loss,-2.0
3033,31,Basic,3034,1,0,False,False,4 K,4 K,6,6 8 8,14,22,stand,1.0,win_dealer_bust,1.0
3034,31,Basic,3035,1,0,False,False,K 2,K 2 6,9,9 Q,18,19,hit > stand,1.0,loss,-1.0
3035,31,Basic,3036,1,0,False,False,10 10,10 10,2,2 6 3 3 4,20,18,stand,1.0,win,1.0
3036,31,Basic,3037,1,0,False,False,4 10,4 10 K,K,K J,24,20,hit,1.0,loss_bust,-1.0
3037,31,Basic,3038,1,0,False,False,5 J,5 J A 2,Q,Q 7,18,17,hit > hit > stand,1.0,win,1.0
3038,31,Basic,3039,1,0,False,False,9 6,9 6,3,3 10 9,15,22,stand,1.0,win_dealer_bust,1.0
3039,31,Basic,3040,1,0,False,False,8 3,8 3 5,3,3 10 5,16,18,double,2.0,loss,-2.0
3040,31,Basic,3041,1,0,False,False,6 K,6 K 6,J,J 4,22,14,hit,1.0,loss_bust,-1.0
3041,31,Basic,3042,1,0,False,False,8 K,8 K,9,9 A,18,20,stand,1.0,loss,-1.0
3042,31,Basic,3043,1,0,False,False,4 9,4 9,3,3 9 7,13,19,stand,1.0,loss,-1.0
3043,31,Basic,3044,1,0,False,False,8 2,8 2 9,3,3 J 6,19,19,double,2.0,push,0.0
3044,31,Basic,3045,1,0,False,False,6 3,6 3 3 Q,Q,Q 8,22,18,hit > hit,1.0,loss_bust,-1.0
3045,31,Basic,3046,1,0,False,False,7 J,7 J,7,7 J,17,17,stand,1.0,push,0.0
3046,31,Basic,3047,1,0,False,False,K K,K K,10,10 2 J,20,22,stand,1.0,win_dealer_bust,1.0
3047,31,Basic,3048,1,0,False,False,Q K,Q K,Q,Q K,20,20,stand,1.0,push,0.0
3048,31,Basic,3049,1,0,False,False,3 3,3 3 A 10,9,9 6 8,17,23,hit > hit > stand,1.0,win_dealer_bust,1.0
3049,31,Basic,3050,1,0,False,False,9 K,9 K,10,10 10,19,20,stand,1.0,loss,-1.0
3050,31,Basic,3051,1,0,False,False,Q A,Q A,7,7 3,21,10,blackjack_check,1.0,player_blackjack,1.5
3051,31,Basic,3052,1,0,False,False,A 2,A 2,A,A K,13,21,blackjack_check,1.0,dealer_blackjack,-1.0
3052,31,Basic,3053,1,0,False,False,2 9,2 9 4,6,6 K K,15,26,double,2.0,win_dealer_bust,2.0
3053,31,Basic,3054,1,0,False,False,3 Q,3 Q,4,4 A K 8,13,23,stand,1.0,win_dealer_bust,1.0
3054,31,Basic,3055,1,0,False,False,J 8,J 8,Q,Q 3 4,18,17,stand,1.0,win,1.0
3055,31,Basic,3056,1,0,False,False,6 9,6 9 7,A,A 3,22,14,hit,1.0,loss_bust,-1.0
3056,31,Basic,3057,1,0,False,False,4 6,4 6 7,3,3 5 10,17,18,double,2.0,loss,-2.0
3057,31,Basic,3058,1,0,False,False,A 3,A 3 J 10,A,A 5,24,16,hit > hit,1.0,loss_bust,-1.0
3058,31,Basic,3059,1,0,False,False,6 9,6 9 K,10,10 10,25,20,hit,1.0,loss_bust,-1.0
3059,31,Basic,3060,1,0,False,False,4 K,4 K Q,A,A 2,24,13,hit,1.0,loss_bust,-1.0
3060,31,Basic,3061,1,0,False,False,4 4,4 4 6 4,10,10 7,18,17,hit > hit > stand,1.0,win,1.0
3061,31,Basic,3062,1,0,False,False,A 6,A 6 A Q,J,J 4 5,18,19,hit > hit > stand,1.0,loss,-1.0
3062,31,Basic,3063,1,0,False,False,J 6,J 6,2,2 2 8 Q,16,22,stand,1.0,win_dealer_bust,1.0
3063,31,Basic,3064,1,0,False,False,A J,A J,8,8 6,21,14,blackjack_check,1.0,player_blackjack,1.5
3064,31,Basic,3065,1,0,False,False,4 3,4 3 K,J,J 3 5,17,18,hit > stand,1.0,loss,-1.0
3065,31,Basic,3066,1,0,False,False,8 5,8 5,6,6 7 4,13,17,stand,1.0,loss,-1.0
3066,31,Basic,3067,1,0,False,False,K 9,K 9,4,4 A 8 3 6,19,22,stand,1.0,win_dealer_bust,1.0
3067,31,Basic,3068,1,0,False,False,8 4,8 4 A,3,3 9 6,13,18,hit > stand,1.0,loss,-1.0
3068,31,Basic,3069,1,0,False,False,5 3,5 3 5 8,10,10 2 9,21,21,hit > hit,1.0,push,0.0
3069,31,Basic,3070,1,0,False,False,J 6,J 6 Q,8,8 Q,26,18,hit,1.0,loss_bust,-1.0
3070,31,Basic,3071,1,0,False,False,9 J,9 J,7,7 5 K,19,22,stand,1.0,win_dealer_bust,1.0
3071,31,Basic,3072,1,0,False,False,10 Q,10 Q,9,9 Q,20,19,stand,1.0,win,1.0
3072,31,Basic,3073,1,0,False,False,K 8,K 8,2,2 8 J,18,20,stand,1.0,loss,-1.0
3073,31,Basic,3074,1,0,False,False,2 4,2 4 4 7,3,3 8 5 2,17,18,hit > hit > stand,1.0,loss,-1.0
3074,31,Basic,3075,1,0,False,False,7 Q,7 Q,7,7 3 K,17,20,stand,1.0,loss,-1.0
3075,31,Basic,3076,1,1,True,False,7 2,7 2 7,6,6 K J,16,26,double,2.0,win_dealer_bust,2.0
3075,31,Basic,3076,2,1,True,False,7 6,7 6,6,6 K J,13,26,stand,1.0,win_dealer_bust,1.0
3076,31,Basic,3077,1,0,False,False,A K,A K,10,10 6,21,16,blackjack_check,1.0,player_blackjack,1.5
3077,31,Basic,3078,1,0,False,False,2 3,2 3 8,3,3 K Q,13,23,hit > stand,1.0,win_dealer_bust,1.0
3078,31,Basic,3079,1,0,False,False,K 9,K 9,2,2 10 J,19,22,stand,1.0,win_dealer_bust,1.0
3079,31,Basic,3080,1,1,True,False,3 9,3 9 4 5,7,7 5 A 7,21,20,hit > hit,1.0,win,1.0
3079,31,Basic,3080,2,1,True,False,3 8,3 8 7,7,7 5 A 7,18,20,double,2.0,loss,-2.0
3080,31,Basic,3081,1,0,False,False,6 10,6 10 7,8,8 10,23,18,hit,1.0,loss_bust,-1.0
3081,31,Basic,3082,1,0,False,False,10 Q,10 Q,J,J 5 8,20,23,stand,1.0,win_dealer_bust,1.0
3082,31,Basic,3083,1,0,False,False,9 8,9 8,4,4 3 3 J,17,20,stand,1.0,loss,-1.0
3083,31,Basic,3084,1,0,False,False,8 6,8 6,Q,Q A,14,21,blackjack_check,1.0,dealer_blackjack,-1.0
3084,31,Basic,3085,1,0,False,False,10 7,10 7,K,K Q,17,20,stand,1.0,loss,-1.0
3085,31,Basic,3086,1,0,False,False,A 10,A 10,5,5 5,21,10,blackjack_check,1.0,player_blackjack,1.5
3086,31,Basic,3087,1,0,False,False,4 10,4 10 9,10,10 Q,23,20,hit,1.0,loss_bust,-1.0
3087,31,Basic,3088,1,0,False,False,J 10,J 10,6,6 Q J,20,26,stand,1.0,win_dealer_bust,1.0
3088,31,Basic,3089,1,0,False,False,Q 2,Q 2,A,A 10,12,21,blackjack_check,1.0,dealer_blackjack,-1.0
3089,31,Basic,3090,1,0,False,False,6 5,6 5 4 8,A,A 9,23,20,hit > hit,1.0,loss_bust,-1.0
3090,31,Basic,3091,1,0,False,False,10 9,10 9,10,10 K,19,20,stand,1.0,loss,-1.0
3091,31,Basic,3092,1,0,False,False,5 6,5 6 7,7,7 3 10,18,20,double,2.0,loss,-2.0
3092,31,Basic,3093,1,0,False,False,A 9,A 9,3,3 Q 3 3,20,19,stand,1.0,win,1.0
3093,31,Basic,3094,1,0,False,False,10 5,10 5,3,3 4 6 K,15,23,stand,1.0,win_dealer_bust,1.0
3094,31,Basic,3095,1,0,False,False,8 5,8 5 4,Q,Q 2 9,17,21,hit > stand,1.0,loss,-1.0
3095,31,Basic,3096,1,0,False,False,K 5,K 5,3,3 10 9,15,22,stand,1.0,win_dealer_bust,1.0
3096,31,Basic,3097,1,0,False,False,6 5,6 5 A,6,6 9 9,12,24,double,2.0,win_dealer_bust,2.0
3097,31,Basic,3098,1,0,False,False,9 8,9 8,J,J 5 6,17,21,stand,1.0,loss,-1.0
3098,31,Basic,3099,1,0,False,False,10 2,10 2 K,2,2 Q,22,12,hit,1.0,loss_bust,-1.0
3099,31,Basic,3100,1,0,False,False,6 7,6 7 10,Q,Q 9,23,19,hit,1.0,loss_bust,-1.0
3100,31,Basic,3101,1,0,False,False,Q 9,Q 9,8,8 J,19,18,stand,1.0,win,1.0
3101,32,Simplified,3102,1,0,False,False,3 K,3 K,8,8 6 A 4,13,19,stand,1.0,loss,-1.0
3102,32,Simplified,3103,1,0,False,False,9 6,9 6,A,A A 5,15,17,stand,1.0,loss,-1.0
3103,32,Simplified,3104,1,0,False,False,5 8,5 8,A,A 6,13,17,stand,1.0,loss,-1.0
3104,32,Simplified,3105,1,0,False,False,7 9,7 9,J,J 7,16,17,stand,1.0,loss,-1.0
3105,32,Simplified,3106,1,0,False,False,7 7,7 7,8,8 5 3 K,14,26,stand,1.0,win_dealer_bust,1.0
3106,32,Simplified,3107,1,0,False,False,8 7,8 7,A,A 6,15,17,stand,1.0,loss,-1.0
3107,32,Simplified,3108,1,0,False,False,10 Q,10 Q,9,9 Q,20,19,stand,1.0,win,1.0
3108,32,Simplified,3109,1,0,False,False,4 7,4 7 7,7,7 9 7,18,23,hit > stand,1.0,win_dealer_bust,1.0
3109,32,Simplified,3110,1,0,False,False,6 8,6 8,10,10 10,14,20,stand,1.0,loss,-1.0
3110,32,Simplified,3111,1,0,False,False,4 Q,4 Q,J,J 4 8,14,22,stand,1.0,win_dealer_bust,1.0
3111,32,Simplified,3112,1,0,False,False,7 9,7 9,3,3 6 Q,16,19,stand,1.0,loss,-1.0
3112,32,Simplified,3113,1,0,False,False,2 K,2 K,5,5 10 A K,12,26,stand,1.0,win_dealer_bust,1.0
3113,32,Simplified,3114,1,0,False,False,4 8,4 8,5,5 10 8,12,23,stand,1.0,win_dealer_bust,1.0
3114,32,Simplified,3115,1,0,False,False,4 5,4 5 K,4,4 3 J,19,17,hit > stand,1.0,win,1.0
3115,32,Simplified,3116,1,0,False,False,3 4,3 4 5,K,K 5 4,12,19,hit > stand,1.0,loss,-1.0
3116,32,Simplified,3117,1,0,False,False,J 2,J 2,5,5 5 8,12,18,stand,1.0,loss,-1.0
3117,32,Simplified,3118,1,0,False,False,10 A,10 A,5,5 2,21,7,blackjack_check,1.0,player_blackjack,1.5
3118,32,Simplified,3119,1,0,False,False,8 4,8 4,3,3 3 J 5,12,21,stand,1.0,loss,-1.0
3119,32,Simplified,3120,1,0,False,False,6 6,6 6,A,A 6,12,17,stand,1.0,loss,-1.0
3120,32,Simplified,3121,1,0,False,False,8 3,8 3 2,8,8 Q,13,18,hit > stand,1.0,loss,-1.0
3121,32,Simplified,3122,1,0,False,False,K 5,K 5,A,A 8,15,19,stand,1.0,loss,-1.0
3122,32,Simplified,3123,1,0,False,False,6 10,6 10,7,7 9 J,16,26,stand,1.0,win_dealer_bust,1.0
3123,32,Simplified,3124,1,0,False,False,10 6,10 6,5,5 2 9 9,16,25,stand,1.0,win_dealer_bust,1.0
3124,32,Simplified,3125,1,0,False,False,9 5,9 5,8,8 Q,14,18,stand,1.0,loss,-1.0
3125,32,Simplified,3126,1,0,False,False,9 K,9 K,9,9 A,19,20,stand,1.0,loss,-1.0
3126,32,Simplified,3127,1,0,False,False,10 3,10 3,K,K 4 J,13,24,stand,1.0,win_dealer_bust,1.0
3127,32,Simplified,3128,1,0,False,False,5 10,5 10,8,8 J,15,18,stand,1.0,loss,-1.0
3128,32,Simplified,3129,1,0,False,False,6 K,6 K,K,K 8,16,18,stand,1.0,loss,-1.0
3129,32,Simplified,3130,1,0,False,False,A A,A A 5 K,6,6 8 2 6,17,22,hit > hit > stand,1.0,win_dealer_bust,1.0
3130,32,Simplified,3131,1,0,False,False,6 9,6 9,9,9 10,15,19,stand,1.0,loss,-1.0
3131,32,Simplified,3132,1,0,False,False,J 7,J 7,10,10 3 J,17,23,stand,1.0,win_dealer_bust,1.0
3132,32,Simplified,3133,1,0,False,False,5 7,5 7,10,10 Q,12,20,stand,1.0,loss,-1.0
3133,32,Simplified,3134,1,0,False,False,J 2,J 2,A,A A A 4,12,17,stand,1.0,loss,-1.0
3134,32,Simplified,3135,1,0,False,False,J A,J A,J,J K,21,20,blackjack_check,1.0,player_blackjack,1.5
3135,32,Simplified,3136,1,0,False,False,J 8,J 8,9,9 K,18,19,stand,1.0,loss,-1.0
3136,32,Simplified,3137,1,0,False,False,3 K,3 K,8,8 10,13,18,stand,1.0,loss,-1.0
3137,32,Simplified,3138,1,0,False,False,9 4,9 4,9,9 9,13,18,stand,1.0,loss,-1.0
3138,32,Simplified,3139,1,0,False,False,10 5,10 5,K,K 7,15,17,stand,1.0,loss,-1.0
3139,32,Simplified,3140,1,0,False,False,6 4,6 4 10,6,6 8 7,20,21,hit > stand,1.0,loss,-1.0
3140,32,Simplified,3141,1,0,False,False,A 5,A 5,K,K A,16,21,blackjack_check,1.0,dealer_blackjack,-1.0
3141,32,Simplified,3142,1,0,False,False,7 Q,7 Q,J,J 9,17,19,stand,1.0,loss,-1.0
3142,32,Simplified,3143,1,0,False,False,9 5,9 5,5,5 K K,14,25,stand,1.0,win_dealer_bust,1.0
3143,32,Simplified,3144,1,0,False,False,K Q,K Q,7,7 9 7,20,23,stand,1.0,win_dealer_bust,1.0
3144,32,Simplified,3145,1,0,False,False,2 6,2 6 7,10,10 7,15,17,hit > stand,1.0,loss,-1.0
3145,32,Simplified,3146,1,0,False,False,9 10,9 10,10,10 7,19,17,stand,1.0,win,1.0
3146,32,Simplified,3147,1,0,False,False,8 A,8 A,Q,Q 2 7,19,19,stand,1.0,push,0.0
3147,32,Simplified,3148,1,0,False,False,A 3,A 3 7,8,8 K,21,18,hit,1.0,win,1.0
3148,32,Simplified,3149,1,0,False,False,9 9,9 9,K,K A,18,21,blackjack_check,1.0,dealer_blackjack,-1.0
3149,32,Simplified,3150,1,0,False,False,5 9,5 9,K,K 6 3,14,19,stand,1.0,loss,-1.0
3150,32,Simplified,3151,1,0,False,False,4 6,4 6 A,2,2 3 7 6,21,18,hit,1.0,win,1.0
3151,32,Simplified,3152,1,0,False,False,7 A,7 A,9,9 A,18,20,stand,1.0,loss,-1.0
3152,32,Simplified,3153,1,0,False,False,4 Q,4 Q,3,3 5 7 Q,14,25,stand,1.0,win_dealer_bust,1.0
3153,32,Simplified,3154,1,0,False,False,5 J,5 J,A,A 9,15,20,stand,1.0,loss,-1.0
3154,32,Simplified,3155,1,0,False,False,A 3,A 3,A,A K,14,21,blackjack_check,1.0,dealer_blackjack,-1.0
3155,32,Simplified,3156,1,0,False,False,4 A,4 A 5,5,5 8 A 8,20,22,hit > stand,1.0,win_dealer_bust,1.0
3156,32,Simplified,3157,1,0,False,False,2 8,2 8 2,A,A 8,12,19,hit > stand,1.0,loss,-1.0
3157,32,Simplified,3158,1,0,False,False,Q 8,Q 8,A,A 7,18,18,stand,1.0,push,0.0
3158,32,Simplified,3159,1,0,False,False,3 7,3 7 A,7,7 Q,21,17,hit,1.0,win,1.0
3159,32,Simplified,3160,1,0,False,False,3 J,3 J,Q,Q 4 10,13,24,stand,1.0,win_dealer_bust,1.0
3160,32,Simplified,3161,1,0,False,False,8 6,8 6,9,9 A,14,20,stand,1.0,loss,-1.0
3161,32,Simplified,3162,1,0,False,False,2 10,2 10,6,6 5 10,12,21,stand,1.0,loss,-1.0
3162,32,Simplified,3163,1,0,False,False,A 4,A 4 A 8,4,4 K 5,14,19,hit > hit > stand,1.0,loss,-1.0
3163,32,Simplified,3164,1,0,False,False,A 7,A 7,3,3 2 4 5 9,18,23,stand,1.0,win_dealer_bust,1.0
3164,32,Simplified,3165,1,0,False,False,4 Q,4 Q,Q,Q 10,14,20,stand,1.0,loss,-1.0
3165,32,Simplified,3166,1,0,False,False,4 2,4 2 J,7,7 7 9,16,23,hit > stand,1.0,win_dealer_bust,1.0
3166,32,Simplified,3167,1,0,False,False,8 J,8 J,6,6 4 8,18,18,stand,1.0,push,0.0
3167,32,Simplified,3168,1,0,False,False,J Q,J Q,K,K 3 2 Q,20,25,stand,1.0,win_dealer_bust,1.0
3168,32,Simplified,3169,1,0,False,False,7 6,7 6,Q,Q 6 7,13,23,stand,1.0,win_dealer_bust,1.0
3169,32,Simplified,3170,1,0,False,False,8 3,8 3 K,4,4 6 10,21,20,hit,1.0,win,1.0
3170,32,Simplified,3171,1,0,False,False,Q 4,Q 4,8,8 6 6,14,20,stand,1.0,loss,-1.0
3171,32,Simplified,3172,1,0,False,False,8 3,8 3 4,Q,Q 6 9,15,25,hit > stand,1.0,win_dealer_bust,1.0
3172,32,Simplified,3173,1,0,False,False,A 9,A 9,Q,Q 10,20,20,stand,1.0,push,0.0
3173,32,Simplified,3174,1,0,False,False,Q 2,Q 2,10,10 2 4 8,12,24,stand,1.0,win_dealer_bust,1.0
3174,32,Simplified,3175,1,0,False,False,5 A,5 A 6,5,5 K A 6,12,22,hit > stand,1.0,win_dealer_bust,1.0
3175,32,Simplified,3176,1,0,False,False,2 5,2 5 J,3,3 Q 5,17,18,hit > stand,1.0,loss,-1.0
3176,32,Simplified,3177,1,0,False,False,3 3,3 3,J,J A,6,21,blackjack_check,1.0,dealer_blackjack,-1.0
3177,32,Simplified,3178,1,0,False,False,3 J,3 J,A,A 3 5,13,19,stand,1.0,loss,-1.0
3178,32,Simplified,3179,1,0,False,False,J Q,J Q,K,K 9,20,19,stand,1.0,win,1.0
3179,32,Simplified,3180,1,0,False,False,2 J,2 J,K,K A,12,21,blackjack_check,1.0,dealer_blackjack,-1.0
3180,32,Simplified,3181,1,0,False,False,5 4,5 4 9,5,5 4 9,18,18,hit > stand,1.0,push,0.0
3181,32,Simplified,3182,1,0,False,False,5 3,5 3 3 8,6,6 5 J,19,21,hit > hit > stand,1.0,loss,-1.0
3182,32,Simplified,3183,1,0,False,False,8 J,8 J,4,4 A 5,18,20,stand,1.0,loss,-1.0
3183,32,Simplified,3184,1,0,False,False,5 2,5 2 6,3,3 4 2 Q,13,19,hit > stand,1.0,loss,-1.0
3184,32,Simplified,3185,1,0,False,False,3 Q,3 Q,A,A 5 10 8,13,24,stand,1.0,win_dealer_bust,1.0
3185,32,Simplified,3186,1,0,False,False,2 7,2 7 2 4,Q,Q 3 8,15,21,hit > hit > stand,1.0,loss,-1.0
3186,32,Simplified,3187,1,0,False,False,Q 5,Q 5,J,J 10,15,20,stand,1.0,loss,-1.0
3187,32,Simplified,3188,1,0,False,False,10 2,10 2,6,6 J A,12,17,stand,1.0,loss,-1.0
3188,32,Simplified,3189,1,0,False,False,Q 3,Q 3,A,A K,13,21,blackjack_check,1.0,dealer_blackjack,-1.0
3189,32,Simplified,3190,1,0,False,False,J 8,J 8,K,K 3 9,18,22,stand,1.0,win_dealer_bust,1.0
3190,32,Simplified,3191,1,0,False,False,10 9,10 9,Q,Q J,19,20,stand,1.0,loss,-1.0
3191,32,Simplified,3192,1,0,False,False,4 7,4 7 3,J,J J,14,20,hit > stand,1.0,loss,-1.0
3192,32,Simplified,3193,1,0,False,False,Q 2,Q 2,6,6 J 2,12,18,stand,1.0,loss,-1.0
3193,32,Simplified,3194,1,0,False,False,K 10,K 10,10,10 7,20,17,stand,1.0,win,1.0
3194,32,Simplified,3195,1,0,False,False,K 4,K 4,2,2 6 10,14,18,stand,1.0,loss,-1.0
3195,32,Simplified,3196,1,0,False,False,2 A,2 A 3 8,J,J K,14,20,hit > hit > stand,1.0,loss,-1.0
3196,32,Simplified,3197,1,0,False,False,J 3,J 3,7,7 K,13,17,stand,1.0,loss,-1.0
3197,32,Simplified,3198,1,0,False,False,3 Q,3 Q,6,6 K J,13,26,stand,1.0,win_dealer_bust,1.0
3198,32,Simplified,3199,1,0,False,False,8 10,8 10,J,J 2 7,18,19,stand,1.0,loss,-1.0
3199,32,Simplified,3200,1,0,False,False,7 4,7 4 K,6,6 7 3 Q,21,26,hit,1.0,win_dealer_bust,1.0
3200,32,Simplified,3201,1,0,False,False,9 5,9 5,Q,Q 2 K,14,22,stand,1.0,win_dealer_bust,1.0
3201,33,Basic,3202,1,0,False,False,10 K,10 K,3,3 8 10,20,21,stand,1.0,loss,-1.0
3202,33,Basic,3203,1,0,False,False,2 9,2 9,A,A Q,11,21,blackjack_check,1.0,dealer_blackjack,-1.0
3203,33,Basic,3204,1,0,False,False,3 8,3 8 8,K,K 6 9,19,25,double,2.0,win_dealer_bust,2.0
3204,33,Basic,3205,1,0,False,False,3 J,3 J A 3,9,9 K,17,19,hit > hit > stand,1.0,loss,-1.0
3205,33,Basic,3206,1,1,True,True,A 8,A 8,Q,Q 10,19,20,stand_after_split_aces,1.0,loss,-1.0
3205,33,Basic,3206,2,1,True,True,A 4,A 4,Q,Q 10,15,20,stand_after_split_aces,1.0,loss,-1.0
3206,33,Basic,3207,1,0,False,False,K K,K K,2,2 8 6 7,20,23,stand,1.0,win_dealer_bust,1.0
3207,33,Basic,3208,1,0,False,False,8 A,8 A,Q,Q 6 Q,19,26,stand,1.0,win_dealer_bust,1.0
3208,33,Basic,3209,1,0,False,False,3 3,3 3 10 A,A,A 2 8,17,21,hit > hit > stand,1.0,loss,-1.0
3209,33,Basic,3210,1,0,False,False,2 A,2 A 8,5,5 10 6,21,21,double,2.0,push,0.0
3210,33,Basic,3211,1,0,False,False,A 3,A 3 A 5,7,7 2 4 Q,20,23,hit > hit > stand,1.0,win_dealer_bust,1.0
3211,33,Basic,3212,1,0,False,False,5 J,5 J,2,2 3 4 Q,15,19,stand,1.0,loss,-1.0
3212,33,Basic,3213,1,0,False,False,J J,J J,7,7 J,20,17,stand,1.0,win,1.0
3213,33,Basic,3214,1,0,False,False,A K,A K,9,9 10,21,19,blackjack_check,1.0,player_blackjack,1.5
3214,33,Basic,3215,1,0,False,False,6 A,6 A Q,2,2 9 2 K,17,23,hit > stand,1.0,win_dealer_bust,1.0
3215,33,Basic,3216,1,1,True,False,8 2,8 2 7,10,10 5 7,17,22,hit > stand,1.0,win_dealer_bust,1.0
3215,33,Basic,3216,2,1,True,False,8 J,8 J,10,10 5 7,18,22,stand,1.0,win_dealer_bust,1.0
3215,33,Basic,3216,3,1,True,False,8 4,8 4 9,10,10 5 7,21,22,hit,1.0,win_dealer_bust,1.0
3216,33,Basic,3217,1,0,False,False,J 6,J 6,5,5 9 K,16,24,stand,1.0,win_dealer_bust,1.0
3217,33,Basic,3218,1,0,False,False,5 4,5 4 8,3,3 8 10,17,21,double,2.0,loss,-2.0
3218,33,Basic,3219,1,0,False,False,2 2,2 2 K K,8,8 9,24,17,hit > hit,1.0,loss_bust,-1.0
3219,33,Basic,3220,1,0,False,False,6 Q,6 Q,6,6 3 7 3,16,19,stand,1.0,loss,-1.0
3220,33,Basic,3221,1,0,False,False,10 A,10 A,7,7 A,21,18,blackjack_check,1.0,player_blackjack,1.5
3221,33,Basic,3222,1,0,False,False,10 3,10 3 J,8,8 4,23,12,hit,1.0,loss_bust,-1.0
3222,33,Basic,3223,1,0,False,False,7 4,7 4 J,6,6 4 5 6,21,21,double,2.0,push,0.0
3223,33,Basic,3224,1,0,False,False,2 K,2 K 8,7,7 9 5,20,21,hit > stand,1.0,loss,-1.0
3224,33,Basic,3225,1,0,False,False,A 4,A 4 K 4,Q,Q 6 3,19,19,hit > hit > stand,1.0,push,0.0
3225,33,Basic,3226,1,0,False,False,8 3,8 3 8,Q,Q 8,19,18,double,2.0,win,2.0
3226,33,Basic,3227,1,0,False,False,K 3,K 3 K,7,7 3,23,10,hit,1.0,loss_bust,-1.0
3227,33,Basic,3228,1,0,False,False,4 8,4 8 10,3,3 4,22,7,hit,1.0,loss_bust,-1.0
3228,33,Basic,3229,1,0,False,False,10 6,10 6 Q,Q,Q 5,26,15,hit,1.0,loss_bust,-1.0
3229,33,Basic,3230,1,0,False,False,2 8,2 8 7,5,5 J J,17,25,double,2.0,win_dealer_bust,2.0
3230,33,Basic,3231,1,0,False,False,5 6,5 6 J,Q,Q 7,21,17,double,2.0,win,2.0
3231,33,Basic,3232,1,0,False,False,2 2,2 2 2 J J,10,10 6,26,16,hit > hit > hit,1.0,loss_bust,-1.0
3232,33,Basic,3233,1,0,False,False,7 2,7 2 A,6,6 8 8,20,22,double,2.0,win_dealer_bust,2.0
3233,33,Basic,3234,1,0,False,False,10 4,10 4 9,A,A 6,23,17,hit,1.0,loss_bust,-1.0
3234,33,Basic,3235,1,0,False,False,5 8,5 8 10,9,9 9,23,18,hit,1.0,loss_bust,-1.0
3235,33,Basic,3236,1,0,False,False,2 3,2 3 K 6,Q,Q 7,21,17,hit > hit,1.0,win,1.0
3236,33,Basic,3237,1,0,False,False,9 10,9 10,5,5 2 6 J,19,23,stand,1.0,win_dealer_bust,1.0
3237,33,Basic,3238,1,0,False,False,Q 9,Q 9,K,K 10,19,20,stand,1.0,loss,-1.0
3238,33,Basic,3239,1,0,False,False,5 8,5 8 2 7,9,9 4,22,13,hit > hit,1.0,loss_bust,-1.0
3239,33,Basic,3240,1,0,False,False,A 3,A 3 K Q,7,7 5,24,12,hit > hit,1.0,loss_bust,-1.0
3240,33,Basic,3241,1,0,False,False,4 Q,4 Q 5,7,7 6 2 Q,19,25,hit > stand,1.0,win_dealer_bust,1.0
3241,33,Basic,3242,1,0,False,False,Q J,Q J,6,6 3 5 7,20,21,stand,1.0,loss,-1.0
3242,33,Basic,3243,1,0,False,False,Q 10,Q 10,6,6 9 8,20,23,stand,1.0,win_dealer_bust,1.0
3243,33,Basic,3244,1,0,False,False,J 5,J 5,6,6 3 2 9,15,20,stand,1.0,loss,-1.0
3244,33,Basic,3245,1,0,False,False,8 9,8 9,2,2 10 3 7,17,22,stand,1.0,win_dealer_bust,1.0
3245,33,Basic,3246,1,0,False,False,4 9,4 9 9,10,10 10,22,20,hit,1.0,loss_bust,-1.0
3246,33,Basic,3247,1,0,False,False,9 7,9 7 10,8,8 8,26,16,hit,1.0,loss_bust,-1.0
3247,33,Basic,3248,1,0,False,False,9 Q,9 Q,4,4 6 J,19,20,stand,1.0,loss,-1.0
3248,33,Basic,3249,1,0,False,False,2 10,2 10,5,5 J 2,12,17,stand,1.0,loss,-1.0
3249,33,Basic,3250,1,0,False,False,A 3,A 3 3 8,2,2 10 10,15,22,hit > hit > stand,1.0,win_dealer_bust,1.0
3250,33,Basic,3251,1,0,False,False,9 7,9 7,4,4 K 10,16,24,stand,1.0,win_dealer_bust,1.0
3251,33,Basic,3252,1,0,False,False,A 7,A 7 K,6,6 3 J,18,19,double,2.0,loss,-2.0
3252,33,Basic,3253,1,0,False,False,10 5,10 5,6,6 10 2,15,18,stand,1.0,loss,-1.0
3253,33,Basic,3254,1,0,False,False,K 3,K 3 A J,K,K J,24,20,hit > hit,1.0,loss_bust,-1.0
3254,33,Basic,3255,1,0,False,False,3 Q,3 Q,2,2 9 7,13,18,stand,1.0,loss,-1.0
3255,33,Basic,3256,1,0,False,False,4 3,4 3 5,6,6 J 6,12,22,hit > stand,1.0,win_dealer_bust,1.0
3256,33,Basic,3257,1,0,False,False,A Q,A Q,7,7 4,21,11,blackjack_check,1.0,player_blackjack,1.5
3257,33,Basic,3258,1,0,False,False,J 4,J 4,4,4 9 10,14,23,stand,1.0,win_dealer_bust,1.0
3258,33,Basic,3259,1,0,False,False,4 J,4 J,2,2 K 5,14,17,stand,1.0,loss,-1.0
3259,33,Basic,3260,1,1,True,True,A 3,A 3,8,8 9,14,17,stand_after_split_aces,1.0,loss,-1.0
3259,33,Basic,3260,2,1,True,True,A J,A J,8,8 9,21,17,stand_after_split_aces,1.0,win,1.0
3260,33,Basic,3261,1,0,False,False,6 Q,6 Q A,K,K J,17,20,hit > stand,1.0,loss,-1.0
3261,33,Basic,3262,1,0,False,False,Q Q,Q Q,9,9 7 6,20,22,stand,1.0,win_dealer_bust,1.0
3262,33,Basic,3263,1,0,False,False,6 10,6 10,5,5 3 3 7,16,18,stand,1.0,loss,-1.0
3263,33,Basic,3264,1,0,False,False,5 A,5 A K 7,Q,Q K,23,20,hit > hit,1.0,loss_bust,-1.0
3264,33,Basic,3265,1,0,False,False,10 6,10 6 4,8,8 5 8,20,21,hit > stand,1.0,loss,-1.0
3265,33,Basic,3266,1,0,False,False,9 Q,9 Q,10,10 7,19,17,stand,1.0,win,1.0
3266,33,Basic,3267,1,0,False,False,A J,A J,2,2 3,21,5,blackjack_check,1.0,player_blackjack,1.5
3267,33,Basic,3268,1,0,False,False,Q 10,Q 10,4,4 5 2 J,20,21,stand,1.0,loss,-1.0
3268,33,Basic,3269,1,0,False,False,8 4,8 4,6,6 K 3,12,19,stand,1.0,loss,-1.0
3269,33,Basic,3270,1,0,False,False,6 J,6 J 7,Q,Q J,23,20,hit,1.0,loss_bust,-1.0
3270,33,Basic,3271,1,0,False,False,6 J,6 J 10,K,K 4,26,14,hit,1.0,loss_bust,-1.0
3271,33,Basic,3272,1,0,False,False,4 2,4 2 6 K,8,8 A,22,19,hit > hit,1.0,loss_bust,-1.0
3272,33,Basic,3273,1,0,False,False,K 7,K 7,8,8 5 9,17,22,stand,1.0,win_dealer_bust,1.0
3273,33,Basic,3274,1,0,False,False,J 2,J 2 6,8,8 10,18,18,hit > stand,1.0,push,0.0
3274,33,Basic,3275,1,0,False,False,7 8,7 8,4,4 3 2 K,15,19,stand,1.0,loss,-1.0
3275,33,Basic,3276,1,0,False,False,Q 6,Q 6,6,6 9 A 9,16,25,stand,1.0,win_dealer_bust,1.0
3276,33,Basic,3277,1,0,False,False,6 6,6 6 K,A,A 6,22,17,hit,1.0,loss_bust,-1.0
3277,33,Basic,3278,1,0,False,False,8 10,8 10,9,9 A,18,20,stand,1.0,loss,-1.0
3278,33,Basic,3279,1,0,False,False,10 J,10 J,Q,Q 3 3 9,20,25,stand,1.0,win_dealer_bust,1.0
3279,33,Basic,3280,1,0,False,False,7 J,7 J,3,3 2 2 6 A 4,17,18,stand,1.0,loss,-1.0
3280,33,Basic,3281,1,0,False,False,8 9,8 9,3,3 A A 2,17,17,stand,1.0,push,0.0
3281,33,Basic,3282,1,0,False,False,Q 4,Q 4 10,K,K 10,24,20,hit,1.0,loss_bust,-1.0
3282,33,Basic,3283,1,0,False,False,2 10,2 10 5,7,7 10,17,17,hit > stand,1.0,push,0.0
3283,33,Basic,3284,1,0,False,False,4 6,4 6 4,2,2 10 9,14,21,double,2.0,loss,-2.0
3284,33,Basic,3285,1,0,False,False,A 3,A 3 K,3,3 6 9,14,18,hit > stand,1.0,loss,-1.0
3285,33,Basic,3286,1,0,False,False,K 9,K 9,8,8 Q,19,18,stand,1.0,win,1.0
3286,33,Basic,3287,1,0,False,False,3 5,3 5 8 3,J,J 5 8,19,23,hit > hit > stand,1.0,win_dealer_bust,1.0
3287,33,Basic,3288,1,0,False,False,2 J,2 J 4 K,A,A 7,26,18,hit > hit,1.0,loss_bust,-1.0
3288,33,Basic,3289,1,0,False,False,K 5,K 5 9,10,10 4,24,14,hit,1.0,loss_bust,-1.0
3289,33,Basic,3290,1,0,False,False,7 4,7 4 9,Q,Q 3 J,20,23,double,2.0,win_dealer_bust,2.0
3290,33,Basic,3291,1,0,False,False,K Q,K Q,J,J 10,20,20,stand,1.0,push,0.0
3291,33,Basic,3292,1,0,False,False,7 5,7 5 10,J,J K,22,20,hit,1.0,loss_bust,-1.0
3292,33,Basic,3293,1,0,False,False,5 2,5 2 Q,A,A 6,17,17,hit > stand,1.0,push,0.0
3293,33,Basic,3294,1,0,False,False,6 J,6 J A,9,9 10,17,19,hit > stand,1.0,loss,-1.0
3294,33,Basic,3295,1,0,False,False,6 3,6 3 K,3,3 2 2 K,19,17,double,2.0,win,2.0
3295,33,Basic,3296,1,0,False,False,J 8,J 8,3,3 K 6,18,19,stand,1.0,loss,-1.0
3296,33,Basic,3297,1,0,False,False,Q 5,Q 5 8,K,K 6,23,16,hit,1.0,loss_bust,-1.0
3297,33,Basic,3298,1,0,False,False,3 7,3 7 3,7,7 5 8,13,20,double,2.0,loss,-2.0
3298,33,Basic,3299,1,0,False,False,A Q,A Q,9,9 2,21,11,blackjack_check,1.0,player_blackjack,1.5
3299,33,Basic,3300,1,0,False,False,Q A,Q A,8,8 6,21,14,blackjack_check,1.0,player_blackjack,1.5
3300,33,Basic,3301,1,0,False,False,A 6,A 6 A 9,A,A 6,17,17,hit > hit > stand,1.0,push,0.0
3301,34,Simplified,3302,1,0,False,False,9 8,9 8,Q,Q 6 6,17,22,stand,1.0,win_dealer_bust,1.0
3302,34,Simplified,3303,1,0,False,False,J K,J K,6,6 8 J,20,24,stand,1.0,win_dealer_bust,1.0
3303,34,Simplified,3304,1,0,False,False,10 5,10 5,4,4 K 4,15,18,stand,1.0,loss,-1.0
3304,34,Simplified,3305,1,0,False,False,7 Q,7 Q,Q,Q 2 5,17,17,stand,1.0,push,0.0
3305,34,Simplified,3306,1,0,False,False,2 9,2 9 8,5,5 9 8,19,22,hit > stand,1.0,win_dealer_bust,1.0
3306,34,Simplified,3307,1,0,False,False,7 3,7 3 K,8,8 6 J,20,24,hit > stand,1.0,win_dealer_bust,1.0
3307,34,Simplified,3308,1,0,False,False,10 6,10 6,A,A 2 K 7,16,20,stand,1.0,loss,-1.0
3308,34,Simplified,3309,1,0,False,False,J 8,J 8,6,6 10 A,18,17,stand,1.0,win,1.0
3309,34,Simplified,3310,1,0,False,False,4 A,4 A Q,8,8 3 10,15,21,hit > stand,1.0,loss,-1.0
3310,34,Simplified,3311,1,0,False,False,10 9,10 9,J,J 5 A K,19,26,stand,1.0,win_dealer_bust,1.0
3311,34,Simplified,3312,1,0,False,False,8 3,8 3 Q,9,9 5 K,21,24,hit,1.0,win_dealer_bust,1.0
3312,34,Simplified,3313,1,0,False,False,2 5,2 5 9,6,6 3 8,16,17,hit > stand,1.0,loss,-1.0
3313,34,Simplified,3314,1,0,False,False,4 7,4 7 8,K,K 8,19,18,hit > stand,1.0,win,1.0
3314,34,Simplified,3315,1,0,False,False,4 K,4 K,9,9 6 6,14,21,stand,1.0,loss,-1.0
3315,34,Simplified,3316,1,0,False,False,Q 10,Q 10,5,5 2 6 4,20,17,stand,1.0,win,1.0
3316,34,Simplified,3317,1,0,False,False,10 5,10 5,6,6 3 K,15,19,stand,1.0,loss,-1.0
3317,34,Simplified,3318,1,0,False,False,5 A,5 A 5,9,9 3 A K,21,23,hit,1.0,win_dealer_bust,1.0
3318,34,Simplified,3319,1,0,False,False,4 2,4 2 5 6,5,5 2 Q,17,17,hit > hit > stand,1.0,push,0.0
3319,34,Simplified,3320,1,0,False,False,6 5,6 5 K,A,A 8,21,19,hit,1.0,win,1.0
3320,34,Simplified,3321,1,0,False,False,9 3,9 3,K,K 2 9,12,21,stand,1.0,loss,-1.0
3321,34,Simplified,3322,1,0,False,False,K Q,K Q,6,6 J A,20,17,stand,1.0,win,1.0
3322,34,Simplified,3323,1,0,False,False,Q Q,Q Q,6,6 9 J,20,25,stand,1.0,win_dealer_bust,1.0
3323,34,Simplified,3324,1,0,False,False,A 10,A 10,7,7 K,21,17,blackjack_check,1.0,player_blackjack,1.5
3324,34,Simplified,3325,1,0,False,False,2 K,2 K,4,4 8 8,12,20,stand,1.0,loss,-1.0
3325,34,Simplified,3326,1,0,False,False,4 6,4 6 J,5,5 K 8,20,23,hit > stand,1.0,win_dealer_bust,1.0
3326,34,Simplified,3327,1,0,False,False,10 8,10 8,3,3 J 7,18,20,stand,1.0,loss,-1.0
3327,34,Simplified,3328,1,0,False,False,8 7,8 7,6,6 7 K,15,23,stand,1.0,win_dealer_bust,1.0
3328,34,Simplified,3329,1,0,False,False,2 9,2 9 J,Q,Q J,21,20,hit,1.0,win,1.0
3329,34,Simplified,3330,1,0,False,False,9 6,9 6,K,K 10,15,20,stand,1.0,loss,-1.0
3330,34,Simplified,3331,1,0,False,False,10 3,10 3,A,A A 8,13,20,stand,1.0,loss,-1.0
3331,34,Simplified,3332,1,0,False,False,4 2,4 2 J,3,3 Q Q,16,23,hit > stand,1.0,win_dealer_bust,1.0
3332,34,Simplified,3333,1,0,False,False,A 5,A 5 J,3,3 4 7 9,16,23,hit > stand,1.0,win_dealer_bust,1.0
3333,34,Simplified,3334,1,0,False,False,10 2,10 2,J,J J,12,20,stand,1.0,loss,-1.0
3334,34,Simplified,3335,1,0,False,False,J 4,J 4,9,9 8,14,17,stand,1.0,loss,-1.0
3335,34,Simplified,3336,1,0,False,False,6 J,6 J,8,8 3 10,16,21,stand,1.0,loss,-1.0
3336,34,Simplified,3337,1,0,False,False,3 8,3 8 9,6,6 10 K,20,26,hit > stand,1.0,win_dealer_bust,1.0
3337,34,Simplified,3338,1,0,False,False,3 K,3 K,A,A A 3 10 A 4,13,20,stand,1.0,loss,-1.0
3338,34,Simplified,3339,1,0,False,False,5 3,5 3 2 10,10,10 8,20,18,hit > hit > stand,1.0,win,1.0
3339,34,Simplified,3340,1,0,False,False,3 2,3 2 4 4,4,4 7 K,13,21,hit > hit > stand,1.0,loss,-1.0
3340,34,Simplified,3341,1,0,False,False,4 2,4 2 6,7,7 Q,12,17,hit > stand,1.0,loss,-1.0
3341,34,Simplified,3342,1,0,False,False,5 8,5 8,9,9 A,13,20,stand,1.0,loss,-1.0
3342,34,Simplified,3343,1,0,False,False,3 8,3 8 8,9,9 7 6,19,22,hit > stand,1.0,win_dealer_bust,1.0
3343,34,Simplified,3344,1,0,False,False,10 10,10 10,10,10 3 5,20,18,stand,1.0,win,1.0
3344,34,Simplified,3345,1,0,False,False,5 8,5 8,A,A 10,13,21,blackjack_check,1.0,dealer_blackjack,-1.0
3345,34,Simplified,3346,1,0,False,False,4 5,4 5 Q,2,2 Q 9,19,21,hit > stand,1.0,loss,-1.0
3346,34,Simplified,3347,1,0,False,False,3 4,3 4 10,8,8 2 A,17,21,hit > stand,1.0,loss,-1.0
3347,34,Simplified,3348,1,0,False,False,J 6,J 6,3,3 K A 3,16,17,stand,1.0,loss,-1.0
3348,34,Simplified,3349,1,0,False,False,Q 9,Q 9,A,A 9,19,20,stand,1.0,loss,-1.0
3349,34,Simplified,3350,1,0,False,False,6 A,6 A 7,4,4 6 2 2 2 8,14,24,hit > stand,1.0,win_dealer_bust,1.0
3350,34,Simplified,3351,1,0,False,False,9 2,9 2 10,K,K K,21,20,hit,1.0,win,1.0
3351,34,Simplified,3352,1,0,False,False,7 7,7 7,4,4 5 8,14,17,stand,1.0,loss,-1.0
3352,34,Simplified,3353,1,0,False,False,10 4,10 4,4,4 2 A,14,17,stand,1.0,loss,-1.0
3353,34,Simplified,3354,1,0,False,False,J 2,J 2,A,A 4 J K,12,25,stand,1.0,win_dealer_bust,1.0
3354,34,Simplified,3355,1,0,False,False,J 7,J 7,5,5 4 2 Q,17,21,stand,1.0,loss,-1.0
3355,34,Simplified,3356,1,0,False,False,10 9,10 9,3,3 10 Q,19,23,stand,1.0,win_dealer_bust,1.0
3356,34,Simplified,3357,1,0,False,False,9 6,9 6,A,A 9,15,20,stand,1.0,loss,-1.0
3357,34,Simplified,3358,1,0,False,False,9 6,9 6,Q,Q 10,15,20,stand,1.0,loss,-1.0
3358,34,Simplified,3359,1,0,False,False,K 4,K 4,J,J 2 10,14,22,stand,1.0,win_dealer_bust,1.0
3359,34,Simplified,3360,1,0,False,False,K Q,K Q,10,10 6 3,20,19,stand,1.0,win,1.0
3360,34,Simplified,3361,1,0,False,False,8 A,8 A,5,5 K 10,19,25,stand,1.0,win_dealer_bust,1.0
3361,34,Simplified,3362,1,0,False,False,A 6,A 6 2,A,A 3 J 8,19,22,hit > stand,1.0,win_dealer_bust,1.0
3362,34,Simplified,3363,1,0,False,False,3 10,3 10,J,J 5 K,13,25,stand,1.0,win_dealer_bust,1.0
3363,34,Simplified,3364,1,0,False,False,4 7,4 7 9,3,3 9 6,20,18,hit > stand,1.0,win,1.0
3364,34,Simplified,3365,1,0,False,False,K 6,K 6,Q,Q 7,16,17,stand,1.0,loss,-1.0
3365,34,Simplified,3366,1,0,False,False,J 7,J 7,9,9 K,17,19,stand,1.0,loss,-1.0
3366,34,Simplified,3367,1,0,False,False,8 J,8 J,Q,Q Q,18,20,stand,1.0,loss,-1.0
3367,34,Simplified,3368,1,0,False,False,6 K,6 K,8,8 8 8,16,24,stand,1.0,win_dealer_bust,1.0
3368,34,Simplified,3369,1,0,False,False,K 9,K 9,8,8 J,19,18,stand,1.0,win,1.0
3369,34,Simplified,3370,1,0,False,False,8 K,8 K,7,7 9 4,18,20,stand,1.0,loss,-1.0
3370,34,Simplified,3371,1,0,False,False,8 6,8 6,3,3 4 7 6,14,20,stand,1.0,loss,-1.0
3371,34,Simplified,3372,1,0,False,False,K A,K A,Q,Q 8,21,18,blackjack_check,1.0,player_blackjack,1.5
3372,34,Simplified,3373,1,0,False,False,A 3,A 3 8,10,10 3 7,12,20,hit > stand,1.0,loss,-1.0
3373,34,Simplified,3374,1,0,False,False,3 9,3 9,K,K 2 8,12,20,stand,1.0,loss,-1.0
3374,34,Simplified,3375,1,0,False,False,A 2,A 2 7,2,2 8 Q,20,20,hit > stand,1.0,push,0.0
3375,34,Simplified,3376,1,0,False,False,A J,A J,7,7 5,21,12,blackjack_check,1.0,player_blackjack,1.5
3376,34,Simplified,3377,1,0,False,False,9 K,9 K,J,J 10,19,20,stand,1.0,loss,-1.0
3377,34,Simplified,3378,1,0,False,False,J 10,J 10,3,3 A K 5,20,19,stand,1.0,win,1.0
3378,34,Simplified,3379,1,0,False,False,7 7,7 7,Q,Q J,14,20,stand,1.0,loss,-1.0
3379,34,Simplified,3380,1,0,False,False,2 8,2 8 9,K,K 10,19,20,hit > stand,1.0,loss,-1.0
3380,34,Simplified,3381,1,0,False,False,7 7,7 7,3,3 5 6 8,14,22,stand,1.0,win_dealer_bust,1.0
3381,34,Simplified,3382,1,0,False,False,5 Q,5 Q,Q,Q 2 9,15,21,stand,1.0,loss,-1.0
3382,34,Simplified,3383,1,0,False,False,3 2,3 2 7,K,K 8,12,18,hit > stand,1.0,loss,-1.0
3383,34,Simplified,3384,1,0,False,False,A Q,A Q,8,8 8,21,16,blackjack_check,1.0,player_blackjack,1.5
3384,34,Simplified,3385,1,0,False,False,9 4,9 4,9,9 Q,13,19,stand,1.0,loss,-1.0
3385,34,Simplified,3386,1,0,False,False,7 A,7 A,2,2 9 7,18,18,stand,1.0,push,0.0
3386,34,Simplified,3387,1,0,False,False,8 6,8 6,K,K J,14,20,stand,1.0,loss,-1.0
3387,34,Simplified,3388,1,0,False,False,8 A,8 A,9,9 3 7,19,19,stand,1.0,push,0.0
3388,34,Simplified,3389,1,0,False,False,A 3,A 3 9,4,4 6 5 A 4,13,20,hit > stand,1.0,loss,-1.0
3389,34,Simplified,3390,1,0,False,False,10 K,10 K,K,K 5 3,20,18,stand,1.0,win,1.0
3390,34,Simplified,3391,1,0,False,False,K 9,K 9,4,4 3 8 4,19,19,stand,1.0,push,0.0
3391,34,Simplified,3392,1,0,False,False,10 6,10 6,3,3 9 6,16,18,stand,1.0,loss,-1.0
3392,34,Simplified,3393,1,0,False,False,J J,J J,Q,Q 7,20,17,stand,1.0,win,1.0
3393,34,Simplified,3394,1,0,False,False,8 K,8 K,4,4 7 8,18,19,stand,1.0,loss,-1.0
3394,34,Simplified,3395,1,0,False,False,2 J,2 J,3,3 9 5,12,17,stand,1.0,loss,-1.0
3395,34,Simplified,3396,1,0,False,False,2 4,2 4 7,2,2 K K,13,22,hit > stand,1.0,win_dealer_bust,1.0
3396,34,Simplified,3397,1,0,False,False,K 9,K 9,9,9 J,19,19,stand,1.0,push,0.0
3397,34,Simplified,3398,1,0,False,False,2 Q,2 Q,3,3 5 3 K,12,21,stand,1.0,loss,-1.0
3398,34,Simplified,3399,1,0,False,False,A 6,A 6 7,Q,Q 3 A 2 9,14,25,hit > stand,1.0,win_dealer_bust,1.0
3399,34,Simplified,3400,1,0,False,False,10 K,10 K,7,7 4 Q,20,21,stand,1.0,loss,-1.0
3400,34,Simplified,3401,1,0,False,False,3 8,3 8 A,J,J 4 2 J,12,26,hit > stand,1.0,win_dealer_bust,1.0
3401,35,Basic,3402,1,0,False,False,Q 10,Q 10,Q,Q 3 J,20,23,stand,1.0,win_dealer_bust,1.0
3402,35,Basic,3403,1,0,False,False,3 9,3 9 J,7,7 K,22,17,hit,1.0,loss_bust,-1.0
3403,35,Basic,3404,1,0,False,False,A 4,A 4,A,A Q,15,21,blackjack_check,1.0,dealer_blackjack,-1.0
3404,35,Basic,3405,1,0,False,False,9 J,9 J,4,4 7 K,19,21,stand,1.0,loss,-1.0
3405,35,Basic,3406,1,0,False,False,8 3,8 3 7,10,10 3 J,18,23,double,2.0,win_dealer_bust,2.0
3406,35,Basic,3407,1,0,False,False,4 9,4 9 J,8,8 K,23,18,hit,1.0,loss_bust,-1.0
3407,35,Basic,3408,1,0,False,False,2 Q,2 Q 9,8,8 4 K,21,22,hit,1.0,win_dealer_bust,1.0
3408,35,Basic,3409,1,0,False,False,8 K,8 K,2,2 5 J,18,17,stand,1.0,win,1.0
3409,35,Basic,3410,1,0,False,False,7 10,7 10,K,K 7,17,17,stand,1.0,push,0.0
3410,35,Basic,3411,1,0,False,False,5 10,5 10 2,K,K 2 9,17,21,hit > stand,1.0,loss,-1.0
3411,35,Basic,3412,1,0,False,False,10 4,10 4 Q,A,A 2,24,13,hit,1.0,loss_bust,-1.0
3412,35,Basic,3413,1,0,False,False,J A,J A,6,6 Q,21,16,blackjack_check,1.0,player_blackjack,1.5
3413,35,Basic,3414,1,0,False,False,6 7,6 7 9,J,J 3,22,13,hit,1.0,loss_bust,-1.0
3414,35,Basic,3415,1,0,False,False,9 J,9 J,2,2 J 5,19,17,stand,1.0,win,1.0
3415,35,Basic,3416,1,0,False,False,Q 7,Q 7,5,5 4 6 4,17,19,stand,1.0,loss,-1.0
3416,35,Basic,3417,1,0,False,False,8 Q,8 Q,6,6 2 8 3,18,19,stand,1.0,loss,-1.0
3417,35,Basic,3418,1,1,True,False,3 A,3 A Q,3,3 3 10 9,14,25,hit > stand,1.0,win_dealer_bust,1.0
3417,35,Basic,3418,2,1,True,False,3 2,3 2 A J,3,3 3 10 9,16,25,hit > hit > stand,1.0,win_dealer_bust,1.0
3418,35,Basic,3419,1,0,False,False,6 5,6 5 7,K,K 4 10,18,24,double,2.0,win_dealer_bust,2.0
3419,35,Basic,3420,1,0,False,False,8 6,8 6 9,Q,Q 7,23,17,hit,1.0,loss_bust,-1.0
3420,35,Basic,3421,1,0,False,False,4 J,4 J 4,K,K K,18,20,hit > stand,1.0,loss,-1.0
3421,35,Basic,3422,1,0,False,False,5 4,5 4,A,A K,9,21,blackjack_check,1.0,dealer_blackjack,-1.0
3422,35,Basic,3423,1,0,False,False,Q 5,Q 5,4,4 8 2 J,15,24,stand,1.0,win_dealer_bust,1.0
3423,35,Basic,3424,1,0,False,False,9 7,9 7 10,7,7 4,26,11,hit,1.0,loss_bust,-1.0
3424,35,Basic,3425,1,0,False,False,4 9,4 9 8,A,A 5 9 K,21,25,hit,1.0,win_dealer_bust,1.0
3425,35,Basic,3426,1,0,False,False,4 3,4 3 10,10,10 7,17,17,hit > stand,1.0,push,0.0
3426,35,Basic,3427,1,0,False,False,8 5,8 5 8,7,7 3 2 5,21,17,hit,1.0,win,1.0
3427,35,Basic,3428,1,0,False,False,A 7,A 7,7,7 J,18,17,stand,1.0,win,1.0
3428,35,Basic,3429,1,0,False,False,4 4,4 4,A,A J,8,21,blackjack_check,1.0,dealer_blackjack,-1.0
3429,35,Basic,3430,1,0,False,False,4 A,4 A Q 5,J,J 3 4,20,17,hit > hit > stand,1.0,win,1.0
3430,35,Basic,3431,1,0,False,False,Q 6,Q 6 7,10,10 10,23,20,hit,1.0,loss_bust,-1.0
3431,35,Basic,3432,1,0,False,False,J 9,J 9,K,K Q,19,20,stand,1.0,loss,-1.0
3432,35,Basic,3433,1,0,False,False,K 10,K 10,2,2 2 7 J,20,21,stand,1.0,loss,-1.0
3433,35,Basic,3434,1,0,False,False,6 Q,6 Q,3,3 10 8,16,21,stand,1.0,loss,-1.0
3434,35,Basic,3435,1,0,False,False,K 5,K 5,2,2 7 9,15,18,stand,1.0,loss,-1.0
3435,35,Basic,3436,1,0,False,False,K K,K K,3,3 Q Q,20,23,stand,1.0,win_dealer_bust,1.0
3436,35,Basic,3437,1,0,False,False,9 4,9 4 10,9,9 7,23,16,hit,1.0,loss_bust,-1.0
3437,35,Basic,3438,1,0,False,False,9 J,9 J,10,10 7,19,17,stand,1.0,win,1.0
3438,35,Basic,3439,1,0,False,False,A 2,A 2 2 2 K,7,7 10,17,17,hit > hit > hit > stand,1.0,push,0.0
3439,35,Basic,3440,1,0,False,False,5 6,5 6 3,4,4 7 K,14,21,double,2.0,loss,-2.0
3440,35,Basic,3441,1,0,False,False,9 K,9 K,5,5 10 10,19,25,stand,1.0,win_dealer_bust,1.0
3441,35,Basic,3442,1,0,False,False,2 J,2 J 6,3,3 J Q,18,23,hit > stand,1.0,win_dealer_bust,1.0
3442,35,Basic,3443,1,0,False,False,4 10,4 10 8,J,J 7,22,17,hit,1.0,loss_bust,-1.0
3443,35,Basic,3444,1,0,False,False,5 K,5 K A A,9,9 7 9,17,25,hit > hit > stand,1.0,win_dealer_bust,1.0
3444,35,Basic,3445,1,0,False,False,3 K,3 K 7,Q,Q 2 2 3,20,17,hit > stand,1.0,win,1.0
3445,35,Basic,3446,1,0,False,False,10 A,10 A,8,8 5,21,13,blackjack_check,1.0,player_blackjack,1.5
3446,35,Basic,3447,1,0,False,False,4 K,4 K,5,5 3 7 A K,14,26,stand,1.0,win_dealer_bust,1.0
3447,35,Basic,3448,1,0,False,False,J K,J K,2,2 7 2 8,20,19,stand,1.0,win,1.0
3448,35,Basic,3449,1,0,False,False,A 9,A 9,10,10 3 Q,20,23,stand,1.0,win_dealer_bust,1.0
3449,35,Basic,3450,1,0,False,False,5 Q,5 Q 9,7,7 2,24,9,hit,1.0,loss_bust,-1.0
3450,35,Basic,3451,1,0,False,False,4 9,4 9 K,A,A 5,23,16,hit,1.0,loss_bust,-1.0
3451,35,Basic,3452,1,0,False,False,5 10,5 10 Q,Q,Q 2,25,12,hit,1.0,loss_bust,-1.0
3452,35,Basic,3453,1,0,False,False,8 10,8 10,J,J 7,18,17,stand,1.0,win,1.0
3453,35,Basic,3454,1,0,False,False,5 3,5 3 4,5,5 K 5,12,20,hit > stand,1.0,loss,-1.0
3454,35,Basic,3455,1,0,False,False,3 10,3 10 Q,A,A 6,23,17,hit,1.0,loss_bust,-1.0
3455,35,Basic,3456,1,0,False,False,J 3,J 3,2,2 J 6,13,18,stand,1.0,loss,-1.0
3456,35,Basic,3457,1,0,False,False,Q A,Q A,4,4 5,21,9,blackjack_check,1.0,player_blackjack,1.5
3457,35,Basic,3458,1,0,False,False,10 8,10 8,2,2 6 J,18,18,stand,1.0,push,0.0
3458,35,Basic,3459,1,0,False,False,3 A,3 A 8 6,3,3 9 A 9,18,22,hit > hit > stand,1.0,win_dealer_bust,1.0
3459,35,Basic,3460,1,0,False,False,7 7,7 7 5,Q,Q 2 3 4,19,19,hit > stand,1.0,push,0.0
3460,35,Basic,3461,1,0,False,False,2 9,2 9 6,2,2 10 J,17,22,double,2.0,win_dealer_bust,2.0
3461,35,Basic,3462,1,0,False,False,9 6,9 6,3,3 10 5,15,18,stand,1.0,loss,-1.0
3462,35,Basic,3463,1,0,False,False,10 3,10 3 4,9,9 4 3 J,17,26,hit > stand,1.0,win_dealer_bust,1.0
3463,35,Basic,3464,1,0,False,False,K 6,K 6 K,7,7 4,26,11,hit,1.0,loss_bust,-1.0
3464,35,Basic,3465,1,0,False,False,9 10,9 10,K,K 3 K,19,23,stand,1.0,win_dealer_bust,1.0
3465,35,Basic,3466,1,0,False,False,6 A,6 A 8 4,A,A 7,19,18,hit > hit > stand,1.0,win,1.0
3466,35,Basic,3467,1,0,False,False,A 3,A 3 A 7 5,3,3 8 2 7,17,20,hit > hit > hit > stand,1.0,loss,-1.0
3467,35,Basic,3468,1,0,False,False,A 5,A 5 J,5,5 Q 6,16,21,double,2.0,loss,-2.0
3468,35,Basic,3469,1,0,False,False,5 9,5 9 A 8,8,8 8,23,16,hit > hit,1.0,loss_bust,-1.0
3469,35,Basic,3470,1,0,False,False,Q J,Q J,9,9 7 10,20,26,stand,1.0,win_dealer_bust,1.0
3470,35,Basic,3471,1,0,False,False,J 2,J 2 6,8,8 3 10,18,21,hit > stand,1.0,loss,-1.0
3471,35,Basic,3472,1,0,False,False,J 3,J 3 2 2,10,10 J,17,20,hit > hit > stand,1.0,loss,-1.0
3472,35,Basic,3473,1,0,False,False,K A,K A,3,3 8,21,11,blackjack_check,1.0,player_blackjack,1.5
3473,35,Basic,3474,1,0,False,False,K Q,K Q,10,10 7,20,17,stand,1.0,win,1.0
3474,35,Basic,3475,1,0,False,False,9 J,9 J,J,J 5 10,19,25,stand,1.0,win_dealer_bust,1.0
3475,35,Basic,3476,1,0,False,False,A 5,A 5 J 6,J,J 7,22,17,hit > hit,1.0,loss_bust,-1.0
3476,35,Basic,3477,1,0,False,False,J Q,J Q,10,10 4 2 J,20,26,stand,1.0,win_dealer_bust,1.0
3477,35,Basic,3478,1,0,False,False,A J,A J,9,9 J,21,19,blackjack_check,1.0,player_blackjack,1.5
3478,35,Basic,3479,1,0,False,False,10 10,10 10,2,2 9 3 7,20,21,stand,1.0,loss,-1.0
3479,35,Basic,3480,1,0,False,False,J Q,J Q,10,10 4 3,20,17,stand,1.0,win,1.0
3480,35,Basic,3481,1,0,False,False,5 6,5 6 K,J,J 7,21,17,double,2.0,win,2.0
3481,35,Basic,3482,1,0,False,False,4 5,4 5 5,6,6 6 A J,14,23,double,2.0,win_dealer_bust,2.0
3482,35,Basic,3483,1,1,True,False,2 Q,2 Q,4,4 6 5 5,12,20,stand,1.0,loss,-1.0
3482,35,Basic,3483,2,1,True,False,2 K,2 K,4,4 6 5 5,12,20,stand,1.0,loss,-1.0
3483,35,Basic,3484,1,0,False,False,5 7,5 7,4,4 Q 10,12,24,stand,1.0,win_dealer_bust,1.0
3484,35,Basic,3485,1,0,False,False,2 6,2 6 10,10,10 K,18,20,hit > stand,1.0,loss,-1.0
3485,35,Basic,3486,1,0,False,False,8 10,8 10,5,5 2 9 6,18,22,stand,1.0,win_dealer_bust,1.0
3486,35,Basic,3487,1,0,False,False,J 10,J 10,2,2 J Q,20,22,stand,1.0,win_dealer_bust,1.0
3487,35,Basic,3488,1,0,False,False,A 2,A 2 3 7 K,A,A A,23,12,hit > hit > hit,1.0,loss_bust,-1.0
3488,35,Basic,3489,1,0,False,False,2 K,2 K Q,9,9 K,22,19,hit,1.0,loss_bust,-1.0
3489,35,Basic,3490,1,0,False,False,2 3,2 3 2 6 7,10,10 9,20,19,hit > hit > hit > stand,1.0,win,1.0
3490,35,Basic,3491,1,0,False,False,Q 9,Q 9,K,K 7,19,17,stand,1.0,win,1.0
3491,35,Basic,3492,1,0,False,False,A J,A J,Q,Q 8,21,18,blackjack_check,1.0,player_blackjack,1.5
3492,35,Basic,3493,1,0,False,False,8 7,8 7 J,J,J 10,25,20,hit,1.0,loss_bust,-1.0
3493,35,Basic,3494,1,0,False,False,4 3,4 3 8 J,J,J Q,25,20,hit > hit,1.0,loss_bust,-1.0
3494,35,Basic,3495,1,0,False,False,4 2,4 2 J,6,6 6 10,16,22,hit > stand,1.0,win_dealer_bust,1.0
3495,35,Basic,3496,1,0,False,False,K K,K K,A,A 4 K K,20,25,stand,1.0,win_dealer_bust,1.0
3496,35,Basic,3497,1,0,False,False,5 5,5 5 9,3,3 8 J,19,21,double,2.0,loss,-2.0
3497,35,Basic,3498,1,0,False,False,J 4,J 4,6,6 5 9,14,20,stand,1.0,loss,-1.0
3498,35,Basic,3499,1,0,False,False,5 A,5 A 2,4,4 9 A 9,18,23,double,2.0,win_dealer_bust,2.0
3499,35,Basic,3500,1,0,False,False,5 6,5 6 2,2,2 2 7 7,13,18,double,2.0,loss,-2.0
3500,35,Basic,3501,1,0,False,False,2 7,2 7 A,3,3 7 5 6,20,21,double,2.0,loss,-2.0
3501,36,Simplified,3502,1,0,False,False,3 J,3 J,10,10 6 5,13,21,stand,1.0,loss,-1.0
3502,36,Simplified,3503,1,0,False,False,9 J,9 J,A,A 6,19,17,stand,1.0,win,1.0
3503,36,Simplified,3504,1,0,False,False,9 10,9 10,9,9 J,19,19,stand,1.0,push,0.0
3504,36,Simplified,3505,1,0,False,False,J 3,J 3,9,9 Q,13,19,stand,1.0,loss,-1.0
3505,36,Simplified,3506,1,0,False,False,A 8,A 8,6,6 5 2 2 4,19,19,stand,1.0,push,0.0
3506,36,Simplified,3507,1,0,False,False,A K,A K,J,J 8,21,18,blackjack_check,1.0,player_blackjack,1.5
3507,36,Simplified,3508,1,0,False,False,K 4,K 4,J,J 5 6,14,21,stand,1.0,loss,-1.0
3508,36,Simplified,3509,1,0,False,False,K J,K J,Q,Q 5 3,20,18,stand,1.0,win,1.0
3509,36,Simplified,3510,1,0,False,False,4 Q,4 Q,Q,Q 5 4,14,19,stand,1.0,loss,-1.0
3510,36,Simplified,3511,1,0,False,False,9 3,9 3,10,10 3 6,12,19,stand,1.0,loss,-1.0
3511,36,Simplified,3512,1,0,False,False,2 2,2 2 10,Q,Q 5 3,14,18,hit > stand,1.0,loss,-1.0
3512,36,Simplified,3513,1,0,False,False,2 5,2 5 J,6,6 J 9,17,25,hit > stand,1.0,win_dealer_bust,1.0
3513,36,Simplified,3514,1,0,False,False,8 A,8 A,8,8 8 6,19,22,stand,1.0,win_dealer_bust,1.0
3514,36,Simplified,3515,1,0,False,False,Q 6,Q 6,J,J 2 3 10,16,25,stand,1.0,win_dealer_bust,1.0
3515,36,Simplified,3516,1,0,False,False,8 K,8 K,7,7 6 K,18,23,stand,1.0,win_dealer_bust,1.0
3516,36,Simplified,3517,1,0,False,False,9 4,9 4,A,A 8,13,19,stand,1.0,loss,-1.0
3517,36,Simplified,3518,1,0,False,False,9 4,9 4,3,3 J 4,13,17,stand,1.0,loss,-1.0
3518,36,Simplified,3519,1,0,False,False,7 7,7 7,J,J 2 Q,14,22,stand,1.0,win_dealer_bust,1.0
3519,36,Simplified,3520,1,0,False,False,3 5,3 5 9,8,8 Q,17,18,hit > stand,1.0,loss,-1.0
3520,36,Simplified,3521,1,0,False,False,A Q,A Q,7,7 K,21,17,blackjack_check,1.0,player_blackjack,1.5
3521,36,Simplified,3522,1,0,False,False,8 Q,8 Q,Q,Q 9,18,19,stand,1.0,loss,-1.0
3522,36,Simplified,3523,1,0,False,False,9 10,9 10,2,2 8 5 9,19,24,stand,1.0,win_dealer_bust,1.0
3523,36,Simplified,3524,1,0,False,False,Q A,Q A,3,3 2,21,5,blackjack_check,1.0,player_blackjack,1.5
3524,36,Simplified,3525,1,0,False,False,Q J,Q J,7,7 A,20,18,stand,1.0,win,1.0
3525,36,Simplified,3526,1,0,False,False,K 10,K 10,10,10 J,20,20,stand,1.0,push,0.0
3526,36,Simplified,3527,1,0,False,False,8 A,8 A,7,7 2 9,19,18,stand,1.0,win,1.0
3527,36,Simplified,3528,1,0,False,False,6 J,6 J,9,9 A,16,20,stand,1.0,loss,-1.0
3528,36,Simplified,3529,1,0,False,False,7 6,7 6,K,K 6 J,13,26,stand,1.0,win_dealer_bust,1.0
3529,36,Simplified,3530,1,0,False,False,A 8,A 8,6,6 9 8,19,23,stand,1.0,win_dealer_bust,1.0
3530,36,Simplified,3531,1,0,False,False,9 3,9 3,3,3 3 7 10,12,23,stand,1.0,win_dealer_bust,1.0
3531,36,Simplified,3532,1,0,False,False,7 6,7 6,4,4 3 4 Q,13,21,stand,1.0,loss,-1.0
3532,36,Simplified,3533,1,0,False,False,2 8,2 8 Q,3,3 A 3,20,17,hit > stand,1.0,win,1.0
3533,36,Simplified,3534,1,0,False,False,A 10,A 10,4,4 2,21,6,blackjack_check,1.0,player_blackjack,1.5
3534,36,Simplified,3535,1,0,False,False,A 6,A 6 K,8,8 9,17,17,hit > stand,1.0,push,0.0
3535,36,Simplified,3536,1,0,False,False,10 8,10 8,7,7 8 7,18,22,stand,1.0,win_dealer_bust,1.0
3536,36,Simplified,3537,1,0,False,False,J 5,J 5,8,8 10,15,18,stand,1.0,loss,-1.0
3537,36,Simplified,3538,1,0,False,False,7 5,7 5,10,10 A,12,21,blackjack_check,1.0,dealer_blackjack,-1.0
3538,36,Simplified,3539,1,0,False,False,4 Q,4 Q,4,4 6 3 3 6,14,22,stand,1.0,win_dealer_bust,1.0
3539,36,Simplified,3540,1,0,False,False,8 2,8 2 2,A,A A J 2 6,12,20,hit > stand,1.0,loss,-1.0
3540,36,Simplified,3541,1,0,False,False,K 4,K 4,6,6 4 3 9,14,22,stand,1.0,win_dealer_bust,1.0
3541,36,Simplified,3542,1,0,False,False,3 K,3 K,8,8 7 3,13,18,stand,1.0,loss,-1.0
3542,36,Simplified,3543,1,0,False,False,9 8,9 8,3,3 2 8 K,17,23,stand,1.0,win_dealer_bust,1.0
3543,36,Simplified,3544,1,0,False,False,5 Q,5 Q,Q,Q J,15,20,stand,1.0,loss,-1.0
3544,36,Simplified,3545,1,0,False,False,3 8,3 8 Q,K,K J,21,20,hit,1.0,win,1.0
3545,36,Simplified,3546,1,0,False,False,3 10,3 10,2,2 A 2 7 5,13,17,stand,1.0,loss,-1.0
3546,36,Simplified,3547,1,0,False,False,A 4,A 4 7,2,2 5 10,12,17,hit > stand,1.0,loss,-1.0
3547,36,Simplified,3548,1,0,False,False,6 K,6 K,8,8 2 10,16,20,stand,1.0,loss,-1.0
3548,36,Simplified,3549,1,0,False,False,K 10,K 10,6,6 K 7,20,23,stand,1.0,win_dealer_bust,1.0
3549,36,Simplified,3550,1,0,False,False,Q 7,Q 7,4,4 3 4 10,17,21,stand,1.0,loss,-1.0
3550,36,Simplified,3551,1,0,False,False,5 8,5 8,9,9 3 7,13,19,stand,1.0,loss,-1.0
3551,36,Simplified,3552,1,0,False,False,6 8,6 8,6,6 5 8,14,19,stand,1.0,loss,-1.0
3552,36,Simplified,3553,1,0,False,False,8 6,8 6,10,10 3 7,14,20,stand,1.0,loss,-1.0
3553,36,Simplified,3554,1,0,False,False,7 8,7 8,Q,Q 4 A 2,15,17,stand,1.0,loss,-1.0
3554,36,Simplified,3555,1,0,False,False,3 10,3 10,5,5 J Q,13,25,stand,1.0,win_dealer_bust,1.0
3555,36,Simplified,3556,1,0,False,False,10 10,10 10,8,8 J,20,18,stand,1.0,win,1.0
3556,36,Simplified,3557,1,0,False,False,3 4,3 4 J,5,5 A 9 10,17,25,hit > stand,1.0,win_dealer_bust,1.0
3557,36,Simplified,3558,1,0,False,False,Q 3,Q 3,5,5 4 2 3 7,13,21,stand,1.0,loss,-1.0
3558,36,Simplified,3559,1,0,False,False,K 9,K 9,10,10 K,19,20,stand,1.0,loss,-1.0
3559,36,Simplified,3560,1,0,False,False,10 8,10 8,8,8 J,18,18,stand,1.0,push,0.0
3560,36,Simplified,3561,1,0,False,False,3 A,3 A 8,6,6 10 6,12,22,hit > stand,1.0,win_dealer_bust,1.0
3561,36,Simplified,3562,1,0,False,False,J A,J A,A,A 4,21,15,blackjack_check,1.0,player_blackjack,1.5
3562,36,Simplified,3563,1,0,False,False,3 4,3 4 4 10,3,3 J 7,21,20,hit > hit,1.0,win,1.0
3563,36,Simplified,3564,1,0,False,False,10 A,10 A,6,6 7,21,13,blackjack_check,1.0,player_blackjack,1.5
3564,36,Simplified,3565,1,0,False,False,A 10,A 10,5,5 10,21,15,blackjack_check,1.0,player_blackjack,1.5
3565,36,Simplified,3566,1,0,False,False,2 J,2 J,A,A 2 10 Q,12,23,stand,1.0,win_dealer_bust,1.0
3566,36,Simplified,3567,1,0,False,False,8 A,8 A,7,7 4 K,19,21,stand,1.0,loss,-1.0
3567,36,Simplified,3568,1,0,False,False,4 10,4 10,5,5 5 J,14,20,stand,1.0,loss,-1.0
3568,36,Simplified,3569,1,0,False,False,3 2,3 2 A 3,6,6 Q 8,19,24,hit > hit > stand,1.0,win_dealer_bust,1.0
3569,36,Simplified,3570,1,0,False,False,10 7,10 7,5,5 Q 7,17,22,stand,1.0,win_dealer_bust,1.0
3570,36,Simplified,3571,1,0,False,False,A Q,A Q,9,9 9,21,18,blackjack_check,1.0,player_blackjack,1.5
3571,36,Simplified,3572,1,0,False,False,A 6,A 6 6,4,4 3 Q,13,17,hit > stand,1.0,loss,-1.0
3572,36,Simplified,3573,1,0,False,False,J J,J J,2,2 Q 5,20,17,stand,1.0,win,1.0
3573,36,Simplified,3574,1,0,False,False,7 5,7 5,A,A 8,12,19,stand,1.0,loss,-1.0
3574,36,Simplified,3575,1,0,False,False,3 Q,3 Q,J,J 5 K,13,25,stand,1.0,win_dealer_bust,1.0
3575,36,Simplified,3576,1,0,False,False,4 10,4 10,K,K A,14,21,blackjack_check,1.0,dealer_blackjack,-1.0
3576,36,Simplified,3577,1,0,False,False,K 3,K 3,7,7 8 6,13,21,stand,1.0,loss,-1.0
3577,36,Simplified,3578,1,0,False,False,7 K,7 K,3,3 5 10,17,18,stand,1.0,loss,-1.0
3578,36,Simplified,3579,1,0,False,False,3 8,3 8 K,8,8 3 8,21,19,hit,1.0,win,1.0
3579,36,Simplified,3580,1,0,False,False,7 2,7 2 J,10,10 3 J,19,23,hit > stand,1.0,win_dealer_bust,1.0
3580,36,Simplified,3581,1,0,False,False,5 5,5 5 J,A,A 6,20,17,hit > stand,1.0,win,1.0
3581,36,Simplified,3582,1,0,False,False,6 A,6 A 10,J,J 3 J,17,23,hit > stand,1.0,win_dealer_bust,1.0
3582,36,Simplified,3583,1,0,False,False,J Q,J Q,A,A 6,20,17,stand,1.0,win,1.0
3583,36,Simplified,3584,1,0,False,False,J 7,J 7,A,A J,17,21,blackjack_check,1.0,dealer_blackjack,-1.0
3584,36,Simplified,3585,1,0,False,False,Q 5,Q 5,9,9 K,15,19,stand,1.0,loss,-1.0
3585,36,Simplified,3586,1,0,False,False,7 10,7 10,10,10 2 K,17,22,stand,1.0,win_dealer_bust,1.0
3586,36,Simplified,3587,1,0,False,False,6 10,6 10,A,A J,16,21,blackjack_check,1.0,dealer_blackjack,-1.0
3587,36,Simplified,3588,1,0,False,False,10 A,10 A,7,7 K,21,17,blackjack_check,1.0,player_blackjack,1.5
3588,36,Simplified,3589,1,0,False,False,5 5,5 5 8,3,3 10 Q,18,23,hit > stand,1.0,win_dealer_bust,1.0
3589,36,Simplified,3590,1,0,False,False,K 7,K 7,9,9 6 5,17,20,stand,1.0,loss,-1.0
3590,36,Simplified,3591,1,0,False,False,K 10,K 10,9,9 8,20,17,stand,1.0,win,1.0
3591,36,Simplified,3592,1,0,False,False,9 3,9 3,7,7 3 5 2,12,17,stand,1.0,loss,-1.0
3592,36,Simplified,3593,1,0,False,False,8 3,8 3 3,Q,Q 5 K,14,25,hit > stand,1.0,win_dealer_bust,1.0
3593,36,Simplified,3594,1,0,False,False,9 K,9 K,A,A 2 10 A 9,19,23,stand,1.0,win_dealer_bust,1.0
3594,36,Simplified,3595,1,0,False,False,7 K,7 K,6,6 5 7,17,18,stand,1.0,loss,-1.0
3595,36,Simplified,3596,1,0,False,False,Q 2,Q 2,K,K 3 5,12,18,stand,1.0,loss,-1.0
3596,36,Simplified,3597,1,0,False,False,3 9,3 9,A,A 8,12,19,stand,1.0,loss,-1.0
3597,36,Simplified,3598,1,0,False,False,6 6,6 6,J,J 9,12,19,stand,1.0,loss,-1.0
3598,36,Simplified,3599,1,0,False,False,J 10,J 10,2,2 2 8 J,20,22,stand,1.0,win_dealer_bust,1.0
3599,36,Simplified,3600,1,0,False,False,6 2,6 2 Q,A,A 8,18,19,hit > stand,1.0,loss,-1.0
3600,36,Simplified,3601,1,0,False,False,10 4,10 4,K,K 8,14,18,stand,1.0,loss,-1.0
3601,37,Basic,3602,1,0,False,False,7 9,7 9 4,A,A 5 8 J,20,24,hit > stand,1.0,win_dealer_bust,1.0
3602,37,Basic,3603,1,0,False,False,A Q,A Q,8,8 J,21,18,blackjack_check,1.0,player_blackjack,1.5
3603,37,Basic,3604,1,0,False,False,10 K,10 K,K,K 4 9,20,23,stand,1.0,win_dealer_bust,1.0
3604,37,Basic,3605,1,0,False,False,10 3,10 3,2,2 4 5 K,13,21,stand,1.0,loss,-1.0
3605,37,Basic,3606,1,0,False,False,8 A,8 A,A,A 2 J A 6,19,20,stand,1.0,loss,-1.0
3606,37,Basic,3607,1,0,False,False,5 6,5 6 10,K,K 7,21,17,double,2.0,win,2.0
3607,37,Basic,3608,1,0,False,False,A 6,A 6 3,5,5 7 2 6,20,20,double,2.0,push,0.0
3608,37,Basic,3609,1,0,False,False,8 J,8 J,6,6 8 A 3,18,18,stand,1.0,push,0.0
3609,37,Basic,3610,1,0,False,False,4 K,4 K Q,10,10 2,24,12,hit,1.0,loss_bust,-1.0
3610,37,Basic,3611,1,0,False,False,7 J,7 J,4,4 9 K,17,23,stand,1.0,win_dealer_bust,1.0
3611,37,Basic,3612,1,0,False,False,9 5,9 5 K,J,J 2,24,12,hit,1.0,loss_bust,-1.0
3612,37,Basic,3613,1,0,False,False,2 A,2 A A 5,Q,Q Q,19,20,hit > hit > stand,1.0,loss,-1.0
3613,37,Basic,3614,1,0,False,False,J 6,J 6,6,6 4 3 5,16,18,stand,1.0,loss,-1.0
3614,37,Basic,3615,1,0,False,False,6 Q,6 Q,5,5 Q 10,16,25,stand,1.0,win_dealer_bust,1.0
3615,37,Basic,3616,1,0,False,False,9 8,9 8,7,7 Q,17,17,stand,1.0,push,0.0
3616,37,Basic,3617,1,0,False,False,8 A,8 A,K,K A,19,21,blackjack_check,1.0,dealer_blackjack,-1.0
3617,37,Basic,3618,1,0,False,False,Q 2,Q 2 2 J,J,J 3,24,13,hit > hit,1.0,loss_bust,-1.0
3618,37,Basic,3619,1,0,False,False,6 J,6 J 3,7,7 6 8,19,21,hit > stand,1.0,loss,-1.0
3619,37,Basic,3620,1,0,False,False,4 9,4 9 2 Q,K,K 2,25,12,hit > hit,1.0,loss_bust,-1.0
3620,37,Basic,3621,1,0,False,False,5 3,5 3 10,4,4 4 8 J,18,26,hit > stand,1.0,win_dealer_bust,1.0
3621,37,Basic,3622,1,0,False,False,Q 5,Q 5 6,Q,Q 2 8,21,20,hit,1.0,win,1.0
3622,37,Basic,3623,1,0,False,False,4 2,4 2 6 A 8,K,K K,21,20,hit > hit > hit,1.0,win,1.0
3623,37,Basic,3624,1,0,False,False,9 J,9 J,5,5 7 9,19,21,stand,1.0,loss,-1.0
3624,37,Basic,3625,1,0,False,False,Q Q,Q Q,10,10 4 K,20,24,stand,1.0,win_dealer_bust,1.0
3625,37,Basic,3626,1,1,True,False,7 9,7 9,2,2 6 7 K,16,25,stand,1.0,win_dealer_bust,1.0
3625,37,Basic,3626,2,1,True,False,7 3,7 3 10,2,2 6 7 K,20,25,double,2.0,win_dealer_bust,2.0
3626,37,Basic,3627,1,0,False,False,5 10,5 10,6,6 7 2 K,15,25,stand,1.0,win_dealer_bust,1.0
3627,37,Basic,3628,1,0,False,False,A 4,A 4 J 3,9,9 6 8,18,23,hit > hit > stand,1.0,win_dealer_bust,1.0
3628,37,Basic,3629,1,0,False,False,K 3,K 3 3 9,10,10 9,25,19,hit > hit,1.0,loss_bust,-1.0
3629,37,Basic,3630,1,0,False,False,6 10,6 10 7,10,10 J,23,20,hit,1.0,loss_bust,-1.0
3630,37,Basic,3631,1,0,False,False,K 9,K 9,10,10 2 4 A,19,17,stand,1.0,win,1.0
3631,37,Basic,3632,1,0,False,False,K A,K A,J,J J,21,20,blackjack_check,1.0,player_blackjack,1.5
3632,37,Basic,3633,1,0,False,False,9 10,9 10,K,K 7,19,17,stand,1.0,win,1.0
3633,37,Basic,3634,1,0,False,False,10 3,10 3 K,Q,Q 6,23,16,hit,1.0,loss_bust,-1.0
3634,37,Basic,3635,1,0,False,False,A 2,A 2 Q J,K,K 7,23,17,hit > hit,1.0,loss_bust,-1.0
3635,37,Basic,3636,1,0,False,False,Q K,Q K,10,10 8,20,18,stand,1.0,win,1.0
3636,37,Basic,3637,1,0,False,False,3 9,3 9 Q,Q,Q J,22,20,hit,1.0,loss_bust,-1.0
3637,37,Basic,3638,1,0,False,False,4 2,4 2 8 5,8,8 K,19,18,hit > hit > stand,1.0,win,1.0
3638,37,Basic,3639,1,0,False,False,K 9,K 9,2,2 6 9,19,17,stand,1.0,win,1.0
3639,37,Basic,3640,1,0,False,False,A 4,A 4 K,3,3 10 8,15,21,hit > stand,1.0,loss,-1.0
3640,37,Basic,3641,1,0,False,False,A 9,A 9,2,2 K 8,20,20,stand,1.0,push,0.0
3641,37,Basic,3642,1,0,False,False,5 3,5 3 J,J,J Q,18,20,hit > stand,1.0,loss,-1.0
3642,37,Basic,3643,1,0,False,False,2 9,2 9,Q,Q A,11,21,blackjack_check,1.0,dealer_blackjack,-1.0
3643,37,Basic,3644,1,0,False,False,K A,K A,5,5 4,21,9,blackjack_check,1.0,player_blackjack,1.5
3644,37,Basic,3645,1,0,False,False,J 9,J 9,3,3 9 3 6,19,21,stand,1.0,loss,-1.0
3645,37,Basic,3646,1,0,False,False,8 4,8 4 J,2,2 9,22,11,hit,1.0,loss_bust,-1.0
3646,37,Basic,3647,1,1,True,True,A 3,A 3,7,7 5 3 2,14,17,stand_after_split_aces,1.0,loss,-1.0
3646,37,Basic,3647,2,1,True,True,A 3,A 3,7,7 5 3 2,14,17,stand_after_split_aces,1.0,loss,-1.0
3647,37,Basic,3648,1,0,False,False,6 2,6 2 Q,7,7 10,18,17,hit > stand,1.0,win,1.0
3648,37,Basic,3649,1,0,False,False,Q 3,Q 3 3 A,7,7 J,17,17,hit > hit > stand,1.0,push,0.0
3649,37,Basic,3650,1,0,False,False,10 10,10 10,K,K 4 K,20,24,stand,1.0,win_dealer_bust,1.0
3650,37,Basic,3651,1,0,False,False,4 9,4 9 J,7,7 3,23,10,hit,1.0,loss_bust,-1.0
3651,37,Basic,3652,1,0,False,False,K 2,K 2 Q,3,3 J,22,13,hit,1.0,loss_bust,-1.0
3652,37,Basic,3653,1,0,False,False,J 8,J 8,2,2 J 7,18,19,stand,1.0,loss,-1.0
3653,37,Basic,3654,1,0,False,False,2 3,2 3 3 7,2,2 J A A A 5,15,20,hit > hit > stand,1.0,loss,-1.0
3654,37,Basic,3655,1,0,False,False,8 10,8 10,5,5 5 8,18,18,stand,1.0,push,0.0
3655,37,Basic,3656,1,0,False,False,2 Q,2 Q 6,10,10 2 3 8,18,23,hit > stand,1.0,win_dealer_bust,1.0
3656,37,Basic,3657,1,0,False,False,5 J,5 J,3,3 8 10,15,21,stand,1.0,loss,-1.0
3657,37,Basic,3658,1,0,False,False,J 10,J 10,5,5 2 10,20,17,stand,1.0,win,1.0
3658,37,Basic,3659,1,0,False,False,K 8,K 8,6,6 8 9,18,23,stand,1.0,win_dealer_bust,1.0
3659,37,Basic,3660,1,0,False,False,Q 5,Q 5,K,K A,15,21,blackjack_check,1.0,dealer_blackjack,-1.0
3660,37,Basic,3661,1,0,False,False,8 7,8 7 9,K,K J,24,20,hit,1.0,loss_bust,-1.0
3661,37,Basic,3662,1,0,False,False,J 4,J 4,4,4 8 K,14,22,stand,1.0,win_dealer_bust,1.0
3662,37,Basic,3663,1,0,False,False,8 9,8 9,5,5 8 Q,17,23,stand,1.0,win_dealer_bust,1.0
3663,37,Basic,3664,1,0,False,False,8 4,8 4 8,8,8 8 K,20,26,hit > stand,1.0,win_dealer_bust,1.0
3664,37,Basic,3665,1,0,False,False,3 2,3 2 A 4,A,A 7,20,18,hit > hit > stand,1.0,win,1.0
3665,37,Basic,3666,1,0,False,False,3 8,3 8 7,J,J Q,18,20,double,2.0,loss,-2.0
3666,37,Basic,3667,1,0,False,False,4 5,4 5 A,2,2 8 K,20,20,hit > stand,1.0,push,0.0
3667,37,Basic,3668,1,0,False,False,A 4,A 4 9 7,K,K 2 3 8,21,23,hit > hit,1.0,win_dealer_bust,1.0
3668,37,Basic,3669,1,0,False,False,K 8,K 8,4,4 3 8 9,18,24,stand,1.0,win_dealer_bust,1.0
3669,37,Basic,3670,1,0,False,False,5 3,5 3 6 2 10,9,9 K,26,19,hit > hit > hit,1.0,loss_bust,-1.0
3670,37,Basic,3671,1,0,False,False,A 5,A 5 5,K,K 2 J,21,22,hit,1.0,win_dealer_bust,1.0
3671,37,Basic,3672,1,0,False,False,10 4,10 4,3,3 8 4 4,14,19,stand,1.0,loss,-1.0
3672,37,Basic,3673,1,0,False,False,J 5,J 5,5,5 8 9,15,22,stand,1.0,win_dealer_bust,1.0
3673,37,Basic,3674,1,0,False,False,2 7,2 7 10,5,5 7 3 A 3,19,19,double,2.0,push,0.0
3674,37,Basic,3675,1,0,False,False,2 7,2 7 J,6,6 A,19,17,double,2.0,win,2.0
3675,37,Basic,3676,1,0,False,False,9 8,9 8,7,7 4 10,17,21,stand,1.0,loss,-1.0
3676,37,Basic,3677,1,0,False,False,8 Q,8 Q,2,2 A K 10,18,23,stand,1.0,win_dealer_bust,1.0
3677,37,Basic,3678,1,0,False,False,10 J,10 J,6,6 3 9,20,18,stand,1.0,win,1.0
3678,37,Basic,3679,1,0,False,False,10 4,10 4,6,6 8 10,14,24,stand,1.0,win_dealer_bust,1.0
3679,37,Basic,3680,1,0,False,False,4 J,4 J,3,3 8 J,14,21,stand,1.0,loss,-1.0
3680,37,Basic,3681,1,0,False,False,8 9,8 9,9,9 J,17,19,stand,1.0,loss,-1.0
3681,37,Basic,3682,1,0,False,False,3 2,3 2 7,6,6 J 8,12,24,hit > stand,1.0,win_dealer_bust,1.0
3682,37,Basic,3683,1,0,False,False,2 Q,2 Q 7,J,J 8,19,18,hit > stand,1.0,win,1.0
3683,37,Basic,3684,1,0,False,False,2 10,2 10,4,4 K 6,12,20,stand,1.0,loss,-1.0
3684,37,Basic,3685,1,0,False,False,2 A,2 A Q J,10,10 J,23,20,hit > hit,1.0,loss_bust,-1.0
3685,37,Basic,3686,1,0,False,False,3 4,3 4 9 9,7,7 6,25,13,hit > hit,1.0,loss_bust,-1.0
3686,37,Basic,3687,1,0,False,False,Q 10,Q 10,10,10 A,20,21,blackjack_check,1.0,dealer_blackjack,-1.0
3687,37,Basic,3688,1,0,False,False,4 9,4 9 10,J,J 5,23,15,hit,1.0,loss_bust,-1.0
3688,37,Basic,3689,1,0,False,False,3 K,3 K 5,7,7 10,18,17,hit > stand,1.0,win,1.0
3689,37,Basic,3690,1,0,False,False,7 9,7 9,2,2 4 K A,16,17,stand,1.0,loss,-1.0
3690,37,Basic,3691,1,0,False,False,10 5,10 5 4,10,10 2 2 K,19,24,hit > stand,1.0,win_dealer_bust,1.0
3691,37,Basic,3692,1,0,False,False,7 3,7 3 Q,4,4 J 4,20,18,double,2.0,win,2.0
3692,37,Basic,3693,1,0,False,False,2 Q,2 Q,5,5 2 A,12,18,stand,1.0,loss,-1.0
3693,37,Basic,3694,1,0,False,False,7 6,7 6,6,6 2 10,13,18,stand,1.0,loss,-1.0
3694,37,Basic,3695,1,0,False,False,J 6,J 6 10,8,8 9,26,17,hit,1.0,loss_bust,-1.0
3695,37,Basic,3696,1,0,False,False,A 6,A 6 A,4,4 Q 4,18,18,double,2.0,push,0.0
3696,37,Basic,3697,1,0,False,False,7 10,7 10,9,9 A,17,20,stand,1.0,loss,-1.0
3697,37,Basic,3698,1,0,False,False,5 K,5 K 2,A,A 9,17,20,hit > stand,1.0,loss,-1.0
3698,37,Basic,3699,1,0,False,False,3 9,3 9 10,9,9 5,22,14,hit,1.0,loss_bust,-1.0
3699,37,Basic,3700,1,0,False,False,Q 10,Q 10,A,A 5 Q 3,20,19,stand,1.0,win,1.0
3700,37,Basic,3701,1,0,False,False,6 2,6 2 2 7,K,K 7,17,17,hit > hit > stand,1.0,push,0.0
3701,38,Simplified,3702,1,0,False,False,Q 7,Q 7,3,3 Q K,17,23,stand,1.0,win_dealer_bust,1.0
3702,38,Simplified,3703,1,0,False,False,A J,A J,3,3 5,21,8,blackjack_check,1.0,player_blackjack,1.5
3703,38,Simplified,3704,1,0,False,False,Q 7,Q 7,9,9 10,17,19,stand,1.0,loss,-1.0
3704,38,Simplified,3705,1,0,False,False,K 5,K 5,2,2 7 4 8,15,21,stand,1.0,loss,-1.0
3705,38,Simplified,3706,1,0,False,False,3 7,3 7 2,8,8 5 8,12,21,hit > stand,1.0,loss,-1.0
3706,38,Simplified,3707,1,0,False,False,5 10,5 10,8,8 6 4,15,18,stand,1.0,loss,-1.0
3707,38,Simplified,3708,1,0,False,False,7 J,7 J,10,10 6 Q,17,26,stand,1.0,win_dealer_bust,1.0
3708,38,Simplified,3709,1,0,False,False,5 4,5 4 Q,5,5 4 5 K,19,24,hit > stand,1.0,win_dealer_bust,1.0
3709,38,Simplified,3710,1,0,False,False,A K,A K,3,3 6,21,9,blackjack_check,1.0,player_blackjack,1.5
3710,38,Simplified,3711,1,0,False,False,Q 5,Q 5,10,10 2 4 4,15,20,stand,1.0,loss,-1.0
3711,38,Simplified,3712,1,0,False,False,K 4,K 4,9,9 8,14,17,stand,1.0,loss,-1.0
3712,38,Simplified,3713,1,0,False,False,7 4,7 4 J,9,9 6 5,21,20,hit,1.0,win,1.0
3713,38,Simplified,3714,1,0,False,False,2 3,2 3 3 J,Q,Q 10,18,20,hit > hit > stand,1.0,loss,-1.0
3714,38,Simplified,3715,1,0,False,False,2 7,2 7 J,7,7 10,19,17,hit > stand,1.0,win,1.0
3715,38,Simplified,3716,1,0,False,False,10 J,10 J,2,2 3 Q 4,20,19,stand,1.0,win,1.0
3716,38,Simplified,3717,1,0,False,False,9 9,9 9,5,5 7 J,18,22,stand,1.0,win_dealer_bust,1.0
3717,38,Simplified,3718,1,0,False,False,6 4,6 4 Q,9,9 K,20,19,hit > stand,1.0,win,1.0
3718,38,Simplified,3719,1,0,False,False,8 J,8 J,3,3 10 8,18,21,stand,1.0,loss,-1.0
3719,38,Simplified,3720,1,0,False,False,2 2,2 2 J,9,9 6 K,14,25,hit > stand,1.0,win_dealer_bust,1.0
3720,38,Simplified,3721,1,0,False,False,J 2,J 2,A,A 3 A 3,12,18,stand,1.0,loss,-1.0
3721,38,Simplified,3722,1,0,False,False,2 3,2 3 4 A,5,5 10 9,20,24,hit > hit > stand,1.0,win_dealer_bust,1.0
3722,38,Simplified,3723,1,0,False,False,2 K,2 K,5,5 9 9,12,23,stand,1.0,win_dealer_bust,1.0
3723,38,Simplified,3724,1,0,False,False,A 3,A 3 7,Q,Q Q,21,20,hit,1.0,win,1.0
3724,38,Simplified,3725,1,0,False,False,8 9,8 9,A,A 3 9 2 2,17,17,stand,1.0,push,0.0
3725,38,Simplified,3726,1,0,False,False,3 A,3 A 10,2,2 8 K,14,20,hit > stand,1.0,loss,-1.0
3726,38,Simplified,3727,1,0,False,False,8 7,8 7,3,3 5 Q,15,18,stand,1.0,loss,-1.0
3727,38,Simplified,3728,1,0,False,False,10 3,10 3,7,7 A,13,18,stand,1.0,loss,-1.0
3728,38,Simplified,3729,1,0,False,False,3 10,3 10,3,3 J 9,13,22,stand,1.0,win_dealer_bust,1.0
3729,38,Simplified,3730,1,0,False,False,8 3,8 3 7,3,3 4 A,18,18,hit > stand,1.0,push,0.0
3730,38,Simplified,3731,1,0,False,False,3 Q,3 Q,7,7 9 7,13,23,stand,1.0,win_dealer_bust,1.0
3731,38,Simplified,3732,1,0,False,False,4 5,4 5 10,A,A 6,19,17,hit > stand,1.0,win,1.0
3732,38,Simplified,3733,1,0,False,False,10 4,10 4,10,10 J,14,20,stand,1.0,loss,-1.0
3733,38,Simplified,3734,1,0,False,False,K A,K A,A,A 8,21,19,blackjack_check,1.0,player_blackjack,1.5
3734,38,Simplified,3735,1,0,False,False,Q K,Q K,6,6 5 7,20,18,stand,1.0,win,1.0
3735,38,Simplified,3736,1,0,False,False,J K,J K,5,5 2 3 J,20,20,stand,1.0,push,0.0
3736,38,Simplified,3737,1,0,False,False,2 7,2 7 A,8,8 9,20,17,hit > stand,1.0,win,1.0
3737,38,Simplified,3738,1,0,False,False,9 2,9 2 9,7,7 6 J,20,23,hit > stand,1.0,win_dealer_bust,1.0
3738,38,Simplified,3739,1,0,False,False,9 5,9 5,9,9 5 2 4,14,20,stand,1.0,loss,-1.0
3739,38,Simplified,3740,1,0,False,False,9 6,9 6,9,9 10,15,19,stand,1.0,loss,-1.0
3740,38,Simplified,3741,1,0,False,False,K 6,K 6,3,3 J 2 2,16,17,stand,1.0,loss,-1.0
3741,38,Simplified,3742,1,0,False,False,5 Q,5 Q,9,9 4 Q,15,23,stand,1.0,win_dealer_bust,1.0
3742,38,Simplified,3743,1,0,False,False,J 9,J 9,7,7 2 3 J,19,22,stand,1.0,win_dealer_bust,1.0
3743,38,Simplified,3744,1,0,False,False,6 10,6 10,3,3 10 2 7,16,22,stand,1.0,win_dealer_bust,1.0
3744,38,Simplified,3745,1,0,False,False,8 3,8 3 10,6,6 6 3 K,21,25,hit,1.0,win_dealer_bust,1.0
3745,38,Simplified,3746,1,0,False,False,10 8,10 8,7,7 7 Q,18,24,stand,1.0,win_dealer_bust,1.0
3746,38,Simplified,3747,1,0,False,False,A 10,A 10,2,2 3,21,5,blackjack_check,1.0,player_blackjack,1.5
3747,38,Simplified,3748,1,0,False,False,8 Q,8 Q,A,A 10,18,21,blackjack_check,1.0,dealer_blackjack,-1.0
3748,38,Simplified,3749,1,0,False,False,6 A,6 A 10,2,2 2 9 10,17,23,hit > stand,1.0,win_dealer_bust,1.0
3749,38,Simplified,3750,1,0,False,False,8 7,8 7,Q,Q A,15,21,blackjack_check,1.0,dealer_blackjack,-1.0
3750,38,Simplified,3751,1,0,False,False,2 8,2 8 7,6,6 4 8,17,18,hit > stand,1.0,loss,-1.0
3751,38,Simplified,3752,1,0,False,False,Q 6,Q 6,2,2 3 9 10,16,24,stand,1.0,win_dealer_bust,1.0
3752,38,Simplified,3753,1,0,False,False,6 A,6 A 7,2,2 J 10,14,22,hit > stand,1.0,win_dealer_bust,1.0
3753,38,Simplified,3754,1,0,False,False,K A,K A,6,6 A,21,17,blackjack_check,1.0,player_blackjack,1.5
3754,38,Simplified,3755,1,0,False,False,2 8,2 8 K,3,3 3 5 2 2 Q,20,25,hit > stand,1.0,win_dealer_bust,1.0
3755,38,Simplified,3756,1,0,False,False,6 7,6 7,5,5 9 10,13,24,stand,1.0,win_dealer_bust,1.0
3756,38,Simplified,3757,1,0,False,False,6 Q,6 Q,5,5 9 4,16,18,stand,1.0,loss,-1.0
3757,38,Simplified,3758,1,0,False,False,4 9,4 9,10,10 9,13,19,stand,1.0,loss,-1.0
3758,38,Simplified,3759,1,0,False,False,7 Q,7 Q,5,5 Q 7,17,22,stand,1.0,win_dealer_bust,1.0
3759,38,Simplified,3760,1,0,False,False,4 J,4 J,A,A 4 3,14,18,stand,1.0,loss,-1.0
3760,38,Simplified,3761,1,0,False,False,K 7,K 7,2,2 9 9,17,20,stand,1.0,loss,-1.0
3761,38,Simplified,3762,1,0,False,False,A 9,A 9,2,2 10 9,20,21,stand,1.0,loss,-1.0
3762,38,Simplified,3763,1,0,False,False,5 6,5 6 5,4,4 9 4,16,17,hit > stand,1.0,loss,-1.0
3763,38,Simplified,3764,1,0,False,False,5 10,5 10,J,J 4 Q,15,24,stand,1.0,win_dealer_bust,1.0
3764,38,Simplified,3765,1,0,False,False,6 2,6 2 2 3,7,7 J,13,17,hit > hit > stand,1.0,loss,-1.0
3765,38,Simplified,3766,1,0,False,False,K Q,K Q,Q,Q K,20,20,stand,1.0,push,0.0
3766,38,Simplified,3767,1,0,False,False,9 5,9 5,Q,Q Q,14,20,stand,1.0,loss,-1.0
3767,38,Simplified,3768,1,0,False,False,Q A,Q A,3,3 8,21,11,blackjack_check,1.0,player_blackjack,1.5
3768,38,Simplified,3769,1,0,False,False,7 J,7 J,K,K 5 5,17,20,stand,1.0,loss,-1.0
3769,38,Simplified,3770,1,0,False,False,Q 10,Q 10,Q,Q 4 A 8,20,23,stand,1.0,win_dealer_bust,1.0
3770,38,Simplified,3771,1,0,False,False,2 8,2 8 9,K,K 3 10,19,23,hit > stand,1.0,win_dealer_bust,1.0
3771,38,Simplified,3772,1,0,False,False,10 3,10 3,A,A J,13,21,blackjack_check,1.0,dealer_blackjack,-1.0
3772,38,Simplified,3773,1,0,False,False,8 7,8 7,A,A 5 4,15,20,stand,1.0,loss,-1.0
3773,38,Simplified,3774,1,0,False,False,8 K,8 K,5,5 Q 8,18,23,stand,1.0,win_dealer_bust,1.0
3774,38,Simplified,3775,1,0,False,False,8 2,8 2 2,4,4 8 K,12,22,hit > stand,1.0,win_dealer_bust,1.0
3775,38,Simplified,3776,1,0,False,False,Q 5,Q 5,7,7 K,15,17,stand,1.0,loss,-1.0
3776,38,Simplified,3777,1,0,False,False,7 A,7 A,9,9 Q,18,19,stand,1.0,loss,-1.0
3777,38,Simplified,3778,1,0,False,False,4 J,4 J,9,9 10,14,19,stand,1.0,loss,-1.0
3778,38,Simplified,3779,1,0,False,False,10 8,10 8,2,2 K 5,18,17,stand,1.0,win,1.0
3779,38,Simplified,3780,1,0,False,False,2 7,2 7 6,J,J K,15,20,hit > stand,1.0,loss,-1.0
3780,38,Simplified,3781,1,0,False,False,2 A,2 A 5,K,K Q,18,20,hit > stand,1.0,loss,-1.0
3781,38,Simplified,3782,1,0,False,False,J A,J A,2,2 3,21,5,blackjack_check,1.0,player_blackjack,1.5
3782,38,Simplified,3783,1,0,False,False,8 J,8 J,9,9 8,18,17,stand,1.0,win,1.0
3783,38,Simplified,3784,1,0,False,False,3 10,3 10,4,4 6 Q,13,20,stand,1.0,loss,-1.0
3784,38,Simplified,3785,1,0,False,False,4 9,4 9,J,J 3 8,13,21,stand,1.0,loss,-1.0
3785,38,Simplified,3786,1,0,False,False,5 2,5 2 K,K,K 5 4,17,19,hit > stand,1.0,loss,-1.0
3786,38,Simplified,3787,1,0,False,False,Q 10,Q 10,4,4 9 5,20,18,stand,1.0,win,1.0
3787,38,Simplified,3788,1,0,False,False,5 4,5 4 K,5,5 K K,19,25,hit > stand,1.0,win_dealer_bust,1.0
3788,38,Simplified,3789,1,0,False,False,3 5,3 5 9,5,5 2 8 9,17,24,hit > stand,1.0,win_dealer_bust,1.0
3789,38,Simplified,3790,1,0,False,False,3 2,3 2 3 4,K,K 2 4 A,12,17,hit > hit > stand,1.0,loss,-1.0
3790,38,Simplified,3791,1,0,False,False,7 4,7 4 2,8,8 5 9,13,22,hit > stand,1.0,win_dealer_bust,1.0
3791,38,Simplified,3792,1,0,False,False,2 Q,2 Q,A,A 3 9 10,12,23,stand,1.0,win_dealer_bust,1.0
3792,38,Simplified,3793,1,0,False,False,10 3,10 3,2,2 4 4 3 9,13,22,stand,1.0,win_dealer_bust,1.0
3793,38,Simplified,3794,1,0,False,False,2 8,2 8 9,9,9 Q,19,19,hit > stand,1.0,push,0.0
3794,38,Simplified,3795,1,0,False,False,7 6,7 6,2,2 A K 2 8,13,23,stand,1.0,win_dealer_bust,1.0
3795,38,Simplified,3796,1,0,False,False,5 2,5 2 5,Q,Q 8,12,18,hit > stand,1.0,loss,-1.0
3796,38,Simplified,3797,1,0,False,False,9 9,9 9,J,J 5 Q,18,25,stand,1.0,win_dealer_bust,1.0
3797,38,Simplified,3798,1,0,False,False,3 J,3 J,10,10 8,13,18,stand,1.0,loss,-1.0
3798,38,Simplified,3799,1,0,False,False,K 4,K 4,3,3 7 5 7,14,22,stand,1.0,win_dealer_bust,1.0
3799,38,Simplified,3800,1,0,False,False,6 9,6 9,K,K 10,15,20,stand,1.0,loss,-1.0
3800,38,Simplified,3801,1,0,False,False,A J,A J,J,J 5,21,15,blackjack_check,1.0,player_blackjack,1.5
3801,39,Basic,3802,1,0,False,False,2 6,2 6 J,A,A 6,18,17,hit > stand,1.0,win,1.0
3802,39,Basic,3803,1,0,False,False,A 5,A 5 2 9,J,J 8,17,18,hit > hit > stand,1.0,loss,-1.0
3803,39,Basic,3804,1,0,False,False,K 5,K 5,2,2 3 2 J,15,17,stand,1.0,loss,-1.0
3804,39,Basic,3805,1,0,False,False,J Q,J Q,J,J Q,20,20,stand,1.0,push,0.0
3805,39,Basic,3806,1,0,False,False,2 Q,2 Q J,J,J 9,22,19,hit,1.0,loss_bust,-1.0
3806,39,Basic,3807,1,0,False,False,8 6,8 6,5,5 3 10,14,18,stand,1.0,loss,-1.0
3807,39,Basic,3808,1,0,False,False,4 2,4 2 2 8,2,2 Q K,16,22,hit > hit > stand,1.0,win_dealer_bust,1.0
3808,39,Basic,3809,1,0,False,False,7 A,7 A Q,K,K 9,18,19,hit > stand,1.0,loss,-1.0
3809,39,Basic,3810,1,0,False,False,7 9,7 9,6,6 10 10,16,26,stand,1.0,win_dealer_bust,1.0
3810,39,Basic,3811,1,0,False,False,7 K,7 K,K,K 10,17,20,stand,1.0,loss,-1.0
3811,39,Basic,3812,1,0,False,False,Q 9,Q 9,6,6 J 10,19,26,stand,1.0,win_dealer_bust,1.0
3812,39,Basic,3813,1,0,False,False,6 A,6 A J,6,6 3 A,17,20,double,2.0,loss,-2.0
3813,39,Basic,3814,1,0,False,False,J K,J K,8,8 3 7,20,18,stand,1.0,win,1.0
3814,39,Basic,3815,1,0,False,False,K 3,K 3 5,A,A 3 2 9 5,18,20,hit > stand,1.0,loss,-1.0
3815,39,Basic,3816,1,0,False,False,2 K,2 K,6,6 Q 3,12,19,stand,1.0,loss,-1.0
3816,39,Basic,3817,1,0,False,False,2 Q,2 Q Q,9,9 K,22,19,hit,1.0,loss_bust,-1.0
3817,39,Basic,3818,1,0,False,False,6 9,6 9,4,4 3 7 3,15,17,stand,1.0,loss,-1.0
3818,39,Basic,3819,1,0,False,False,J 2,J 2,6,6 9 10,12,25,stand,1.0,win_dealer_bust,1.0
3819,39,Basic,3820,1,0,False,False,7 3,7 3 7,6,6 7 2 8,17,23,double,2.0,win_dealer_bust,2.0
3820,39,Basic,3821,1,0,False,False,J 4,J 4 6,8,8 9,20,17,hit > stand,1.0,win,1.0
3821,39,Basic,3822,1,0,False,False,6 6,6 6 7,10,10 3 8,19,21,hit > stand,1.0,loss,-1.0
3822,39,Basic,3823,1,0,False,False,9 2,9 2 5,K,K 4 J,16,24,double,2.0,win_dealer_bust,2.0
3823,39,Basic,3824,1,0,False,False,2 8,2 8 5,3,3 J 2 4,15,19,double,2.0,loss,-2.0
3824,39,Basic,3825,1,0,False,False,8 J,8 J,7,7 9 3,18,19,stand,1.0,loss,-1.0
3825,39,Basic,3826,1,0,False,False,3 5,3 5 4 Q,K,K J,22,20,hit > hit,1.0,loss_bust,-1.0
3826,39,Basic,3827,1,0,False,False,4 J,4 J J,Q,Q 6,24,16,hit,1.0,loss_bust,-1.0
3827,39,Basic,3828,1,0,False,False,4 Q,4 Q Q,Q,Q 8,24,18,hit,1.0,loss_bust,-1.0
3828,39,Basic,3829,1,0,False,False,4 Q,4 Q,A,A K,14,21,blackjack_check,1.0,dealer_blackjack,-1.0
3829,39,Basic,3830,1,0,False,False,4 Q,4 Q 8,J,J 8,22,18,hit,1.0,loss_bust,-1.0
3830,39,Basic,3831,1,0,False,False,6 A,6 A 9 8,8,8 4,24,12,hit > hit,1.0,loss_bust,-1.0
3831,39,Basic,3832,1,0,False,False,2 10,2 10 9,10,10 6 6,21,22,hit,1.0,win_dealer_bust,1.0
3832,39,Basic,3833,1,0,False,False,7 Q,7 Q,8,8 4 8,17,20,stand,1.0,loss,-1.0
3833,39,Basic,3834,1,0,False,False,3 7,3 7 10,7,7 J,20,17,double,2.0,win,2.0
3834,39,Basic,3835,1,0,False,False,2 J,2 J 9,A,A A 7,21,19,hit,1.0,win,1.0
3835,39,Basic,3836,1,0,False,False,J 2,J 2 7,3,3 8 4 6,19,21,hit > stand,1.0,loss,-1.0
3836,39,Basic,3837,1,0,False,False,Q A,Q A,9,9 10,21,19,blackjack_check,1.0,player_blackjack,1.5
3837,39,Basic,3838,1,0,False,False,8 J,8 J,10,10 3 5,18,18,stand,1.0,push,0.0
3838,39,Basic,3839,1,0,False,False,10 J,10 J,10,10 4 3,20,17,stand,1.0,win,1.0
3839,39,Basic,3840,1,0,False,False,2 6,2 6 A,6,6 Q 3,19,19,hit > stand,1.0,push,0.0
3840,39,Basic,3841,1,0,False,False,2 7,2 7 K,9,9 8,19,17,hit > stand,1.0,win,1.0
3841,39,Basic,3842,1,1,True,True,A 10,A 10,2,2 K 2 10,21,24,stand_after_split_aces,1.0,win_dealer_bust,1.0
3841,39,Basic,3842,2,1,True,True,A 8,A 8,2,2 K 2 10,19,24,stand_after_split_aces,1.0,win_dealer_bust,1.0
3842,39,Basic,3843,1,0,False,False,8 2,8 2 Q,Q,Q 10,20,20,hit > stand,1.0,push,0.0
3843,39,Basic,3844,1,0,False,False,4 3,4 3 5 7,8,8 3 A K,19,22,hit > hit > stand,1.0,win_dealer_bust,1.0
3844,39,Basic,3845,1,0,False,False,8 6,8 6 J,Q,Q 6,24,16,hit,1.0,loss_bust,-1.0
3845,39,Basic,3846,1,0,False,False,9 3,9 3 2 K,A,A 6,24,17,hit > hit,1.0,loss_bust,-1.0
3846,39,Basic,3847,1,0,False,False,8 6,8 6,2,2 Q J,14,22,stand,1.0,win_dealer_bust,1.0
3847,39,Basic,3848,1,0,False,False,10 6,10 6,A,A K,16,21,blackjack_check,1.0,dealer_blackjack,-1.0
3848,39,Basic,3849,1,0,False,False,3 2,3 2 4 K,6,6 A,19,17,hit > hit > stand,1.0,win,1.0
3849,39,Basic,3850,1,0,False,False,A J,A J,8,8 2,21,10,blackjack_check,1.0,player_blackjack,1.5
3850,39,Basic,3851,1,0,False,False,K 4,K 4,4,4 J 6,14,20,stand,1.0,loss,-1.0
3851,39,Basic,3852,1,0,False,False,10 Q,10 Q,Q,Q 3 4,20,17,stand,1.0,win,1.0
3852,39,Basic,3853,1,0,False,False,5 8,5 8 K,J,J 7,23,17,hit,1.0,loss_bust,-1.0
3853,39,Basic,3854,1,0,False,False,7 5,7 5 3,3,3 2 Q 9,15,24,hit > stand,1.0,win_dealer_bust,1.0
3854,39,Basic,3855,1,0,False,False,4 10,4 10 2 9,7,7 8,25,15,hit > hit,1.0,loss_bust,-1.0
3855,39,Basic,3856,1,0,False,False,3 J,3 J 6,9,9 J,19,19,hit > stand,1.0,push,0.0
3856,39,Basic,3857,1,0,False,False,K 8,K 8,3,3 10 10,18,23,stand,1.0,win_dealer_bust,1.0
3857,39,Basic,3858,1,1,True,False,8 9,8 9,6,6 9 10,17,25,stand,1.0,win_dealer_bust,1.0
3857,39,Basic,3858,2,1,True,False,8 3,8 3 6,6,6 9 10,17,25,double,2.0,win_dealer_bust,2.0
3858,39,Basic,3859,1,0,False,False,6 7,6 7,4,4 J 7,13,21,stand,1.0,loss,-1.0
3859,39,Basic,3860,1,0,False,False,Q 4,Q 4,A,A 10,14,21,blackjack_check,1.0,dealer_blackjack,-1.0
3860,39,Basic,3861,1,0,False,False,A 4,A 4 8,4,4 5 Q,13,19,double,2.0,loss,-2.0
3861,39,Basic,3862,1,0,False,False,10 5,10 5,6,6 10 9,15,25,stand,1.0,win_dealer_bust,1.0
3862,39,Basic,3863,1,0,False,False,K 9,K 9,Q,Q 3 8,19,21,stand,1.0,loss,-1.0
3863,39,Basic,3864,1,0,False,False,7 8,7 8 A 4,10,10 2 10,20,22,hit > hit > stand,1.0,win_dealer_bust,1.0
3864,39,Basic,3865,1,0,False,False,3 5,3 5 4 2,3,3 4 5 4 10,14,26,hit > hit > stand,1.0,win_dealer_bust,1.0
3865,39,Basic,3866,1,0,False,False,8 4,8 4 J,3,3 10,22,13,hit,1.0,loss_bust,-1.0
3866,39,Basic,3867,1,0,False,False,3 A,3 A 2 3,3,3 2 4 Q,19,19,hit > hit > stand,1.0,push,0.0
3867,39,Basic,3868,1,0,False,False,3 5,3 5 K,3,3 K J,18,23,hit > stand,1.0,win_dealer_bust,1.0
3868,39,Basic,3869,1,0,False,False,3 K,3 K,2,2 7 6 A 3,13,19,stand,1.0,loss,-1.0
3869,39,Basic,3870,1,0,False,False,6 K,6 K,5,5 8 A 7,16,21,stand,1.0,loss,-1.0
3870,39,Basic,3871,1,0,False,False,8 5,8 5 A J,7,7 6,24,13,hit > hit,1.0,loss_bust,-1.0
3871,39,Basic,3872,1,0,False,False,Q 2,Q 2 J,10,10 5,22,15,hit,1.0,loss_bust,-1.0
3872,39,Basic,3873,1,0,False,False,9 J,9 J,8,8 9,19,17,stand,1.0,win,1.0
3873,39,Basic,3874,1,0,False,False,7 8,7 8,4,4 J 5,15,19,stand,1.0,loss,-1.0
3874,39,Basic,3875,1,0,False,False,6 10,6 10 3,K,K 10,19,20,hit > stand,1.0,loss,-1.0
3875,39,Basic,3876,1,0,False,False,4 10,4 10 7,7,7 6 K,21,23,hit,1.0,win_dealer_bust,1.0
3876,39,Basic,3877,1,0,False,False,9 6,9 6 10,K,K 5,25,15,hit,1.0,loss_bust,-1.0
3877,39,Basic,3878,1,0,False,False,Q J,Q J,7,7 6 3 K,20,26,stand,1.0,win_dealer_bust,1.0
3878,39,Basic,3879,1,0,False,False,5 10,5 10 J,A,A 8,25,19,hit,1.0,loss_bust,-1.0
3879,39,Basic,3880,1,0,False,False,2 A,2 A K A J,10,10 3,24,13,hit > hit > hit,1.0,loss_bust,-1.0
3880,39,Basic,3881,1,0,False,False,7 8,7 8,6,6 6 J,15,22,stand,1.0,win_dealer_bust,1.0
3881,39,Basic,3882,1,0,False,False,9 4,9 4 J,J,J 10,23,20,hit,1.0,loss_bust,-1.0
3882,39,Basic,3883,1,0,False,False,K 10,K 10,9,9 4 8,20,21,stand,1.0,loss,-1.0
3883,39,Basic,3884,1,0,False,False,3 10,3 10,4,4 6 Q,13,20,stand,1.0,loss,-1.0
3884,39,Basic,3885,1,0,False,False,K J,K J,A,A 10,20,21,blackjack_check,1.0,dealer_blackjack,-1.0
3885,39,Basic,3886,1,0,False,False,10 8,10 8,9,9 Q,18,19,stand,1.0,loss,-1.0
3886,39,Basic,3887,1,0,False,False,5 6,5 6 5,9,9 2 9,16,20,double,2.0,loss,-2.0
3887,39,Basic,3888,1,0,False,False,10 Q,10 Q,7,7 8 2,20,17,stand,1.0,win,1.0
3888,39,Basic,3889,1,0,False,False,10 8,10 8,7,7 J,18,17,stand,1.0,win,1.0
3889,39,Basic,3890,1,0,False,False,2 J,2 J J,J,J Q,22,20,hit,1.0,loss_bust,-1.0
3890,39,Basic,3891,1,0,False,False,A 5,A 5 2,7,7 J,18,17,hit > stand,1.0,win,1.0
3891,39,Basic,3892,1,0,False,False,9 J,9 J,7,7 5 10,19,22,stand,1.0,win_dealer_bust,1.0
3892,39,Basic,3893,1,0,False,False,K 4,K 4 7,7,7 4 9,21,20,hit,1.0,win,1.0
3893,39,Basic,3894,1,0,False,False,3 2,3 2 K 6,9,9 Q,21,19,hit > hit,1.0,win,1.0
3894,39,Basic,3895,1,0,False,False,K 7,K 7,7,7 A,17,18,stand,1.0,loss,-1.0
3895,39,Basic,3896,1,0,False,False,3 3,3 3 K 8,8,8 K,24,18,hit > hit,1.0,loss_bust,-1.0
3896,39,Basic,3897,1,0,False,False,7 3,7 3 3 9,10,10 K,22,20,hit > hit,1.0,loss_bust,-1.0
3897,39,Basic,3898,1,0,False,False,9 6,9 6,6,6 4 5 2,15,17,stand,1.0,loss,-1.0
3898,39,Basic,3899,1,0,False,False,10 7,10 7,A,A 8,17,19,stand,1.0,loss,-1.0
3899,39,Basic,3900,1,0,False,False,A 4,A 4 Q J,7,7 2,25,9,hit > hit,1.0,loss_bust,-1.0
3900,39,Basic,3901,1,0,False,False,J A,J A,8,8 2,21,10,blackjack_check,1.0,player_blackjack,1.5
3901,40,Simplified,3902,1,0,False,False,9 10,9 10,9,9 6 9,19,24,stand,1.0,win_dealer_bust,1.0
3902,40,Simplified,3903,1,0,False,False,7 Q,7 Q,9,9 6 3,17,18,stand,1.0,loss,-1.0
3903,40,Simplified,3904,1,0,False,False,Q 7,Q 7,3,3 5 10,17,18,stand,1.0,loss,-1.0
3904,40,Simplified,3905,1,0,False,False,2 6,2 6 9,4,4 2 7 J,17,23,hit > stand,1.0,win_dealer_bust,1.0
3905,40,Simplified,3906,1,0,False,False,6 10,6 10,2,2 2 7 6,16,17,stand,1.0,loss,-1.0
3906,40,Simplified,3907,1,0,False,False,A J,A J,6,6 J,21,16,blackjack_check,1.0,player_blackjack,1.5
3907,40,Simplified,3908,1,0,False,False,8 10,8 10,5,5 K 3,18,18,stand,1.0,push,0.0
3908,40,Simplified,3909,1,0,False,False,J 7,J 7,A,A 10,17,21,blackjack_check,1.0,dealer_blackjack,-1.0
3909,40,Simplified,3910,1,0,False,False,Q J,Q J,6,6 5 J,20,21,stand,1.0,loss,-1.0
3910,40,Simplified,3911,1,0,False,False,2 A,2 A 10,3,3 3 Q A,13,17,hit > stand,1.0,loss,-1.0
3911,40,Simplified,3912,1,0,False,False,6 Q,6 Q,J,J 9,16,19,stand,1.0,loss,-1.0
3912,40,Simplified,3913,1,0,False,False,2 A,2 A 3 8,10,10 6 7,14,23,hit > hit > stand,1.0,win_dealer_bust,1.0
3913,40,Simplified,3914,1,0,False,False,2 A,2 A K,Q,Q 8,13,18,hit > stand,1.0,loss,-1.0
3914,40,Simplified,3915,1,0,False,False,10 7,10 7,9,9 A,17,20,stand,1.0,loss,-1.0
3915,40,Simplified,3916,1,0,False,False,J A,J A,10,10 3,21,13,blackjack_check,1.0,player_blackjack,1.5
3916,40,Simplified,3917,1,0,False,False,7 4,7 4 8,Q,Q J,19,20,hit > stand,1.0,loss,-1.0
3917,40,Simplified,3918,1,0,False,False,Q 4,Q 4,4,4 3 10,14,17,stand,1.0,loss,-1.0
3918,40,Simplified,3919,1,0,False,False,3 4,3 4 K,A,A 4 4,17,19,hit > stand,1.0,loss,-1.0
3919,40,Simplified,3920,1,0,False,False,6 9,6 9,J,J 7,15,17,stand,1.0,loss,-1.0
3920,40,Simplified,3921,1,0,False,False,6 10,6 10,4,4 7 6,16,17,stand,1.0,loss,-1.0
3921,40,Simplified,3922,1,0,False,False,8 3,8 3 Q,3,3 9 K,21,22,hit,1.0,win_dealer_bust,1.0
3922,40,Simplified,3923,1,0,False,False,5 2,5 2 2 K,9,9 K,19,19,hit > hit > stand,1.0,push,0.0
3923,40,Simplified,3924,1,0,False,False,4 K,4 K,Q,Q J,14,20,stand,1.0,loss,-1.0
3924,40,Simplified,3925,1,0,False,False,7 J,7 J,3,3 J 8,17,21,stand,1.0,loss,-1.0
3925,40,Simplified,3926,1,0,False,False,9 3,9 3,4,4 5 8,12,17,stand,1.0,loss,-1.0
3926,40,Simplified,3927,1,0,False,False,Q Q,Q Q,8,8 5 6,20,19,stand,1.0,win,1.0
3927,40,Simplified,3928,1,0,False,False,3 3,3 3 7,Q,Q J,13,20,hit > stand,1.0,loss,-1.0
3928,40,Simplified,3929,1,0,False,False,9 2,9 2 7,3,3 J 8,18,21,hit > stand,1.0,loss,-1.0
3929,40,Simplified,3930,1,0,False,False,6 A,6 A,J,J A,17,21,blackjack_check,1.0,dealer_blackjack,-1.0
3930,40,Simplified,3931,1,0,False,False,8 A,8 A,4,4 2 9 Q,19,25,stand,1.0,win_dealer_bust,1.0
3931,40,Simplified,3932,1,0,False,False,9 Q,9 Q,J,J 6 7,19,23,stand,1.0,win_dealer_bust,1.0
3932,40,Simplified,3933,1,0,False,False,7 Q,7 Q,6,6 A,17,17,stand,1.0,push,0.0
3933,40,Simplified,3934,1,0,False,False,J 5,J 5,Q,Q 10,15,20,stand,1.0,loss,-1.0
3934,40,Simplified,3935,1,0,False,False,8 3,8 3 Q,9,9 Q,21,19,hit,1.0,win,1.0
3935,40,Simplified,3936,1,0,False,False,J 5,J 5,Q,Q 7,15,17,stand,1.0,loss,-1.0
3936,40,Simplified,3937,1,0,False,False,2 2,2 2 2 6,9,9 7 A,12,17,hit > hit > stand,1.0,loss,-1.0
3937,40,Simplified,3938,1,0,False,False,9 7,9 7,2,2 4 9 Q,16,25,stand,1.0,win_dealer_bust,1.0
3938,40,Simplified,3939,1,0,False,False,J 2,J 2,6,6 7 6,12,19,stand,1.0,loss,-1.0
3939,40,Simplified,3940,1,0,False,False,6 9,6 9,Q,Q J,15,20,stand,1.0,loss,-1.0
3940,40,Simplified,3941,1,0,False,False,2 7,2 7 6,3,3 K 2 6,15,21,hit > stand,1.0,loss,-1.0
3941,40,Simplified,3942,1,0,False,False,3 10,3 10,6,6 Q 6,13,22,stand,1.0,win_dealer_bust,1.0
3942,40,Simplified,3943,1,0,False,False,5 J,5 J,9,9 2 3 4,15,18,stand,1.0,loss,-1.0
3943,40,Simplified,3944,1,0,False,False,7 3,7 3 A,7,7 4 10,21,21,hit,1.0,push,0.0
3944,40,Simplified,3945,1,0,False,False,6 6,6 6,J,J A,12,21,blackjack_check,1.0,dealer_blackjack,-1.0
3945,40,Simplified,3946,1,0,False,False,4 7,4 7 A,9,9 10,12,19,hit > stand,1.0,loss,-1.0
3946,40,Simplified,3947,1,0,False,False,J 3,J 3,10,10 9,13,19,stand,1.0,loss,-1.0
3947,40,Simplified,3948,1,0,False,False,6 8,6 8,K,K 8,14,18,stand,1.0,loss,-1.0
3948,40,Simplified,3949,1,0,False,False,J J,J J,3,3 K 3 7,20,23,stand,1.0,win_dealer_bust,1.0
3949,40,Simplified,3950,1,0,False,False,6 10,6 10,6,6 A,16,17,stand,1.0,loss,-1.0
3950,40,Simplified,3951,1,0,False,False,Q 5,Q 5,9,9 10,15,19,stand,1.0,loss,-1.0
3951,40,Simplified,3952,1,0,False,False,7 6,7 6,10,10 10,13,20,stand,1.0,loss,-1.0
3952,40,Simplified,3953,1,0,False,False,J 7,J 7,10,10 8,17,18,stand,1.0,loss,-1.0
3953,40,Simplified,3954,1,0,False,False,5 2,5 2 2 Q,6,6 3 6 5,19,20,hit > hit > stand,1.0,loss,-1.0
3954,40,Simplified,3955,1,0,False,False,A 9,A 9,5,5 A 5,20,21,stand,1.0,loss,-1.0
3955,40,Simplified,3956,1,0,False,False,Q 9,Q 9,8,8 6 A 4,19,19,stand,1.0,push,0.0
3956,40,Simplified,3957,1,0,False,False,9 8,9 8,2,2 4 5 6,17,17,stand,1.0,push,0.0
3957,40,Simplified,3958,1,0,False,False,4 3,4 3 9,6,6 Q 6,16,22,hit > stand,1.0,win_dealer_bust,1.0
3958,40,Simplified,3959,1,0,False,False,10 2,10 2,A,A J,12,21,blackjack_check,1.0,dealer_blackjack,-1.0
3959,40,Simplified,3960,1,0,False,False,Q 5,Q 5,9,9 K,15,19,stand,1.0,loss,-1.0
3960,40,Simplified,3961,1,0,False,False,Q 9,Q 9,2,2 8 K,19,20,stand,1.0,loss,-1.0
3961,40,Simplified,3962,1,0,False,False,K K,K K,6,6 4 5 3,20,18,stand,1.0,win,1.0
3962,40,Simplified,3963,1,0,False,False,A 7,A 7,4,4 5 A,18,20,stand,1.0,loss,-1.0
3963,40,Simplified,3964,1,0,False,False,3 2,3 2 4 10,3,3 2 5 A,19,21,hit > hit > stand,1.0,loss,-1.0
3964,40,Simplified,3965,1,0,False,False,9 4,9 4,J,J 9,13,19,stand,1.0,loss,-1.0
3965,40,Simplified,3966,1,0,False,False,2 3,2 3 A 5,5,5 10 9,21,24,hit > hit,1.0,win_dealer_bust,1.0
3966,40,Simplified,3967,1,0,False,False,K 10,K 10,7,7 9 7,20,23,stand,1.0,win_dealer_bust,1.0
3967,40,Simplified,3968,1,0,False,False,Q 9,Q 9,K,K 5 4,19,19,stand,1.0,push,0.0
3968,40,Simplified,3969,1,0,False,False,4 A,4 A 7,6,6 10 5,12,21,hit > stand,1.0,loss,-1.0
3969,40,Simplified,3970,1,0,False,False,6 5,6 5 4,3,3 10 7,15,20,hit > stand,1.0,loss,-1.0
3970,40,Simplified,3971,1,0,False,False,7 J,7 J,10,10 8,17,18,stand,1.0,loss,-1.0
3971,40,Simplified,3972,1,0,False,False,J K,J K,10,10 6 3,20,19,stand,1.0,win,1.0
3972,40,Simplified,3973,1,0,False,False,7 10,7 10,A,A 3 9 Q,17,23,stand,1.0,win_dealer_bust,1.0
3973,40,Simplified,3974,1,0,False,False,K J,K J,Q,Q 10,20,20,stand,1.0,push,0.0
3974,40,Simplified,3975,1,0,False,False,5 10,5 10,9,9 4 5,15,18,stand,1.0,loss,-1.0
3975,40,Simplified,3976,1,0,False,False,Q 4,Q 4,K,K 6 9,14,25,stand,1.0,win_dealer_bust,1.0
3976,40,Simplified,3977,1,0,False,False,9 K,9 K,A,A 10,19,21,blackjack_check,1.0,dealer_blackjack,-1.0
3977,40,Simplified,3978,1,0,False,False,3 7,3 7 6,K,K 10,16,20,hit > stand,1.0,loss,-1.0
3978,40,Simplified,3979,1,0,False,False,5 4,5 4 6,2,2 3 9 J,15,24,hit > stand,1.0,win_dealer_bust,1.0
3979,40,Simplified,3980,1,0,False,False,J 6,J 6,5,5 5 9,16,19,stand,1.0,loss,-1.0
3980,40,Simplified,3981,1,0,False,False,7 9,7 9,6,6 6 A Q,16,23,stand,1.0,win_dealer_bust,1.0
3981,40,Simplified,3982,1,0,False,False,2 4,2 4 2 J,9,9 A,18,20,hit > hit > stand,1.0,loss,-1.0
3982,40,Simplified,3983,1,0,False,False,4 8,4 8,9,9 2 4 5,12,20,stand,1.0,loss,-1.0
3983,40,Simplified,3984,1,0,False,False,K 9,K 9,3,3 A 5,19,19,stand,1.0,push,0.0
3984,40,Simplified,3985,1,0,False,False,J 3,J 3,7,7 K,13,17,stand,1.0,loss,-1.0
3985,40,Simplified,3986,1,0,False,False,K 9,K 9,K,K 3 Q,19,23,stand,1.0,win_dealer_bust,1.0
3986,40,Simplified,3987,1,0,False,False,3 9,3 9,8,8 3 9,12,20,stand,1.0,loss,-1.0
3987,40,Simplified,3988,1,0,False,False,2 Q,2 Q,9,9 7 J,12,26,stand,1.0,win_dealer_bust,1.0
3988,40,Simplified,3989,1,0,False,False,7 8,7 8,10,10 2 9,15,21,stand,1.0,loss,-1.0
3989,40,Simplified,3990,1,0,False,False,10 5,10 5,A,A 9,15,20,stand,1.0,loss,-1.0
3990,40,Simplified,3991,1,0,False,False,9 J,9 J,10,10 3 3 9,19,25,stand,1.0,win_dealer_bust,1.0
3991,40,Simplified,3992,1,0,False,False,5 10,5 10,10,10 10,15,20,stand,1.0,loss,-1.0
3992,40,Simplified,3993,1,0,False,False,9 3,9 3,6,6 A,12,17,stand,1.0,loss,-1.0
3993,40,Simplified,3994,1,0,False,False,9 3,9 3,2,2 A 6,12,19,stand,1.0,loss,-1.0
3994,40,Simplified,3995,1,0,False,False,4 6,4 6 3,Q,Q 2 A 3 8,13,24,hit > stand,1.0,win_dealer_bust,1.0
3995,40,Simplified,3996,1,0,False,False,7 7,7 7,10,10 J,14,20,stand,1.0,loss,-1.0
3996,40,Simplified,3997,1,0,False,False,4 8,4 8,5,5 10 7,12,22,stand,1.0,win_dealer_bust,1.0
3997,40,Simplified,3998,1,0,False,False,Q 6,Q 6,4,4 6 10,16,20,stand,1.0,loss,-1.0
3998,40,Simplified,3999,1,0,False,False,10 9,10 9,5,5 8 K,19,23,stand,1.0,win_dealer_bust,1.0
3999,40,Simplified,4000,1,0,False,False,7 5,7 5,6,6 8 2 2,12,18,stand,1.0,loss,-1.0
4000,40,Simplified,4001,1,0,False,False,J 5,J 5,6,6 A,15,17,stand,1.0,loss,-1.0
4001,41,Basic,4002,1,0,False,False,K A,K A,4,4 6,21,10,blackjack_check,1.0,player_blackjack,1.5
4002,41,Basic,4003,1,0,False,False,4 K,4 K 2 5,7,7 A,21,18,hit > hit,1.0,win,1.0
4003,41,Basic,4004,1,0,False,False,K Q,K Q,6,6 9 2,20,17,stand,1.0,win,1.0
4004,41,Basic,4005,1,0,False,False,3 8,3 8 2,J,J 10,13,20,double,2.0,loss,-2.0
4005,41,Basic,4006,1,0,False,False,9 A,9 A,4,4 6 5 8,20,23,stand,1.0,win_dealer_bust,1.0
4006,41,Basic,4007,1,0,False,False,7 A,7 A,7,7 10,18,17,stand,1.0,win,1.0
4007,41,Basic,4008,1,0,False,False,10 5,10 5 J,K,K 10,25,20,hit,1.0,loss_bust,-1.0
4008,41,Basic,4009,1,0,False,False,6 9,6 9,5,5 4 5 3,15,17,stand,1.0,loss,-1.0
4009,41,Basic,4010,1,0,False,False,10 9,10 9,Q,Q 4 K,19,24,stand,1.0,win_dealer_bust,1.0
4010,41,Basic,4011,1,0,False,False,J 7,J 7,Q,Q K,17,20,stand,1.0,loss,-1.0
4011,41,Basic,4012,1,0,False,False,4 K,4 K 6,K,K 6 9,20,25,hit > stand,1.0,win_dealer_bust,1.0
4012,41,Basic,4013,1,0,False,False,K 8,K 8,2,2 5 7 5,18,19,stand,1.0,loss,-1.0
4013,41,Basic,4014,1,0,False,False,3 6,3 6 6,4,4 4 3 9,15,20,double,2.0,loss,-2.0
4014,41,Basic,4015,1,0,False,False,9 10,9 10,10,10 3 6,19,19,stand,1.0,push,0.0
4015,41,Basic,4016,1,0,False,False,10 5,10 5 J,Q,Q 10,25,20,hit,1.0,loss_bust,-1.0
4016,41,Basic,4017,1,0,False,False,4 5,4 5 3 7,9,9 4 6,19,19,hit > hit > stand,1.0,push,0.0
4017,41,Basic,4018,1,0,False,False,9 5,9 5,6,6 4 5 3,14,18,stand,1.0,loss,-1.0
4018,41,Basic,4019,1,0,False,False,7 8,7 8 A 2,9,9 Q,18,19,hit > hit > stand,1.0,loss,-1.0
4019,41,Basic,4020,1,0,False,False,3 9,3 9 2 3,J,J 5 3,17,18,hit > hit > stand,1.0,loss,-1.0
4020,41,Basic,4021,1,0,False,False,3 5,3 5 7 4,9,9 Q,19,19,hit > hit > stand,1.0,push,0.0
4021,41,Basic,4022,1,0,False,False,2 9,2 9 5,10,10 5 J,16,25,double,2.0,win_dealer_bust,2.0
4022,41,Basic,4023,1,0,False,False,K A,K A,2,2 5,21,7,blackjack_check,1.0,player_blackjack,1.5
4023,41,Basic,4024,1,1,True,True,A 9,A 9,8,8 6 3,20,17,stand_after_split_aces,1.0,win,1.0
4023,41,Basic,4024,2,1,True,True,A 5,A 5,8,8 6 3,16,17,stand_after_split_aces,1.0,loss,-1.0
4024,41,Basic,4025,1,0,False,False,2 A,2 A A 10 9,Q,Q Q,23,20,hit > hit > hit,1.0,loss_bust,-1.0
4025,41,Basic,4026,1,0,False,False,3 3,3 3,A,A Q,6,21,blackjack_check,1.0,dealer_blackjack,-1.0
4026,41,Basic,4027,1,0,False,False,3 2,3 2 4 8,2,2 6 10,17,18,hit > hit > stand,1.0,loss,-1.0
4027,41,Basic,4028,1,0,False,False,4 Q,4 Q,3,3 K 7,14,20,stand,1.0,loss,-1.0
4028,41,Basic,4029,1,0,False,False,6 J,6 J 2,7,7 K,18,17,hit > stand,1.0,win,1.0
4029,41,Basic,4030,1,0,False,False,8 9,8 9,10,10 J,17,20,stand,1.0,loss,-1.0
4030,41,Basic,4031,1,0,False,False,7 Q,7 Q,5,5 Q A 6,17,22,stand,1.0,win_dealer_bust,1.0
4031,41,Basic,4032,1,0,False,False,9 7,9 7 3,7,7 K,19,17,hit > stand,1.0,win,1.0
4032,41,Basic,4033,1,0,False,False,K 2,K 2,5,5 8 Q,12,23,stand,1.0,win_dealer_bust,1.0
4033,41,Basic,4034,1,0,False,False,2 3,2 3 6 3,4,4 5 6 4,14,19,hit > hit > stand,1.0,loss,-1.0
4034,41,Basic,4035,1,0,False,False,8 2,8 2 3,7,7 Q,13,17,double,2.0,loss,-2.0
4035,41,Basic,4036,1,1,True,False,8 10,8 10,8,8 A,18,19,stand,1.0,loss,-1.0
4035,41,Basic,4036,2,1,True,False,8 J,8 J,8,8 A,18,19,stand,1.0,loss,-1.0
4036,41,Basic,4037,1,0,False,False,J 6,J 6 3,8,8 3 A 4 9,19,25,hit > stand,1.0,win_dealer_bust,1.0
4037,41,Basic,4038,1,0,False,False,2 3,2 3 2 4 7,2,2 J 2 J,18,24,hit > hit > hit > stand,1.0,win_dealer_bust,1.0
4038,41,Basic,4039,1,0,False,False,4 5,4 5,10,10 A,9,21,blackjack_check,1.0,dealer_blackjack,-1.0
4039,41,Basic,4040,1,0,False,False,A 2,A 2 J,5,5 8 10,13,23,double,2.0,win_dealer_bust,2.0
4040,41,Basic,4041,1,0,False,False,Q K,Q K,7,7 J,20,17,stand,1.0,win,1.0
4041,41,Basic,4042,1,0,False,False,9 K,9 K,A,A J,19,21,blackjack_check,1.0,dealer_blackjack,-1.0
4042,41,Basic,4043,1,0,False,False,K 3,K 3 6,Q,Q 6 8,19,24,hit > stand,1.0,win_dealer_bust,1.0
4043,41,Basic,4044,1,0,False,False,A 2,A 2 6,A,A 9,19,20,hit > stand,1.0,loss,-1.0
4044,41,Basic,4045,1,0,False,False,K 8,K 8,5,5 6 8,18,19,stand,1.0,loss,-1.0
4045,41,Basic,4046,1,0,False,False,A 2,A 2 5 9,3,3 K 7,17,20,hit > hit > stand,1.0,loss,-1.0
4046,41,Basic,4047,1,0,False,False,7 8,7 8 K,9,9 6,25,15,hit,1.0,loss_bust,-1.0
4047,41,Basic,4048,1,0,False,False,7 7,7 7 5,J,J 8,19,18,hit > stand,1.0,win,1.0
4048,41,Basic,4049,1,0,False,False,J A,J A,5,5 Q,21,15,blackjack_check,1.0,player_blackjack,1.5
4049,41,Basic,4050,1,0,False,False,9 5,9 5,6,6 A,14,17,stand,1.0,loss,-1.0
4050,41,Basic,4051,1,0,False,False,10 6,10 6,5,5 9 Q,16,24,stand,1.0,win_dealer_bust,1.0
4051,41,Basic,4052,1,0,False,False,K 2,K 2,5,5 2 9 3,12,19,stand,1.0,loss,-1.0
4052,41,Basic,4053,1,0,False,False,Q K,Q K,9,9 7 9,20,25,stand,1.0,win_dealer_bust,1.0
4053,41,Basic,4054,1,0,False,False,K K,K K,Q,Q 10,20,20,stand,1.0,push,0.0
4054,41,Basic,4055,1,0,False,False,K 2,K 2,4,4 4 5 J,12,23,stand,1.0,win_dealer_bust,1.0
4055,41,Basic,4056,1,0,False,False,6 Q,6 Q A,Q,Q 6 3,17,19,hit > stand,1.0,loss,-1.0
4056,41,Basic,4057,1,0,False,False,10 10,10 10,Q,Q 5 6,20,21,stand,1.0,loss,-1.0
4057,41,Basic,4058,1,0,False,False,2 Q,2 Q K,2,2 3,22,5,hit,1.0,loss_bust,-1.0
4058,41,Basic,4059,1,1,True,False,4 8,4 8,6,6 2 2 7,12,17,stand,1.0,loss,-1.0
4058,41,Basic,4059,2,1,True,False,4 A,4 A 10,6,6 2 2 7,15,17,double,2.0,loss,-2.0
4059,41,Basic,4060,1,0,False,False,10 5,10 5,5,5 3 4 10,15,22,stand,1.0,win_dealer_bust,1.0
4060,41,Basic,4061,1,0,False,False,7 3,7 3 J,K,K J,20,20,hit > stand,1.0,push,0.0
4061,41,Basic,4062,1,0,False,False,9 K,9 K,5,5 7 8,19,20,stand,1.0,loss,-1.0
4062,41,Basic,4063,1,0,False,False,A J,A J,3,3 A,21,14,blackjack_check,1.0,player_blackjack,1.5
4063,41,Basic,4064,1,0,False,False,5 10,5 10 A 5,7,7 8 6,21,21,hit > hit,1.0,push,0.0
4064,41,Basic,4065,1,0,False,False,5 4,5 4 8,Q,Q 9,17,19,hit > stand,1.0,loss,-1.0
4065,41,Basic,4066,1,0,False,False,9 4,9 4,2,2 6 8 K,13,26,stand,1.0,win_dealer_bust,1.0
4066,41,Basic,4067,1,0,False,False,9 Q,9 Q,7,7 2 2 7,19,18,stand,1.0,win,1.0
4067,41,Basic,4068,1,0,False,False,6 5,6 5 7,Q,Q J,18,20,double,2.0,loss,-2.0
4068,41,Basic,4069,1,0,False,False,K 9,K 9,J,J K,19,20,stand,1.0,loss,-1.0
4069,41,Basic,4070,1,0,False,False,A 6,A 6 2,Q,Q Q,19,20,hit > stand,1.0,loss,-1.0
4070,41,Basic,4071,1,0,False,False,5 K,5 K,2,2 4 Q 5,15,21,stand,1.0,loss,-1.0
4071,41,Basic,4072,1,0,False,False,9 3,9 3,A,A K,12,21,blackjack_check,1.0,dealer_blackjack,-1.0
4072,41,Basic,4073,1,0,False,False,5 7,5 7 9,7,7 10,21,17,hit,1.0,win,1.0
4073,41,Basic,4074,1,0,False,False,6 9,6 9 3,10,10 8,18,18,hit > stand,1.0,push,0.0
4074,41,Basic,4075,1,0,False,False,K K,K K,Q,Q J,20,20,stand,1.0,push,0.0
4075,41,Basic,4076,1,0,False,False,8 3,8 3 6,2,2 9 K,17,21,double,2.0,loss,-2.0
4076,41,Basic,4077,1,0,False,False,6 9,6 9,5,5 A 3,15,19,stand,1.0,loss,-1.0
4077,41,Basic,4078,1,0,False,False,4 J,4 J,2,2 9 5 9,14,25,stand,1.0,win_dealer_bust,1.0
4078,41,Basic,4079,1,0,False,False,7 A,7 A,7,7 2 J,18,19,stand,1.0,loss,-1.0
4079,41,Basic,4080,1,0,False,False,J Q,J Q,Q,Q 3 A 7,20,21,stand,1.0,loss,-1.0
4080,41,Basic,4081,1,0,False,False,A 5,A 5 4,A,A 2 5,20,18,hit > stand,1.0,win,1.0
4081,41,Basic,4082,1,0,False,False,6 K,6 K,4,4 K 7,16,21,stand,1.0,loss,-1.0
4082,41,Basic,4083,1,0,False,False,6 8,6 8,6,6 8 3,14,17,stand,1.0,loss,-1.0
4083,41,Basic,4084,1,0,False,False,7 5,7 5 8,J,J 6 7,20,23,hit > stand,1.0,win_dealer_bust,1.0
4084,41,Basic,4085,1,0,False,False,10 J,10 J,6,6 6 A J,20,23,stand,1.0,win_dealer_bust,1.0
4085,41,Basic,4086,1,0,False,False,5 7,5 7 6,8,8 6 6,18,20,hit > stand,1.0,loss,-1.0
4086,41,Basic,4087,1,0,False,False,2 3,2 3 6 Q,4,4 10 6,21,20,hit > hit,1.0,win,1.0
4087,41,Basic,4088,1,0,False,False,9 7,9 7 K,Q,Q J,26,20,hit,1.0,loss_bust,-1.0
4088,41,Basic,4089,1,1,True,False,2 Q,2 Q,5,5 Q 2,12,17,stand,1.0,loss,-1.0
4088,41,Basic,4089,2,1,True,False,2 K,2 K,5,5 Q 2,12,17,stand,1.0,loss,-1.0
4089,41,Basic,4090,1,0,False,False,2 3,2 3 2 A 6,3,3 A 3,14,17,hit > hit > hit > stand,1.0,loss,-1.0
4090,41,Basic,4091,1,0,False,False,9 K,9 K,5,5 2 10,19,17,stand,1.0,win,1.0
4091,41,Basic,4092,1,0,False,False,10 J,10 J,2,2 9 2 10,20,23,stand,1.0,win_dealer_bust,1.0
4092,41,Basic,4093,1,0,False,False,K 2,K 2 5,7,7 9 K,17,26,hit > stand,1.0,win_dealer_bust,1.0
4093,41,Basic,4094,1,0,False,False,5 A,5 A J,5,5 10 3,16,18,double,2.0,loss,-2.0
4094,41,Basic,4095,1,0,False,False,10 8,10 8,2,2 A 9 3 3,18,18,stand,1.0,push,0.0
4095,41,Basic,4096,1,0,False,False,Q 10,Q 10,10,10 3 8,20,21,stand,1.0,loss,-1.0
4096,41,Basic,4097,1,0,False,False,J 5,J 5 2,K,K 2 Q,17,22,hit > stand,1.0,win_dealer_bust,1.0
4097,41,Basic,4098,1,0,False,False,J 6,J 6,Q,Q A,16,21,blackjack_check,1.0,dealer_blackjack,-1.0
4098,41,Basic,4099,1,0,False,False,9 8,9 8,10,10 K,17,20,stand,1.0,loss,-1.0
4099,41,Basic,4100,1,0,False,False,9 A,9 A,3,3 10 10,20,23,stand,1.0,win_dealer_bust,1.0
4100,41,Basic,4101,1,0,False,False,A 8,A 8,3,3 K 5,19,18,stand,1.0,win,1.0
4101,42,Simplified,4102,1,0,False,False,6 5,6 5 9,7,7 7 J,20,24,hit > stand,1.0,win_dealer_bust,1.0
4102,42,Simplified,4103,1,0,False,False,9 J,9 J,6,6 10 2,19,18,stand,1.0,win,1.0
4103,42,Simplified,4104,1,0,False,False,Q A,Q A,9,9 A,21,20,blackjack_check,1.0,player_blackjack,1.5
4104,42,Simplified,4105,1,0,False,False,7 A,7 A,5,5 6 Q,18,21,stand,1.0,loss,-1.0
4105,42,Simplified,4106,1,0,False,False,K 6,K 6,10,10 Q,16,20,stand,1.0,loss,-1.0
4106,42,Simplified,4107,1,0,False,False,Q 2,Q 2,10,10 9,12,19,stand,1.0,loss,-1.0
4107,42,Simplified,4108,1,0,False,False,5 Q,5 Q,A,A 5 Q 3,15,19,stand,1.0,loss,-1.0
4108,42,Simplified,4109,1,0,False,False,7 2,7 2 5,6,6 J 4,14,20,hit > stand,1.0,loss,-1.0
4109,42,Simplified,4110,1,0,False,False,5 9,5 9,10,10 2 6,14,18,stand,1.0,loss,-1.0
4110,42,Simplified,4111,1,0,False,False,8 2,8 2 A,6,6 3 7 3,21,19,hit,1.0,win,1.0
4111,42,Simplified,4112,1,0,False,False,Q A,Q A,K,K 7,21,17,blackjack_check,1.0,player_blackjack,1.5
4112,42,Simplified,4113,1,0,False,False,Q Q,Q Q,10,10 3 8,20,21,stand,1.0,loss,-1.0
4113,42,Simplified,4114,1,0,False,False,8 4,8 4,2,2 10 4 10,12,26,stand,1.0,win_dealer_bust,1.0
4114,42,Simplified,4115,1,0,False,False,7 6,7 6,10,10 A,13,21,blackjack_check,1.0,dealer_blackjack,-1.0
4115,42,Simplified,4116,1,0,False,False,7 8,7 8,6,6 K 10,15,26,stand,1.0,win_dealer_bust,1.0
4116,42,Simplified,4117,1,0,False,False,6 10,6 10,7,7 Q,16,17,stand,1.0,loss,-1.0
4117,42,Simplified,4118,1,0,False,False,K 4,K 4,7,7 8 7,14,22,stand,1.0,win_dealer_bust,1.0
4118,42,Simplified,4119,1,0,False,False,Q 5,Q 5,7,7 K,15,17,stand,1.0,loss,-1.0
4119,42,Simplified,4120,1,0,False,False,Q 7,Q 7,6,6 4 4 Q,17,24,stand,1.0,win_dealer_bust,1.0
4120,42,Simplified,4121,1,0,False,False,Q 9,Q 9,8,8 Q,19,18,stand,1.0,win,1.0
4121,42,Simplified,4122,1,0,False,False,4 9,4 9,2,2 4 9 5,13,20,stand,1.0,loss,-1.0
4122,42,Simplified,4123,1,0,False,False,4 K,4 K,8,8 5 3 4,14,20,stand,1.0,loss,-1.0
4123,42,Simplified,4124,1,0,False,False,4 10,4 10,2,2 10 J,14,22,stand,1.0,win_dealer_bust,1.0
4124,42,Simplified,4125,1,0,False,False,Q 4,Q 4,A,A J,14,21,blackjack_check,1.0,dealer_blackjack,-1.0
4125,42,Simplified,4126,1,0,False,False,A Q,A Q,7,7 J,21,17,blackjack_check,1.0,player_blackjack,1.5
4126,42,Simplified,4127,1,0,False,False,K A,K A,K,K 10,21,20,blackjack_check,1.0,player_blackjack,1.5
4127,42,Simplified,4128,1,0,False,False,K 6,K 6,5,5 6 J,16,21,stand,1.0,loss,-1.0
4128,42,Simplified,4129,1,0,False,False,4 6,4 6 A,4,4 10 8,21,22,hit,1.0,win_dealer_bust,1.0
4129,42,Simplified,4130,1,0,False,False,10 7,10 7,2,2 K 3 Q,17,25,stand,1.0,win_dealer_bust,1.0
4130,42,Simplified,4131,1,0,False,False,8 6,8 6,4,4 10 4,14,18,stand,1.0,loss,-1.0
4131,42,Simplified,4132,1,0,False,False,7 7,7 7,5,5 K 10,14,25,stand,1.0,win_dealer_bust,1.0
4132,42,Simplified,4133,1,0,False,False,9 9,9 9,5,5 A A,18,17,stand,1.0,win,1.0
4133,42,Simplified,4134,1,0,False,False,J 3,J 3,8,8 4 Q,13,22,stand,1.0,win_dealer_bust,1.0
4134,42,Simplified,4135,1,0,False,False,3 Q,3 Q,10,10 10,13,20,stand,1.0,loss,-1.0
4135,42,Simplified,4136,1,0,False,False,7 9,7 9,2,2 8 6 4,16,20,stand,1.0,loss,-1.0
4136,42,Simplified,4137,1,0,False,False,7 3,7 3 A,10,10 7,21,17,hit,1.0,win,1.0
4137,42,Simplified,4138,1,0,False,False,A 7,A 7,8,8 8 3,18,19,stand,1.0,loss,-1.0
4138,42,Simplified,4139,1,0,False,False,3 3,3 3 9,9,9 8,15,17,hit > stand,1.0,loss,-1.0
4139,42,Simplified,4140,1,0,False,False,2 3,2 3 5 8,J,J 3 6,18,19,hit > hit > stand,1.0,loss,-1.0
4140,42,Simplified,4141,1,0,False,False,7 10,7 10,2,2 9 K,17,21,stand,1.0,loss,-1.0
4141,42,Simplified,4142,1,0,False,False,9 4,9 4,3,3 K 5,13,18,stand,1.0,loss,-1.0
4142,42,Simplified,4143,1,0,False,False,K A,K A,10,10 7,21,17,blackjack_check,1.0,player_blackjack,1.5
4143,42,Simplified,4144,1,0,False,False,8 7,8 7,A,A 7,15,18,stand,1.0,loss,-1.0
4144,42,Simplified,4145,1,0,False,False,J J,J J,4,4 Q 9,20,23,stand,1.0,win_dealer_bust,1.0
4145,42,Simplified,4146,1,0,False,False,A 7,A 7,7,7 2 K,18,19,stand,1.0,loss,-1.0
4146,42,Simplified,4147,1,0,False,False,10 J,10 J,K,K J,20,20,stand,1.0,push,0.0
4147,42,Simplified,4148,1,0,False,False,Q K,Q K,5,5 Q 7,20,22,stand,1.0,win_dealer_bust,1.0
4148,42,Simplified,4149,1,0,False,False,6 Q,6 Q,6,6 7 K,16,23,stand,1.0,win_dealer_bust,1.0
4149,42,Simplified,4150,1,0,False,False,8 6,8 6,6,6 A,14,17,stand,1.0,loss,-1.0
4150,42,Simplified,4151,1,0,False,False,2 Q,2 Q,7,7 J,12,17,stand,1.0,loss,-1.0
4151,42,Simplified,4152,1,0,False,False,J J,J J,J,J 9,20,19,stand,1.0,win,1.0
4152,42,Simplified,4153,1,0,False,False,3 J,3 J,7,7 Q,13,17,stand,1.0,loss,-1.0
4153,42,Simplified,4154,1,0,False,False,2 9,2 9 10,7,7 5 5,21,17,hit,1.0,win,1.0
4154,42,Simplified,4155,1,0,False,False,6 Q,6 Q,K,K 6 7,16,23,stand,1.0,win_dealer_bust,1.0
4155,42,Simplified,4156,1,0,False,False,Q 10,Q 10,2,2 J A K,20,23,stand,1.0,win_dealer_bust,1.0
4156,42,Simplified,4157,1,0,False,False,4 5,4 5 3,Q,Q J,12,20,hit > stand,1.0,loss,-1.0
4157,42,Simplified,4158,1,0,False,False,A 2,A 2 K,Q,Q 5 9,13,24,hit > stand,1.0,win_dealer_bust,1.0
4158,42,Simplified,4159,1,0,False,False,9 K,9 K,A,A 3 10 7,19,21,stand,1.0,loss,-1.0
4159,42,Simplified,4160,1,0,False,False,5 6,5 6 2,7,7 5 Q,13,22,hit > stand,1.0,win_dealer_bust,1.0
4160,42,Simplified,4161,1,0,False,False,10 9,10 9,A,A 9,19,20,stand,1.0,loss,-1.0
4161,42,Simplified,4162,1,0,False,False,9 J,9 J,5,5 5 8,19,18,stand,1.0,win,1.0
4162,42,Simplified,4163,1,0,False,False,6 4,6 4 2,8,8 2 6 Q,12,26,hit > stand,1.0,win_dealer_bust,1.0
4163,42,Simplified,4164,1,0,False,False,10 10,10 10,K,K 4 9,20,23,stand,1.0,win_dealer_bust,1.0
4164,42,Simplified,4165,1,0,False,False,J 2,J 2,5,5 8 9,12,22,stand,1.0,win_dealer_bust,1.0
4165,42,Simplified,4166,1,0,False,False,7 Q,7 Q,9,9 10,17,19,stand,1.0,loss,-1.0
4166,42,Simplified,4167,1,0,False,False,10 2,10 2,8,8 A,12,19,stand,1.0,loss,-1.0
4167,42,Simplified,4168,1,0,False,False,A J,A J,4,4 10,21,14,blackjack_check,1.0,player_blackjack,1.5
4168,42,Simplified,4169,1,0,False,False,Q Q,Q Q,4,4 10 3,20,17,stand,1.0,win,1.0
4169,42,Simplified,4170,1,0,False,False,Q Q,Q Q,J,J 7,20,17,stand,1.0,win,1.0
4170,42,Simplified,4171,1,0,False,False,5 8,5 8,2,2 J K,13,22,stand,1.0,win_dealer_bust,1.0
4171,42,Simplified,4172,1,0,False,False,4 K,4 K,J,J 9,14,19,stand,1.0,loss,-1.0
4172,42,Simplified,4173,1,0,False,False,4 K,4 K,J,J 3 J,14,23,stand,1.0,win_dealer_bust,1.0
4173,42,Simplified,4174,1,0,False,False,8 6,8 6,3,3 10 10,14,23,stand,1.0,win_dealer_bust,1.0
4174,42,Simplified,4175,1,0,False,False,2 6,2 6 4,4,4 K J,12,24,hit > stand,1.0,win_dealer_bust,1.0
4175,42,Simplified,4176,1,0,False,False,10 K,10 K,8,8 6 4,20,18,stand,1.0,win,1.0
4176,42,Simplified,4177,1,0,False,False,4 3,4 3 A,3,3 J 5,18,18,hit > stand,1.0,push,0.0
4177,42,Simplified,4178,1,0,False,False,3 6,3 6 8,A,A 3 10 Q,17,24,hit > stand,1.0,win_dealer_bust,1.0
4178,42,Simplified,4179,1,0,False,False,5 8,5 8,K,K 7,13,17,stand,1.0,loss,-1.0
4179,42,Simplified,4180,1,0,False,False,10 3,10 3,8,8 K,13,18,stand,1.0,loss,-1.0
4180,42,Simplified,4181,1,0,False,False,9 7,9 7,4,4 10 5,16,19,stand,1.0,loss,-1.0
4181,42,Simplified,4182,1,0,False,False,10 9,10 9,4,4 Q 8,19,22,stand,1.0,win_dealer_bust,1.0
4182,42,Simplified,4183,1,0,False,False,3 8,3 8 K,K,K 6 J,21,26,hit,1.0,win_dealer_bust,1.0
4183,42,Simplified,4184,1,0,False,False,8 10,8 10,6,6 8 7,18,21,stand,1.0,loss,-1.0
4184,42,Simplified,4185,1,0,False,False,2 8,2 8 J,J,J 8,20,18,hit > stand,1.0,win,1.0
4185,42,Simplified,4186,1,0,False,False,4 9,4 9,10,10 2 6,13,18,stand,1.0,loss,-1.0
4186,42,Simplified,4187,1,0,False,False,5 10,5 10,5,5 7 6,15,18,stand,1.0,loss,-1.0
4187,42,Simplified,4188,1,0,False,False,6 8,6 8,Q,Q 10,14,20,stand,1.0,loss,-1.0
4188,42,Simplified,4189,1,0,False,False,K 5,K 5,5,5 3 2 10,15,20,stand,1.0,loss,-1.0
4189,42,Simplified,4190,1,0,False,False,A 10,A 10,J,J K,21,20,blackjack_check,1.0,player_blackjack,1.5
4190,42,Simplified,4191,1,0,False,False,A 6,A 6 J,2,2 Q 5,17,17,hit > stand,1.0,push,0.0
4191,42,Simplified,4192,1,0,False,False,3 9,3 9,7,7 K,12,17,stand,1.0,loss,-1.0
4192,42,Simplified,4193,1,0,False,False,Q 7,Q 7,A,A 10,17,21,blackjack_check,1.0,dealer_blackjack,-1.0
4193,42,Simplified,4194,1,0,False,False,J A,J A,2,2 A,21,13,blackjack_check,1.0,player_blackjack,1.5
4194,42,Simplified,4195,1,0,False,False,9 A,9 A,3,3 A 4,20,18,stand,1.0,win,1.0
4195,42,Simplified,4196,1,0,False,False,4 A,4 A 7,7,7 7 8,12,22,hit > stand,1.0,win_dealer_bust,1.0
4196,42,Simplified,4197,1,0,False,False,5 A,5 A J,7,7 K,16,17,hit > stand,1.0,loss,-1.0
4197,42,Simplified,4198,1,0,False,False,J 7,J 7,K,K 6 A,17,17,stand,1.0,push,0.0
4198,42,Simplified,4199,1,0,False,False,8 10,8 10,J,J 7,18,17,stand,1.0,win,1.0
4199,42,Simplified,4200,1,0,False,False,10 3,10 3,Q,Q 9,13,19,stand,1.0,loss,-1.0
4200,42,Simplified,4201,1,0,False,False,5 5,5 5 9,2,2 Q J,19,22,hit > stand,1.0,win_dealer_bust,1.0
4201,43,Basic,4202,1,0,False,False,10 5,10 5,6,6 3 8,15,17,stand,1.0,loss,-1.0
4202,43,Basic,4203,1,0,False,False,9 9,9 9,K,K J,18,20,stand,1.0,loss,-1.0
4203,43,Basic,4204,1,0,False,False,4 4,4 4 J,K,K J,18,20,hit > stand,1.0,loss,-1.0
4204,43,Basic,4205,1,0,False,False,7 A,7 A 4,4,4 K K,12,24,double,2.0,win_dealer_bust,2.0
4205,43,Basic,4206,1,0,False,False,A K,A K,2,2 10,21,12,blackjack_check,1.0,player_blackjack,1.5
4206,43,Basic,4207,1,0,False,False,3 J,3 J J,A,A 2,23,13,hit,1.0,loss_bust,-1.0
4207,43,Basic,4208,1,0,False,False,J 2,J 2 9,J,J Q,21,20,hit,1.0,win,1.0
4208,43,Basic,4209,1,0,False,False,8 4,8 4 4 6,Q,Q 5,22,15,hit > hit,1.0,loss_bust,-1.0
4209,43,Basic,4210,1,0,False,False,3 4,3 4 J,Q,Q 3 4,17,17,hit > stand,1.0,push,0.0
4210,43,Basic,4211,1,0,False,False,6 3,6 3 8,3,3 3 4 7,17,17,double,2.0,push,0.0
4211,43,Basic,4212,1,0,False,False,2 6,2 6 K,4,4 4 3 4 K,18,25,hit > stand,1.0,win_dealer_bust,1.0
4212,43,Basic,4213,1,0,False,False,3 4,3 4 Q,7,7 9 5,17,21,hit > stand,1.0,loss,-1.0
4213,43,Basic,4214,1,0,False,False,2 8,2 8 3 2 K,J,J 8,25,18,hit > hit > hit,1.0,loss_bust,-1.0
4214,43,Basic,4215,1,0,False,False,5 J,5 J,6,6 4 5 4,15,19,stand,1.0,loss,-1.0
4215,43,Basic,4216,1,1,True,True,A 9,A 9,3,3 K 4,20,17,stand_after_split_aces,1.0,win,1.0
4215,43,Basic,4216,2,1,True,True,A J,A J,3,3 K 4,21,17,stand_after_split_aces,1.0,win,1.0
4216,43,Basic,4217,1,0,False,False,J 4,J 4 5,9,9 5 4,19,18,hit > stand,1.0,win,1.0
4217,43,Basic,4218,1,0,False,False,2 7,2 7 5 2 8,8,8 7,24,15,hit > hit > hit,1.0,loss_bust,-1.0
4218,43,Basic,4219,1,1,True,True,A 9,A 9,7,7 6 Q,20,23,stand_after_split_aces,1.0,win_dealer_bust,1.0
4218,43,Basic,4219,2,1,True,True,A K,A K,7,7 6 Q,21,23,stand_after_split_aces,1.0,win_dealer_bust,1.0
4219,43,Basic,4220,1,0,False,False,8 K,8 K,3,3 A 6,18,20,stand,1.0,loss,-1.0
4220,43,Basic,4221,1,0,False,False,5 9,5 9 8,K,K 3,22,13,hit,1.0,loss_bust,-1.0
4221,43,Basic,4222,1,0,False,False,J 6,J 6,2,2 9 5 2,16,18,stand,1.0,loss,-1.0
4222,43,Basic,4223,1,0,False,False,7 9,7 9 9,J,J Q,25,20,hit,1.0,loss_bust,-1.0
4223,43,Basic,4224,1,0,False,False,9 3,9 3 Q,Q,Q 3,22,13,hit,1.0,loss_bust,-1.0
4224,43,Basic,4225,1,0,False,False,3 J,3 J 10,7,7 K,23,17,hit,1.0,loss_bust,-1.0
4225,43,Basic,4226,1,0,False,False,J 8,J 8,5,5 6 3 3,18,17,stand,1.0,win,1.0
4226,43,Basic,4227,1,0,False,False,5 J,5 J A 6,9,9 4,22,13,hit > hit,1.0,loss_bust,-1.0
4227,43,Basic,4228,1,0,False,False,Q 10,Q 10,J,J K,20,20,stand,1.0,push,0.0
4228,43,Basic,4229,1,0,False,False,3 7,3 7 8,Q,Q 2 7,18,19,hit > stand,1.0,loss,-1.0
4229,43,Basic,4230,1,0,False,False,A 8,A 8,5,5 J 4,19,19,stand,1.0,push,0.0
4230,43,Basic,4231,1,0,False,False,K 9,K 9,K,K 9,19,19,stand,1.0,push,0.0
4231,43,Basic,4232,1,0,False,False,9 9,9 9,J,J 10,18,20,stand,1.0,loss,-1.0
4232,43,Basic,4233,1,0,False,False,3 J,3 J 9,8,8 5,22,13,hit,1.0,loss_bust,-1.0
4233,43,Basic,4234,1,0,False,False,A 2,A 2 7,9,9 Q,20,19,hit > stand,1.0,win,1.0
4234,43,Basic,4235,1,0,False,False,K 5,K 5,3,3 4 6 6,15,19,stand,1.0,loss,-1.0
4235,43,Basic,4236,1,0,False,False,3 8,3 8 7,9,9 A,18,20,double,2.0,loss,-2.0
4236,43,Basic,4237,1,0,False,False,J A,J A,Q,Q 4,21,14,blackjack_check,1.0,player_blackjack,1.5
4237,43,Basic,4238,1,0,False,False,A J,A J,K,K 8,21,18,blackjack_check,1.0,player_blackjack,1.5
4238,43,Basic,4239,1,0,False,False,7 K,7 K,Q,Q 5 8,17,23,stand,1.0,win_dealer_bust,1.0
4239,43,Basic,4240,1,0,False,False,8 K,8 K,8,8 Q,18,18,stand,1.0,push,0.0
4240,43,Basic,4241,1,0,False,False,5 6,5 6 J,J,J 9,21,19,double,2.0,win,2.0
4241,43,Basic,4242,1,0,False,False,A J,A J,4,4 J,21,14,blackjack_check,1.0,player_blackjack,1.5
4242,43,Basic,4243,1,0,False,False,2 Q,2 Q 9,8,8 K,21,18,hit,1.0,win,1.0
4243,43,Basic,4244,1,0,False,False,10 A,10 A,5,5 2,21,7,blackjack_check,1.0,player_blackjack,1.5
4244,43,Basic,4245,1,0,False,False,10 5,10 5,6,6 J 5,15,21,stand,1.0,loss,-1.0
4245,43,Basic,4246,1,0,False,False,2 3,2 3 10 4,8,8 10,19,18,hit > hit > stand,1.0,win,1.0
4246,43,Basic,4247,1,0,False,False,J 3,J 3 A A 8,J,J 2,23,12,hit > hit > hit,1.0,loss_bust,-1.0
4247,43,Basic,4248,1,0,False,False,7 9,7 9,4,4 7 2 A 6,16,20,stand,1.0,loss,-1.0
4248,43,Basic,4249,1,0,False,False,7 2,7 2 Q,K,K 7,19,17,hit > stand,1.0,win,1.0
4249,43,Basic,4250,1,0,False,False,5 2,5 2 Q,6,6 6 A 9,17,22,hit > stand,1.0,win_dealer_bust,1.0
4250,43,Basic,4251,1,0,False,False,10 3,10 3 J,8,8 9,23,17,hit,1.0,loss_bust,-1.0
4251,43,Basic,4252,1,0,False,False,10 A,10 A,J,J 3,21,13,blackjack_check,1.0,player_blackjack,1.5
4252,43,Basic,4253,1,0,False,False,10 J,10 J,K,K 3 6,20,19,stand,1.0,win,1.0
4253,43,Basic,4254,1,0,False,False,2 Q,2 Q,5,5 10 9,12,24,stand,1.0,win_dealer_bust,1.0
4254,43,Basic,4255,1,0,False,False,5 K,5 K 2,10,10 10,17,20,hit > stand,1.0,loss,-1.0
4255,43,Basic,4256,1,0,False,False,9 10,9 10,6,6 7 K,19,23,stand,1.0,win_dealer_bust,1.0
4256,43,Basic,4257,1,0,False,False,4 7,4 7 J,K,K 5 Q,21,25,double,2.0,win_dealer_bust,2.0
4257,43,Basic,4258,1,0,False,False,6 Q,6 Q 9,8,8 8,25,16,hit,1.0,loss_bust,-1.0
4258,43,Basic,4259,1,0,False,False,10 5,10 5 4,10,10 8,19,18,hit > stand,1.0,win,1.0
4259,43,Basic,4260,1,0,False,False,Q 2,Q 2 9,8,8 3 2 K,21,23,hit,1.0,win_dealer_bust,1.0
4260,43,Basic,4261,1,0,False,False,4 4,4 4 K,J,J 9,18,19,hit > stand,1.0,loss,-1.0
4261,43,Basic,4262,1,0,False,False,8 4,8 4,5,5 9 K,12,24,stand,1.0,win_dealer_bust,1.0
4262,43,Basic,4263,1,0,False,False,4 10,4 10,6,6 J 3,14,19,stand,1.0,loss,-1.0
4263,43,Basic,4264,1,0,False,False,A 10,A 10,6,6 5,21,11,blackjack_check,1.0,player_blackjack,1.5
4264,43,Basic,4265,1,0,False,False,5 A,5 A 2,4,4 8 6,18,18,double,2.0,push,0.0
4265,43,Basic,4266,1,0,False,False,A Q,A Q,7,7 J,21,17,blackjack_check,1.0,player_blackjack,1.5
4266,43,Basic,4267,1,0,False,False,5 9,5 9 7,8,8 J,21,18,hit,1.0,win,1.0
4267,43,Basic,4268,1,0,False,False,10 Q,10 Q,3,3 4 7 10,20,24,stand,1.0,win_dealer_bust,1.0
4268,43,Basic,4269,1,0,False,False,Q 7,Q 7,3,3 5 A,17,19,stand,1.0,loss,-1.0
4269,43,Basic,4270,1,0,False,False,10 7,10 7,9,9 5 J,17,24,stand,1.0,win_dealer_bust,1.0
4270,43,Basic,4271,1,0,False,False,3 8,3 8 J,6,6 7 3 6,21,22,double,2.0,win_dealer_bust,2.0
4271,43,Basic,4272,1,0,False,False,5 6,5 6 2,K,K 5 7,13,22,double,2.0,win_dealer_bust,2.0
4272,43,Basic,4273,1,0,False,False,Q 3,Q 3,6,6 5 A 9,13,21,stand,1.0,loss,-1.0
4273,43,Basic,4274,1,0,False,False,7 K,7 K,4,4 J 8,17,22,stand,1.0,win_dealer_bust,1.0
4274,43,Basic,4275,1,0,False,False,9 J,9 J,K,K 6 J,19,26,stand,1.0,win_dealer_bust,1.0
4275,43,Basic,4276,1,0,False,False,Q A,Q A,10,10 J,21,20,blackjack_check,1.0,player_blackjack,1.5
4276,43,Basic,4277,1,0,False,False,4 Q,4 Q 6,9,9 4 8,20,21,hit > stand,1.0,loss,-1.0
4277,43,Basic,4278,1,0,False,False,Q 6,Q 6 J,K,K K,26,20,hit,1.0,loss_bust,-1.0
4278,43,Basic,4279,1,0,False,False,5 A,5 A 3,J,J 9,19,19,hit > stand,1.0,push,0.0
4279,43,Basic,4280,1,0,False,False,8 K,8 K,8,8 9,18,17,stand,1.0,win,1.0
4280,43,Basic,4281,1,0,False,False,A 8,A 8,4,4 5 6 K,19,25,stand,1.0,win_dealer_bust,1.0
4281,43,Basic,4282,1,0,False,False,J 2,J 2,Q,Q A,12,21,blackjack_check,1.0,dealer_blackjack,-1.0
4282,43,Basic,4283,1,0,False,False,K 10,K 10,2,2 3 4 J,20,19,stand,1.0,win,1.0
4283,43,Basic,4284,1,0,False,False,7 A,7 A,2,2 K J,18,22,stand,1.0,win_dealer_bust,1.0
4284,43,Basic,4285,1,0,False,False,9 K,9 K,7,7 J,19,17,stand,1.0,win,1.0
4285,43,Basic,4286,1,0,False,False,3 4,3 4 7,5,5 8 J,14,23,hit > stand,1.0,win_dealer_bust,1.0
4286,43,Basic,4287,1,0,False,False,9 A,9 A,10,10 4 A 8,20,23,stand,1.0,win_dealer_bust,1.0
4287,43,Basic,4288,1,0,False,False,9 3,9 3 3 K,7,7 J,25,17,hit > hit,1.0,loss_bust,-1.0
4288,43,Basic,4289,1,0,False,False,Q J,Q J,Q,Q A,20,21,blackjack_check,1.0,dealer_blackjack,-1.0
4289,43,Basic,4290,1,0,False,False,10 4,10 4,2,2 2 9 5,14,18,stand,1.0,loss,-1.0
4290,43,Basic,4291,1,0,False,False,Q 10,Q 10,8,8 2 J,20,20,stand,1.0,push,0.0
4291,43,Basic,4292,1,0,False,False,A 9,A 9,5,5 6 10,20,21,stand,1.0,loss,-1.0
4292,43,Basic,4293,1,0,False,False,8 6,8 6 9,7,7 3,23,10,hit,1.0,loss_bust,-1.0
4293,43,Basic,4294,1,0,False,False,6 2,6 2 Q,9,9 K,18,19,hit > stand,1.0,loss,-1.0
4294,43,Basic,4295,1,0,False,False,5 6,5 6 4,3,3 Q 5,15,18,double,2.0,loss,-2.0
4295,43,Basic,4296,1,0,False,False,6 7,6 7 5,K,K Q,18,20,hit > stand,1.0,loss,-1.0
4296,43,Basic,4297,1,0,False,False,K Q,K Q,2,2 Q 6,20,18,stand,1.0,win,1.0
4297,43,Basic,4298,1,0,False,False,A 2,A 2 Q,3,3 10 5,13,18,hit > stand,1.0,loss,-1.0
4298,43,Basic,4299,1,0,False,False,4 A,4 A 3,8,8 3 4 5,18,20,hit > stand,1.0,loss,-1.0
4299,43,Basic,4300,1,0,False,False,8 K,8 K,2,2 7 5 8,18,22,stand,1.0,win_dealer_bust,1.0
4300,43,Basic,4301,1,0,False,False,A 8,A 8,3,3 K 4,19,17,stand,1.0,win,1.0
4301,44,Simplified,4302,1,0,False,False,K J,K J,Q,Q 8,20,18,stand,1.0,win,1.0
4302,44,Simplified,4303,1,0,False,False,10 4,10 4,Q,Q 8,14,18,stand,1.0,loss,-1.0
4303,44,Simplified,4304,1,0,False,False,8 7,8 7,8,8 2 7,15,17,stand,1.0,loss,-1.0
4304,44,Simplified,4305,1,0,False,False,K K,K K,9,9 A,20,20,stand,1.0,push,0.0
4305,44,Simplified,4306,1,0,False,False,J J,J J,10,10 A,20,21,blackjack_check,1.0,dealer_blackjack,-1.0
4306,44,Simplified,4307,1,0,False,False,K 7,K 7,10,10 4 6,17,20,stand,1.0,loss,-1.0
4307,44,Simplified,4308,1,0,False,False,4 9,4 9,5,5 K J,13,25,stand,1.0,win_dealer_bust,1.0
4308,44,Simplified,4309,1,0,False,False,K 4,K 4,A,A 9,14,20,stand,1.0,loss,-1.0
4309,44,Simplified,4310,1,0,False,False,6 5,6 5 10,10,10 8,21,18,hit,1.0,win,1.0
4310,44,Simplified,4311,1,0,False,False,5 2,5 2,K,K A,7,21,blackjack_check,1.0,dealer_blackjack,-1.0
4311,44,Simplified,4312,1,0,False,False,A Q,A Q,J,J 5,21,15,blackjack_check,1.0,player_blackjack,1.5
4312,44,Simplified,4313,1,0,False,False,K 4,K 4,10,10 8,14,18,stand,1.0,loss,-1.0
4313,44,Simplified,4314,1,0,False,False,K A,K A,A,A 5,21,16,blackjack_check,1.0,player_blackjack,1.5
4314,44,Simplified,4315,1,0,False,False,6 2,6 2 4,3,3 Q A K,12,24,hit > stand,1.0,win_dealer_bust,1.0
4315,44,Simplified,4316,1,0,False,False,2 3,2 3 A 10,3,3 7 4 3,16,17,hit > hit > stand,1.0,loss,-1.0
4316,44,Simplified,4317,1,0,False,False,8 A,8 A,6,6 Q 9,19,25,stand,1.0,win_dealer_bust,1.0
4317,44,Simplified,4318,1,0,False,False,J 5,J 5,7,7 7 A 7,15,22,stand,1.0,win_dealer_bust,1.0
4318,44,Simplified,4319,1,0,False,False,6 5,6 5 9,J,J 9,20,19,hit > stand,1.0,win,1.0
4319,44,Simplified,4320,1,0,False,False,A J,A J,6,6 8,21,14,blackjack_check,1.0,player_blackjack,1.5
4320,44,Simplified,4321,1,0,False,False,9 Q,9 Q,2,2 6 J,19,18,stand,1.0,win,1.0
4321,44,Simplified,4322,1,0,False,False,2 9,2 9 A,K,K 7,12,17,hit > stand,1.0,loss,-1.0
4322,44,Simplified,4323,1,0,False,False,3 6,3 6 Q,5,5 4 5 6,19,20,hit > stand,1.0,loss,-1.0
4323,44,Simplified,4324,1,0,False,False,6 7,6 7,4,4 7 8,13,19,stand,1.0,loss,-1.0
4324,44,Simplified,4325,1,0,False,False,J Q,J Q,10,10 6 7,20,23,stand,1.0,win_dealer_bust,1.0
4325,44,Simplified,4326,1,0,False,False,K 7,K 7,4,4 5 4 J,17,23,stand,1.0,win_dealer_bust,1.0
4326,44,Simplified,4327,1,0,False,False,7 10,7 10,10,10 8,17,18,stand,1.0,loss,-1.0
4327,44,Simplified,4328,1,0,False,False,4 10,4 10,4,4 2 2 K,14,18,stand,1.0,loss,-1.0
4328,44,Simplified,4329,1,0,False,False,10 2,10 2,3,3 5 Q,12,18,stand,1.0,loss,-1.0
4329,44,Simplified,4330,1,0,False,False,J 9,J 9,9,9 J,19,19,stand,1.0,push,0.0
4330,44,Simplified,4331,1,0,False,False,A K,A K,5,5 10,21,15,blackjack_check,1.0,player_blackjack,1.5
4331,44,Simplified,4332,1,0,False,False,5 A,5 A J,5,5 K 8,16,23,hit > stand,1.0,win_dealer_bust,1.0
4332,44,Simplified,4333,1,0,False,False,10 9,10 9,10,10 A,19,21,blackjack_check,1.0,dealer_blackjack,-1.0
4333,44,Simplified,4334,1,0,False,False,8 J,8 J,7,7 8 7,18,22,stand,1.0,win_dealer_bust,1.0
4334,44,Simplified,4335,1,0,False,False,6 2,6 2 8,3,3 6 6 Q,16,25,hit > stand,1.0,win_dealer_bust,1.0
4335,44,Simplified,4336,1,0,False,False,2 8,2 8 6,10,10 9,16,19,hit > stand,1.0,loss,-1.0
4336,44,Simplified,4337,1,0,False,False,A 3,A 3 A J,5,5 6 3 A 6,15,21,hit > hit > stand,1.0,loss,-1.0
4337,44,Simplified,4338,1,0,False,False,8 9,8 9,4,4 6 3 10,17,23,stand,1.0,win_dealer_bust,1.0
4338,44,Simplified,4339,1,0,False,False,4 5,4 5 9,5,5 2 10,18,17,hit > stand,1.0,win,1.0
4339,44,Simplified,4340,1,0,False,False,J 3,J 3,Q,Q 10,13,20,stand,1.0,loss,-1.0
4340,44,Simplified,4341,1,0,False,False,6 5,6 5 Q,7,7 9 4,21,20,hit,1.0,win,1.0
4341,44,Simplified,4342,1,0,False,False,4 7,4 7 3,9,9 7 10,14,26,hit > stand,1.0,win_dealer_bust,1.0
4342,44,Simplified,4343,1,0,False,False,K 4,K 4,10,10 6 4,14,20,stand,1.0,loss,-1.0
4343,44,Simplified,4344,1,0,False,False,7 3,7 3 A,Q,Q 7,21,17,hit,1.0,win,1.0
4344,44,Simplified,4345,1,0,False,False,7 8,7 8,6,6 9 Q,15,25,stand,1.0,win_dealer_bust,1.0
4345,44,Simplified,4346,1,0,False,False,J 6,J 6,7,7 A,16,18,stand,1.0,loss,-1.0
4346,44,Simplified,4347,1,0,False,False,2 J,2 J,7,7 Q,12,17,stand,1.0,loss,-1.0
4347,44,Simplified,4348,1,0,False,False,6 4,6 4 J,6,6 Q 3,20,19,hit > stand,1.0,win,1.0
4348,44,Simplified,4349,1,0,False,False,J 5,J 5,5,5 Q 4,15,19,stand,1.0,loss,-1.0
4349,44,Simplified,4350,1,0,False,False,K 5,K 5,K,K 4 K,15,24,stand,1.0,win_dealer_bust,1.0
4350,44,Simplified,4351,1,0,False,False,K K,K K,J,J J,20,20,stand,1.0,push,0.0
4351,44,Simplified,4352,1,0,False,False,4 J,4 J,3,3 6 4 Q,14,23,stand,1.0,win_dealer_bust,1.0
4352,44,Simplified,4353,1,0,False,False,4 10,4 10,A,A 6,14,17,stand,1.0,loss,-1.0
4353,44,Simplified,4354,1,0,False,False,K 10,K 10,J,J J,20,20,stand,1.0,push,0.0
4354,44,Simplified,4355,1,0,False,False,6 7,6 7,6,6 2 5 4,13,17,stand,1.0,loss,-1.0
4355,44,Simplified,4356,1,0,False,False,9 5,9 5,A,A A 2 4,14,18,stand,1.0,loss,-1.0
4356,44,Simplified,4357,1,0,False,False,7 10,7 10,K,K Q,17,20,stand,1.0,loss,-1.0
4357,44,Simplified,4358,1,0,False,False,7 4,7 4 8,J,J Q,19,20,hit > stand,1.0,loss,-1.0
4358,44,Simplified,4359,1,0,False,False,Q 4,Q 4,8,8 6 4,14,18,stand,1.0,loss,-1.0
4359,44,Simplified,4360,1,0,False,False,A A,A A 9,J,J 3 5,21,18,hit,1.0,win,1.0
4360,44,Simplified,4361,1,0,False,False,3 5,3 5 10,3,3 3 6 6,18,18,hit > stand,1.0,push,0.0
4361,44,Simplified,4362,1,0,False,False,7 5,7 5,10,10 K,12,20,stand,1.0,loss,-1.0
4362,44,Simplified,4363,1,0,False,False,Q J,Q J,3,3 5 2 5 6,20,21,stand,1.0,loss,-1.0
4363,44,Simplified,4364,1,0,False,False,8 K,8 K,5,5 4 8,18,17,stand,1.0,win,1.0
4364,44,Simplified,4365,1,0,False,False,3 8,3 8 6,4,4 9 K,17,23,hit > stand,1.0,win_dealer_bust,1.0
4365,44,Simplified,4366,1,0,False,False,5 6,5 6 7,K,K 4 10,18,24,hit > stand,1.0,win_dealer_bust,1.0
4366,44,Simplified,4367,1,0,False,False,3 7,3 7 K,K,K J,20,20,hit > stand,1.0,push,0.0
4367,44,Simplified,4368,1,0,False,False,7 10,7 10,4,4 Q 9,17,23,stand,1.0,win_dealer_bust,1.0
4368,44,Simplified,4369,1,0,False,False,8 2,8 2 6,2,2 J 10,16,22,hit > stand,1.0,win_dealer_bust,1.0
4369,44,Simplified,4370,1,0,False,False,4 8,4 8,K,K 2 7,12,19,stand,1.0,loss,-1.0
4370,44,Simplified,4371,1,0,False,False,9 2,9 2 7,Q,Q 3 2 J,18,25,hit > stand,1.0,win_dealer_bust,1.0
4371,44,Simplified,4372,1,0,False,False,10 4,10 4,10,10 5 K,14,25,stand,1.0,win_dealer_bust,1.0
4372,44,Simplified,4373,1,0,False,False,5 Q,5 Q,Q,Q A,15,21,blackjack_check,1.0,dealer_blackjack,-1.0
4373,44,Simplified,4374,1,0,False,False,7 4,7 4 10,8,8 8 Q,21,26,hit,1.0,win_dealer_bust,1.0
4374,44,Simplified,4375,1,0,False,False,9 4,9 4,6,6 3 3 6,13,18,stand,1.0,loss,-1.0
4375,44,Simplified,4376,1,0,False,False,7 7,7 7,2,2 3 10 K,14,25,stand,1.0,win_dealer_bust,1.0
4376,44,Simplified,4377,1,0,False,False,8 9,8 9,3,3 10 5,17,18,stand,1.0,loss,-1.0
4377,44,Simplified,4378,1,0,False,False,A 9,A 9,10,10 6 A,20,17,stand,1.0,win,1.0
4378,44,Simplified,4379,1,0,False,False,J 7,J 7,J,J 3 8,17,21,stand,1.0,loss,-1.0
4379,44,Simplified,4380,1,0,False,False,J 2,J 2,8,8 2 A,12,21,stand,1.0,loss,-1.0
4380,44,Simplified,4381,1,0,False,False,4 3,4 3 J,8,8 J,17,18,hit > stand,1.0,loss,-1.0
4381,44,Simplified,4382,1,0,False,False,9 9,9 9,10,10 6 4,18,20,stand,1.0,loss,-1.0
4382,44,Simplified,4383,1,0,False,False,Q 4,Q 4,7,7 J,14,17,stand,1.0,loss,-1.0
4383,44,Simplified,4384,1,0,False,False,A 2,A 2 10,7,7 6 5,13,18,hit > stand,1.0,loss,-1.0
4384,44,Simplified,4385,1,0,False,False,5 9,5 9,3,3 Q 6,14,19,stand,1.0,loss,-1.0
4385,44,Simplified,4386,1,0,False,False,8 2,8 2 Q,2,2 3 8 9,20,22,hit > stand,1.0,win_dealer_bust,1.0
4386,44,Simplified,4387,1,0,False,False,6 8,6 8,K,K A,14,21,blackjack_check,1.0,dealer_blackjack,-1.0
4387,44,Simplified,4388,1,0,False,False,8 2,8 2 2,7,7 K,12,17,hit > stand,1.0,loss,-1.0
4388,44,Simplified,4389,1,0,False,False,10 9,10 9,10,10 J,19,20,stand,1.0,loss,-1.0
4389,44,Simplified,4390,1,0,False,False,9 K,9 K,2,2 10 4 Q,19,26,stand,1.0,win_dealer_bust,1.0
4390,44,Simplified,4391,1,0,False,False,2 10,2 10,7,7 8 8,12,23,stand,1.0,win_dealer_bust,1.0
4391,44,Simplified,4392,1,0,False,False,7 5,7 5,9,9 K,12,19,stand,1.0,loss,-1.0
4392,44,Simplified,4393,1,0,False,False,Q 2,Q 2,3,3 J 3 6,12,22,stand,1.0,win_dealer_bust,1.0
4393,44,Simplified,4394,1,0,False,False,5 A,5 A Q,4,4 4 8 K,16,26,hit > stand,1.0,win_dealer_bust,1.0
4394,44,Simplified,4395,1,0,False,False,6 6,6 6,6,6 3 9,12,18,stand,1.0,loss,-1.0
4395,44,Simplified,4396,1,0,False,False,8 10,8 10,3,3 J 2 Q,18,25,stand,1.0,win_dealer_bust,1.0
4396,44,Simplified,4397,1,0,False,False,9 Q,9 Q,6,6 6 A 5,19,18,stand,1.0,win,1.0
4397,44,Simplified,4398,1,0,False,False,10 7,10 7,K,K K,17,20,stand,1.0,loss,-1.0
4398,44,Simplified,4399,1,0,False,False,3 10,3 10,6,6 5 5 6,13,22,stand,1.0,win_dealer_bust,1.0
4399,44,Simplified,4400,1,0,False,False,6 10,6 10,2,2 8 2 3 J,16,25,stand,1.0,win_dealer_bust,1.0
4400,44,Simplified,4401,1,0,False,False,8 J,8 J,7,7 10,18,17,stand,1.0,win,1.0
4401,45,Basic,4402,1,0,False,False,6 9,6 9 J,K,K 7,25,17,hit,1.0,loss_bust,-1.0
4402,45,Basic,4403,1,0,False,False,A Q,A Q,9,9 10,21,19,blackjack_check,1.0,player_blackjack,1.5
4403,45,Basic,4404,1,0,False,False,Q 5,Q 5 2,9,9 7 5,17,21,hit > stand,1.0,loss,-1.0
4404,45,Basic,4405,1,0,False,False,2 A,2 A 4 8 Q,K,K 10,25,20,hit > hit > hit,1.0,loss_bust,-1.0
4405,45,Basic,4406,1,0,False,False,Q 9,Q 9,K,K K,19,20,stand,1.0,loss,-1.0
4406,45,Basic,4407,1,0,False,False,J 6,J 6,5,5 4 10,16,19,stand,1.0,loss,-1.0
4407,45,Basic,4408,1,0,False,False,A J,A J,2,2 7,21,9,blackjack_check,1.0,player_blackjack,1.5
4408,45,Basic,4409,1,0,False,False,Q K,Q K,9,9 9,20,18,stand,1.0,win,1.0
4409,45,Basic,4410,1,0,False,False,2 9,2 9 9,9,9 K,20,19,double,2.0,win,2.0
4410,45,Basic,4411,1,0,False,False,6 A,6 A 5,3,3 8 K,12,21,double,2.0,loss,-2.0
4411,45,Basic,4412,1,0,False,False,8 6,8 6 5,9,9 9,19,18,hit > stand,1.0,win,1.0
4412,45,Basic,4413,1,0,False,False,9 7,9 7,6,6 9 2,16,17,stand,1.0,loss,-1.0
4413,45,Basic,4414,1,0,False,False,K 2,K 2,4,4 Q 2 6,12,22,stand,1.0,win_dealer_bust,1.0
4414,45,Basic,4415,1,0,False,False,A Q,A Q,4,4 Q,21,14,blackjack_check,1.0,player_blackjack,1.5
4415,45,Basic,4416,1,0,False,False,4 8,4 8 5,Q,Q 5 8,17,23,hit > stand,1.0,win_dealer_bust,1.0
4416,45,Basic,4417,1,0,False,False,Q 10,Q 10,9,9 2 9,20,20,stand,1.0,push,0.0
4417,45,Basic,4418,1,0,False,False,2 K,2 K 5,K,K K,17,20,hit > stand,1.0,loss,-1.0
4418,45,Basic,4419,1,0,False,False,2 2,2 2 K J,Q,Q Q,24,20,hit > hit,1.0,loss_bust,-1.0
4419,45,Basic,4420,1,0,False,False,6 10,6 10 10,J,J K,26,20,hit,1.0,loss_bust,-1.0
4420,45,Basic,4421,1,0,False,False,2 K,2 K 2 2 8,10,10 3,24,13,hit > hit > hit,1.0,loss_bust,-1.0
4421,45,Basic,4422,1,0,False,False,A 3,A 3 K 5,7,7 J,19,17,hit > hit > stand,1.0,win,1.0
4422,45,Basic,4423,1,0,False,False,3 3,3 3 8 A Q,J,J J,25,20,hit > hit > hit,1.0,loss_bust,-1.0
4423,45,Basic,4424,1,0,False,False,K 9,K 9,3,3 4 7 5,19,19,stand,1.0,push,0.0
4424,45,Basic,4425,1,0,False,False,9 10,9 10,J,J 3 10,19,23,stand,1.0,win_dealer_bust,1.0
4425,45,Basic,4426,1,0,False,False,Q J,Q J,K,K 6 A,20,17,stand,1.0,win,1.0
4426,45,Basic,4427,1,0,False,False,4 10,4 10,3,3 10 Q,14,23,stand,1.0,win_dealer_bust,1.0
4427,45,Basic,4428,1,0,False,False,5 4,5 4 Q,3,3 3 7 Q,19,23,double,2.0,win_dealer_bust,2.0
4428,45,Basic,4429,1,0,False,False,6 A,6 A Q,8,8 J,17,18,hit > stand,1.0,loss,-1.0
4429,45,Basic,4430,1,1,True,True,A 7,A 7,A,A 5 4,18,20,stand_after_split_aces,1.0,loss,-1.0
4429,45,Basic,4430,2,1,True,True,A 2,A 2,A,A 5 4,13,20,stand_after_split_aces,1.0,loss,-1.0
4430,45,Basic,4431,1,0,False,False,4 6,4 6 9,2,2 9 8,19,19,double,2.0,push,0.0
4431,45,Basic,4432,1,0,False,False,4 7,4 7 7,8,8 J,18,18,double,2.0,push,0.0
4432,45,Basic,4433,1,0,False,False,J 4,J 4,6,6 8 10,14,24,stand,1.0,win_dealer_bust,1.0
4433,45,Basic,4434,1,0,False,False,2 9,2 9 J,9,9 6 8,21,23,double,2.0,win_dealer_bust,2.0
4434,45,Basic,4435,1,0,False,False,J A,J A,8,8 3,21,11,blackjack_check,1.0,player_blackjack,1.5
4435,45,Basic,4436,1,0,False,False,A 7,A 7 Q,3,3 8 8,18,19,double,2.0,loss,-2.0
4436,45,Basic,4437,1,0,False,False,4 2,4 2 9 8,K,K 9,23,19,hit > hit,1.0,loss_bust,-1.0
4437,45,Basic,4438,1,0,False,False,6 5,6 5 3,5,5 Q 7,14,22,double,2.0,win_dealer_bust,2.0
4438,45,Basic,4439,1,0,False,False,10 3,10 3 7,7,7 3 5 6,20,21,hit > stand,1.0,loss,-1.0
4439,45,Basic,4440,1,0,False,False,3 8,3 8 Q,7,7 7 6,21,20,double,2.0,win,2.0
4440,45,Basic,4441,1,0,False,False,9 10,9 10,7,7 5 5,19,17,stand,1.0,win,1.0
4441,45,Basic,4442,1,0,False,False,10 J,10 J,3,3 5 6 10,20,24,stand,1.0,win_dealer_bust,1.0
4442,45,Basic,4443,1,0,False,False,5 5,5 5 7,9,9 Q,17,19,double,2.0,loss,-2.0
4443,45,Basic,4444,1,0,False,False,3 9,3 9 9,7,7 Q,21,17,hit,1.0,win,1.0
4444,45,Basic,4445,1,0,False,False,8 J,8 J,9,9 J,18,19,stand,1.0,loss,-1.0
4445,45,Basic,4446,1,0,False,False,6 6,6 6 A 7,9,9 2 3 4,20,18,hit > hit > stand,1.0,win,1.0
4446,45,Basic,4447,1,0,False,False,8 7,8 7 3,8,8 6 A 10,18,25,hit > stand,1.0,win_dealer_bust,1.0
4447,45,Basic,4448,1,0,False,False,2 J,2 J,4,4 8 10,12,22,stand,1.0,win_dealer_bust,1.0
4448,45,Basic,4449,1,0,False,False,J 8,J 8,7,7 3 6 K,18,26,stand,1.0,win_dealer_bust,1.0
4449,45,Basic,4450,1,0,False,False,6 Q,6 Q A,K,K 6 J,17,26,hit > stand,1.0,win_dealer_bust,1.0
4450,45,Basic,4451,1,0,False,False,7 3,7 3 2,3,3 4 8 K,12,25,double,2.0,win_dealer_bust,2.0
4451,45,Basic,4452,1,0,False,False,Q J,Q J,4,4 5 Q,20,19,stand,1.0,win,1.0
4452,45,Basic,4453,1,0,False,False,A 3,A 3 A 9 5,7,7 K,19,17,hit > hit > hit > stand,1.0,win,1.0
4453,45,Basic,4454,1,0,False,False,8 K,8 K,J,J 3 8,18,21,stand,1.0,loss,-1.0
4454,45,Basic,4455,1,0,False,False,Q 8,Q 8,10,10 K,18,20,stand,1.0,loss,-1.0
4455,45,Basic,4456,1,0,False,False,10 8,10 8,10,10 6 Q,18,26,stand,1.0,win_dealer_bust,1.0
4456,45,Basic,4457,1,0,False,False,9 Q,9 Q,5,5 7 A 5,19,18,stand,1.0,win,1.0
4457,45,Basic,4458,1,0,False,False,4 5,4 5 2 7,2,2 K 3 4,18,19,hit > hit > stand,1.0,loss,-1.0
4458,45,Basic,4459,1,1,True,False,8 Q,8 Q,5,5 5 J,18,20,stand,1.0,loss,-1.0
4458,45,Basic,4459,2,1,True,False,8 3,8 3 4,5,5 5 J,15,20,double,2.0,loss,-2.0
4459,45,Basic,4460,1,0,False,False,Q 3,Q 3,4,4 3 2 9,13,18,stand,1.0,loss,-1.0
4460,45,Basic,4461,1,0,False,False,6 K,6 K,5,5 4 9,16,18,stand,1.0,loss,-1.0
4461,45,Basic,4462,1,0,False,False,10 5,10 5,6,6 10 10,15,26,stand,1.0,win_dealer_bust,1.0
4462,45,Basic,4463,1,0,False,False,3 2,3 2 10 6,A,A 8,21,19,hit > hit,1.0,win,1.0
4463,45,Basic,4464,1,0,False,False,2 10,2 10,6,6 4 4 8,12,22,stand,1.0,win_dealer_bust,1.0
4464,45,Basic,4465,1,0,False,False,7 8,7 8,5,5 J A Q,15,26,stand,1.0,win_dealer_bust,1.0
4465,45,Basic,4466,1,0,False,False,10 3,10 3 2 10,Q,Q 9,25,19,hit > hit,1.0,loss_bust,-1.0
4466,45,Basic,4467,1,0,False,False,A 8,A 8,Q,Q 4 Q,19,24,stand,1.0,win_dealer_bust,1.0
4467,45,Basic,4468,1,0,False,False,4 K,4 K,5,5 Q 5,14,20,stand,1.0,loss,-1.0
4468,45,Basic,4469,1,0,False,False,3 3,3 3 8 9,J,J Q,23,20,hit > hit,1.0,loss_bust,-1.0
4469,45,Basic,4470,1,0,False,False,4 K,4 K,5,5 A 7 2 8,14,23,stand,1.0,win_dealer_bust,1.0
4470,45,Basic,4471,1,0,False,False,A 2,A 2 6,7,7 7 3,19,17,hit > stand,1.0,win,1.0
4471,45,Basic,4472,1,0,False,False,Q 8,Q 8,9,9 Q,18,19,stand,1.0,loss,-1.0
4472,45,Basic,4473,1,0,False,False,A 2,A 2 A J K,10,10 4,24,14,hit > hit > hit,1.0,loss_bust,-1.0
4473,45,Basic,4474,1,0,False,False,4 10,4 10,2,2 2 7 A 9,14,21,stand,1.0,loss,-1.0
4474,45,Basic,4475,1,0,False,False,9 K,9 K,8,8 2 Q,19,20,stand,1.0,loss,-1.0
4475,45,Basic,4476,1,0,False,False,6 A,6 A 10,J,J 4 J,17,24,hit > stand,1.0,win_dealer_bust,1.0
4476,45,Basic,4477,1,0,False,False,6 7,6 7 8,8,8 4 6,21,18,hit,1.0,win,1.0
4477,45,Basic,4478,1,0,False,False,3 10,3 10,2,2 Q 8,13,20,stand,1.0,loss,-1.0
4478,45,Basic,4479,1,0,False,False,Q 3,Q 3 K,9,9 4,23,13,hit,1.0,loss_bust,-1.0
4479,45,Basic,4480,1,0,False,False,5 A,5 A 2,7,7 5 8,18,20,hit > stand,1.0,loss,-1.0
4480,45,Basic,4481,1,0,False,False,7 Q,7 Q,10,10 J,17,20,stand,1.0,loss,-1.0
4481,45,Basic,4482,1,0,False,False,A 4,A 4 2 4,J,J 6 9,21,25,hit > hit,1.0,win_dealer_bust,1.0
4482,45,Basic,4483,1,0,False,False,2 9,2 9 6,6,6 A,17,17,double,2.0,push,0.0
4483,45,Basic,4484,1,0,False,False,4 4,4 4 2 K,9,9 2 3 5,20,19,hit > hit > stand,1.0,win,1.0
4484,45,Basic,4485,1,0,False,False,A 9,A 9,8,8 Q,20,18,stand,1.0,win,1.0
4485,45,Basic,4486,1,0,False,False,5 8,5 8 6,Q,Q 7,19,17,hit > stand,1.0,win,1.0
4486,45,Basic,4487,1,0,False,False,9 A,9 A,4,4 4 2 A,20,21,stand,1.0,loss,-1.0
4487,45,Basic,4488,1,0,False,False,5 4,5 4 2,6,6 9 K,11,25,double,2.0,win_dealer_bust,2.0
4488,45,Basic,4489,1,0,False,False,8 3,8 3 4,3,3 8 A 10,15,22,double,2.0,win_dealer_bust,2.0
4489,45,Basic,4490,1,0,False,False,Q 3,Q 3,4,4 A A 3,13,19,stand,1.0,loss,-1.0
4490,45,Basic,4491,1,0,False,False,10 6,10 6 2,9,9 7 7,18,23,hit > stand,1.0,win_dealer_bust,1.0
4491,45,Basic,4492,1,0,False,False,6 7,6 7,4,4 10 6,13,20,stand,1.0,loss,-1.0
4492,45,Basic,4493,1,0,False,False,9 10,9 10,7,7 Q,19,17,stand,1.0,win,1.0
4493,45,Basic,4494,1,0,False,False,4 J,4 J,2,2 10 K,14,22,stand,1.0,win_dealer_bust,1.0
4494,45,Basic,4495,1,0,False,False,K 4,K 4 8,A,A 8,22,19,hit,1.0,loss_bust,-1.0
4495,45,Basic,4496,1,0,False,False,Q 6,Q 6 Q,9,9 3,26,12,hit,1.0,loss_bust,-1.0
4496,45,Basic,4497,1,0,False,False,A 2,A 2 K 4,A,A 7,17,18,hit > hit > stand,1.0,loss,-1.0
4497,45,Basic,4498,1,0,False,False,4 Q,4 Q,3,3 6 K,14,19,stand,1.0,loss,-1.0
4498,45,Basic,4499,1,0,False,False,8 9,8 9,2,2 2 2 A,17,17,stand,1.0,push,0.0
4499,45,Basic,4500,1,0,False,False,2 6,2 6 6,4,4 6 A,14,21,hit > stand,1.0,loss,-1.0
4500,45,Basic,4501,1,0,False,False,5 4,5 4 9,5,5 8 K,18,23,double,2.0,win_dealer_bust,2.0
4501,46,Simplified,4502,1,0,False,False,9 9,9 9,A,A 9,18,20,stand,1.0,loss,-1.0
4502,46,Simplified,4503,1,0,False,False,J 7,J 7,8,8 Q,17,18,stand,1.0,loss,-1.0
4503,46,Simplified,4504,1,0,False,False,9 Q,9 Q,K,K 3 5,19,18,stand,1.0,win,1.0
4504,46,Simplified,4505,1,0,False,False,8 3,8 3 7,10,10 K,18,20,hit > stand,1.0,loss,-1.0
4505,46,Simplified,4506,1,0,False,False,8 K,8 K,10,10 A,18,21,blackjack_check,1.0,dealer_blackjack,-1.0
4506,46,Simplified,4507,1,0,False,False,J 9,J 9,4,4 K A 10,19,25,stand,1.0,win_dealer_bust,1.0
4507,46,Simplified,4508,1,0,False,False,8 J,8 J,J,J 5 K,18,25,stand,1.0,win_dealer_bust,1.0
4508,46,Simplified,4509,1,0,False,False,8 6,8 6,6,6 2 3 10,14,21,stand,1.0,loss,-1.0
4509,46,Simplified,4510,1,0,False,False,8 3,8 3 7,9,9 10,18,19,hit > stand,1.0,loss,-1.0
4510,46,Simplified,4511,1,0,False,False,A 3,A 3 J,4,4 10 Q,14,24,hit > stand,1.0,win_dealer_bust,1.0
4511,46,Simplified,4512,1,0,False,False,J 6,J 6,3,3 8 5 3,16,19,stand,1.0,loss,-1.0
4512,46,Simplified,4513,1,0,False,False,K 6,K 6,A,A J,16,21,blackjack_check,1.0,dealer_blackjack,-1.0
4513,46,Simplified,4514,1,0,False,False,10 2,10 2,3,3 9 4 5,12,21,stand,1.0,loss,-1.0
4514,46,Simplified,4515,1,0,False,False,6 6,6 6,K,K 2 6,12,18,stand,1.0,loss,-1.0
4515,46,Simplified,4516,1,0,False,False,Q 3,Q 3,5,5 6 J,13,21,stand,1.0,loss,-1.0
4516,46,Simplified,4517,1,0,False,False,2 Q,2 Q,J,J 9,12,19,stand,1.0,loss,-1.0
4517,46,Simplified,4518,1,0,False,False,10 6,10 6,J,J 5 Q,16,25,stand,1.0,win_dealer_bust,1.0
4518,46,Simplified,4519,1,0,False,False,8 4,8 4,K,K K,12,20,stand,1.0,loss,-1.0
4519,46,Simplified,4520,1,0,False,False,7 8,7 8,A,A A 10 2 K,15,24,stand,1.0,win_dealer_bust,1.0
4520,46,Simplified,4521,1,0,False,False,4 K,4 K,K,K A,14,21,blackjack_check,1.0,dealer_blackjack,-1.0
4521,46,Simplified,4522,1,0,False,False,A 2,A 2 J,6,6 2 10,13,18,hit > stand,1.0,loss,-1.0
4522,46,Simplified,4523,1,0,False,False,3 10,3 10,6,6 Q 5,13,21,stand,1.0,loss,-1.0
4523,46,Simplified,4524,1,0,False,False,5 A,5 A 2,2,2 3 A 10 9,18,25,hit > stand,1.0,win_dealer_bust,1.0
4524,46,Simplified,4525,1,0,False,False,K 3,K 3,10,10 6 J,13,26,stand,1.0,win_dealer_bust,1.0
4525,46,Simplified,4526,1,0,False,False,A 8,A 8,5,5 6 3 J,19,24,stand,1.0,win_dealer_bust,1.0
4526,46,Simplified,4527,1,0,False,False,Q 2,Q 2,2,2 A A 8 2 4,12,18,stand,1.0,loss,-1.0
4527,46,Simplified,4528,1,0,False,False,8 7,8 7,9,9 Q,15,19,stand,1.0,loss,-1.0
4528,46,Simplified,4529,1,0,False,False,K 6,K 6,8,8 4 6,16,18,stand,1.0,loss,-1.0
4529,46,Simplified,4530,1,0,False,False,J 9,J 9,J,J 4 7,19,21,stand,1.0,loss,-1.0
4530,46,Simplified,4531,1,0,False,False,5 A,5 A 9,4,4 J 5,15,19,hit > stand,1.0,loss,-1.0
4531,46,Simplified,4532,1,0,False,False,8 7,8 7,9,9 5 6,15,20,stand,1.0,loss,-1.0
4532,46,Simplified,4533,1,0,False,False,4 10,4 10,A,A 4 6,14,21,stand,1.0,loss,-1.0
4533,46,Simplified,4534,1,0,False,False,8 A,8 A,J,J 10,19,20,stand,1.0,loss,-1.0
4534,46,Simplified,4535,1,0,False,False,8 10,8 10,9,9 7 4,18,20,stand,1.0,loss,-1.0
4535,46,Simplified,4536,1,0,False,False,7 8,7 8,2,2 9 6,15,17,stand,1.0,loss,-1.0
4536,46,Simplified,4537,1,0,False,False,8 10,8 10,6,6 A,18,17,stand,1.0,win,1.0
4537,46,Simplified,4538,1,0,False,False,8 9,8 9,8,8 A,17,19,stand,1.0,loss,-1.0
4538,46,Simplified,4539,1,0,False,False,8 3,8 3 4,A,A 4 K 6,15,21,hit > stand,1.0,loss,-1.0
4539,46,Simplified,4540,1,0,False,False,10 K,10 K,6,6 3 K,20,19,stand,1.0,win,1.0
4540,46,Simplified,4541,1,0,False,False,2 10,2 10,2,2 6 8 Q,12,26,stand,1.0,win_dealer_bust,1.0
4541,46,Simplified,4542,1,0,False,False,6 J,6 J,4,4 J Q,16,24,stand,1.0,win_dealer_bust,1.0
4542,46,Simplified,4543,1,0,False,False,10 4,10 4,9,9 4 2 8,14,23,stand,1.0,win_dealer_bust,1.0
4543,46,Simplified,4544,1,0,False,False,A 2,A 2 A A 3,10,10 10,18,20,hit > hit > hit > stand,1.0,loss,-1.0
4544,46,Simplified,4545,1,0,False,False,6 2,6 2 6,2,2 Q 6,14,18,hit > stand,1.0,loss,-1.0
4545,46,Simplified,4546,1,0,False,False,2 9,2 9,K,K A,11,21,blackjack_check,1.0,dealer_blackjack,-1.0
4546,46,Simplified,4547,1,0,False,False,6 K,6 K,K,K 8,16,18,stand,1.0,loss,-1.0
4547,46,Simplified,4548,1,0,False,False,8 10,8 10,K,K 2 J,18,22,stand,1.0,win_dealer_bust,1.0
4548,46,Simplified,4549,1,0,False,False,10 J,10 J,9,9 2 J,20,21,stand,1.0,loss,-1.0
4549,46,Simplified,4550,1,0,False,False,3 A,3 A 5,A,A 4 3,19,18,hit > stand,1.0,win,1.0
4550,46,Simplified,4551,1,0,False,False,7 7,7 7,10,10 6 9,14,25,stand,1.0,win_dealer_bust,1.0
4551,46,Simplified,4552,1,0,False,False,K A,K A,7,7 7,21,14,blackjack_check,1.0,player_blackjack,1.5
4552,46,Simplified,4553,1,0,False,False,4 9,4 9,4,4 9 2 7,13,22,stand,1.0,win_dealer_bust,1.0
4553,46,Simplified,4554,1,0,False,False,A 7,A 7,Q,Q K,18,20,stand,1.0,loss,-1.0
4554,46,Simplified,4555,1,0,False,False,7 10,7 10,K,K 5 4,17,19,stand,1.0,loss,-1.0
4555,46,Simplified,4556,1,0,False,False,10 2,10 2,9,9 7 4,12,20,stand,1.0,loss,-1.0
4556,46,Simplified,4557,1,0,False,False,5 K,5 K,A,A 9,15,20,stand,1.0,loss,-1.0
4557,46,Simplified,4558,1,0,False,False,6 2,6 2,A,A 10,8,21,blackjack_check,1.0,dealer_blackjack,-1.0
4558,46,Simplified,4559,1,0,False,False,Q A,Q A,8,8 6,21,14,blackjack_check,1.0,player_blackjack,1.5
4559,46,Simplified,4560,1,0,False,False,10 2,10 2,7,7 7 A K,12,25,stand,1.0,win_dealer_bust,1.0
4560,46,Simplified,4561,1,0,False,False,Q 7,Q 7,5,5 A 5,17,21,stand,1.0,loss,-1.0
4561,46,Simplified,4562,1,0,False,False,5 3,5 3 6,10,10 3 10,14,23,hit > stand,1.0,win_dealer_bust,1.0
4562,46,Simplified,4563,1,0,False,False,6 4,6 4 Q,10,10 2 2 4,20,18,hit > stand,1.0,win,1.0
4563,46,Simplified,4564,1,0,False,False,10 2,10 2,9,9 8,12,17,stand,1.0,loss,-1.0
4564,46,Simplified,4565,1,0,False,False,6 9,6 9,Q,Q 5 A 10,15,26,stand,1.0,win_dealer_bust,1.0
4565,46,Simplified,4566,1,0,False,False,4 8,4 8,7,7 4 A 10,12,22,stand,1.0,win_dealer_bust,1.0
4566,46,Simplified,4567,1,0,False,False,J K,J K,Q,Q 8,20,18,stand,1.0,win,1.0
4567,46,Simplified,4568,1,0,False,False,8 8,8 8,7,7 5 10,16,22,stand,1.0,win_dealer_bust,1.0
4568,46,Simplified,4569,1,0,False,False,4 10,4 10,K,K 4 10,14,24,stand,1.0,win_dealer_bust,1.0
4569,46,Simplified,4570,1,0,False,False,4 2,4 2 6,3,3 8 6,12,17,hit > stand,1.0,loss,-1.0
4570,46,Simplified,4571,1,0,False,False,2 8,2 8 8,8,8 5 5,18,18,hit > stand,1.0,push,0.0
4571,46,Simplified,4572,1,0,False,False,A 6,A 6 6,Q,Q K,13,20,hit > stand,1.0,loss,-1.0
4572,46,Simplified,4573,1,0,False,False,4 8,4 8,8,8 4 10,12,22,stand,1.0,win_dealer_bust,1.0
4573,46,Simplified,4574,1,0,False,False,7 3,7 3 K,5,5 Q 3,20,18,hit > stand,1.0,win,1.0
4574,46,Simplified,4575,1,0,False,False,4 4,4 4,A,A 10,8,21,blackjack_check,1.0,dealer_blackjack,-1.0
4575,46,Simplified,4576,1,0,False,False,Q J,Q J,8,8 9,20,17,stand,1.0,win,1.0
4576,46,Simplified,4577,1,0,False,False,9 2,9 2 5,Q,Q K,16,20,hit > stand,1.0,loss,-1.0
4577,46,Simplified,4578,1,0,False,False,3 K,3 K,J,J K,13,20,stand,1.0,loss,-1.0
4578,46,Simplified,4579,1,0,False,False,7 7,7 7,5,5 J 8,14,23,stand,1.0,win_dealer_bust,1.0
4579,46,Simplified,4580,1,0,False,False,2 A,2 A 7,10,10 6 5,20,21,hit > stand,1.0,loss,-1.0
4580,46,Simplified,4581,1,0,False,False,7 5,7 5,4,4 2 A,12,17,stand,1.0,loss,-1.0
4581,46,Simplified,4582,1,0,False,False,9 7,9 7,K,K 3 3 8,16,24,stand,1.0,win_dealer_bust,1.0
4582,46,Simplified,4583,1,0,False,False,9 4,9 4,8,8 2 6 6,13,22,stand,1.0,win_dealer_bust,1.0
4583,46,Simplified,4584,1,0,False,False,4 A,4 A Q,8,8 6 2 7,15,23,hit > stand,1.0,win_dealer_bust,1.0
4584,46,Simplified,4585,1,0,False,False,6 6,6 6,6,6 3 9,12,18,stand,1.0,loss,-1.0
4585,46,Simplified,4586,1,0,False,False,2 9,2 9,A,A 10,11,21,blackjack_check,1.0,dealer_blackjack,-1.0
4586,46,Simplified,4587,1,0,False,False,4 10,4 10,J,J 7,14,17,stand,1.0,loss,-1.0
4587,46,Simplified,4588,1,0,False,False,K A,K A,3,3 J,21,13,blackjack_check,1.0,player_blackjack,1.5
4588,46,Simplified,4589,1,0,False,False,10 10,10 10,5,5 4 5 K,20,24,stand,1.0,win_dealer_bust,1.0
4589,46,Simplified,4590,1,0,False,False,4 K,4 K,K,K 6 3,14,19,stand,1.0,loss,-1.0
4590,46,Simplified,4591,1,0,False,False,Q Q,Q Q,2,2 K 4 5,20,21,stand,1.0,loss,-1.0
4591,46,Simplified,4592,1,0,False,False,2 Q,2 Q,K,K K,12,20,stand,1.0,loss,-1.0
4592,46,Simplified,4593,1,0,False,False,A 5,A 5 K,3,3 K 10,16,23,hit > stand,1.0,win_dealer_bust,1.0
4593,46,Simplified,4594,1,0,False,False,J 10,J 10,J,J Q,20,20,stand,1.0,push,0.0
4594,46,Simplified,4595,1,0,False,False,Q 7,Q 7,K,K 9,17,19,stand,1.0,loss,-1.0
4595,46,Simplified,4596,1,0,False,False,8 K,8 K,A,A 9,18,20,stand,1.0,loss,-1.0
4596,46,Simplified,4597,1,0,False,False,5 Q,5 Q,J,J J,15,20,stand,1.0,loss,-1.0
4597,46,Simplified,4598,1,0,False,False,8 2,8 2 A,4,4 4 9,21,17,hit,1.0,win,1.0
4598,46,Simplified,4599,1,0,False,False,7 5,7 5,J,J K,12,20,stand,1.0,loss,-1.0
4599,46,Simplified,4600,1,0,False,False,J 8,J 8,8,8 10,18,18,stand,1.0,push,0.0
4600,46,Simplified,4601,1,0,False,False,8 3,8 3 5,J,J 10,16,20,hit > stand,1.0,loss,-1.0
4601,47,Basic,4602,1,0,False,False,2 A,2 A Q,4,4 5 7 2,13,18,hit > stand,1.0,loss,-1.0
4602,47,Basic,4603,1,0,False,False,5 Q,5 Q,3,3 6 K,15,19,stand,1.0,loss,-1.0
4603,47,Basic,4604,1,0,False,False,Q 9,Q 9,3,3 5 10,19,18,stand,1.0,win,1.0
4604,47,Basic,4605,1,0,False,False,10 K,10 K,7,7 10,20,17,stand,1.0,win,1.0
4605,47,Basic,4606,1,0,False,False,10 7,10 7,4,4 3 4 K,17,21,stand,1.0,loss,-1.0
4606,47,Basic,4607,1,0,False,False,4 9,4 9 10,7,7 9,23,16,hit,1.0,loss_bust,-1.0
4607,47,Basic,4608,1,0,False,False,2 5,2 5 9,6,6 7 5,16,18,hit > stand,1.0,loss,-1.0
4608,47,Basic,4609,1,0,False,False,J 5,J 5 4,10,10 4 Q,19,24,hit > stand,1.0,win_dealer_bust,1.0
4609,47,Basic,4610,1,0,False,False,7 2,7 2 6,5,5 7 5,15,17,double,2.0,loss,-2.0
4610,47,Basic,4611,1,0,False,False,A 6,A 6 3,K,K 7,20,17,hit > stand,1.0,win,1.0
4611,47,Basic,4612,1,0,False,False,8 9,8 9,4,4 9 2 8,17,23,stand,1.0,win_dealer_bust,1.0
4612,47,Basic,4613,1,0,False,False,8 10,8 10,5,5 4 7 K,18,26,stand,1.0,win_dealer_bust,1.0
4613,47,Basic,4614,1,0,False,False,2 3,2 3 6 4 10,K,K J,25,20,hit > hit > hit,1.0,loss_bust,-1.0
4614,47,Basic,4615,1,0,False,False,A 5,A 5 7 Q,10,10 9,23,19,hit > hit,1.0,loss_bust,-1.0
4615,47,Basic,4616,1,0,False,False,6 7,6 7 3 5,7,7 8 6,21,21,hit > hit,1.0,push,0.0
4616,47,Basic,4617,1,0,False,False,10 4,10 4,A,A J,14,21,blackjack_check,1.0,dealer_blackjack,-1.0
4617,47,Basic,4618,1,0,False,False,J K,J K,Q,Q 3 2 2,20,17,stand,1.0,win,1.0
4618,47,Basic,4619,1,0,False,False,Q 4,Q 4 10,10,10 9,24,19,hit,1.0,loss_bust,-1.0
4619,47,Basic,4620,1,0,False,False,7 9,7 9,3,3 J A Q,16,24,stand,1.0,win_dealer_bust,1.0
4620,47,Basic,4621,1,0,False,False,2 9,2 9 J,5,5 6 10,21,21,double,2.0,push,0.0
4621,47,Basic,4622,1,0,False,False,A 7,A 7 2,5,5 9 8,20,22,double,2.0,win_dealer_bust,2.0
4622,47,Basic,4623,1,0,False,False,J Q,J Q,Q,Q 7,20,17,stand,1.0,win,1.0
4623,47,Basic,4624,1,0,False,False,4 7,4 7 10,5,5 5 6 3,21,19,double,2.0,win,2.0
4624,47,Basic,4625,1,0,False,False,9 5,9 5,3,3 8 J,14,21,stand,1.0,loss,-1.0
4625,47,Basic,4626,1,0,False,False,J Q,J Q,8,8 9,20,17,stand,1.0,win,1.0
4626,47,Basic,4627,1,0,False,False,J 2,J 2 5,Q,Q 2 6,17,18,hit > stand,1.0,loss,-1.0
4627,47,Basic,4628,1,0,False,False,4 3,4 3 K,2,2 6 3 Q,17,21,hit > stand,1.0,loss,-1.0
4628,47,Basic,4629,1,0,False,False,3 7,3 7 10,J,J J,20,20,hit > stand,1.0,push,0.0
4629,47,Basic,4630,1,0,False,False,A J,A J,10,10 Q,21,20,blackjack_check,1.0,player_blackjack,1.5
4630,47,Basic,4631,1,0,False,False,2 J,2 J 2 J,7,7 2,24,9,hit > hit,1.0,loss_bust,-1.0
4631,47,Basic,4632,1,0,False,False,6 3,6 3 7 A,8,8 K,17,18,hit > hit > stand,1.0,loss,-1.0
4632,47,Basic,4633,1,0,False,False,5 Q,5 Q 10,K,K J,25,20,hit,1.0,loss_bust,-1.0
4633,47,Basic,4634,1,0,False,False,4 3,4 3 A,7,7 5 4 8,18,24,hit > stand,1.0,win_dealer_bust,1.0
4634,47,Basic,4635,1,0,False,False,8 K,8 K,7,7 4 2 10,18,23,stand,1.0,win_dealer_bust,1.0
4635,47,Basic,4636,1,0,False,False,6 8,6 8 7,K,K 2 A 9,21,22,hit,1.0,win_dealer_bust,1.0
4636,47,Basic,4637,1,0,False,False,10 Q,10 Q,10,10 J,20,20,stand,1.0,push,0.0
4637,47,Basic,4638,1,0,False,False,K 8,K 8,Q,Q 6 2,18,18,stand,1.0,push,0.0
4638,47,Basic,4639,1,0,False,False,K 3,K 3 7,10,10 4 9,20,23,hit > stand,1.0,win_dealer_bust,1.0
4639,47,Basic,4640,1,0,False,False,A 9,A 9,4,4 K 10,20,24,stand,1.0,win_dealer_bust,1.0
4640,47,Basic,4641,1,0,False,False,J 4,J 4,6,6 A,14,17,stand,1.0,loss,-1.0
4641,47,Basic,4642,1,0,False,False,8 3,8 3 6,7,7 A,17,18,double,2.0,loss,-2.0
4642,47,Basic,4643,1,0,False,False,7 10,7 10,5,5 6 7,17,18,stand,1.0,loss,-1.0
4643,47,Basic,4644,1,0,False,False,9 8,9 8,Q,Q Q,17,20,stand,1.0,loss,-1.0
4644,47,Basic,4645,1,0,False,False,3 7,3 7 5 9,A,A 6,24,17,hit > hit,1.0,loss_bust,-1.0
4645,47,Basic,4646,1,0,False,False,K 2,K 2 7,Q,Q 6 5,19,21,hit > stand,1.0,loss,-1.0
4646,47,Basic,4647,1,0,False,False,5 7,5 7 Q,10,10 3,22,13,hit,1.0,loss_bust,-1.0
4647,47,Basic,4648,1,0,False,False,9 10,9 10,3,3 5 9,19,17,stand,1.0,win,1.0
4648,47,Basic,4649,1,0,False,False,9 J,9 J,8,8 8 5,19,21,stand,1.0,loss,-1.0
4649,47,Basic,4650,1,0,False,False,2 2,2 2 8 9,J,J J,21,20,hit > hit,1.0,win,1.0
4650,47,Basic,4651,1,0,False,False,4 10,4 10 4,10,10 3 6,18,19,hit > stand,1.0,loss,-1.0
4651,47,Basic,4652,1,0,False,False,Q 8,Q 8,K,K 4 Q,18,24,stand,1.0,win_dealer_bust,1.0
4652,47,Basic,4653,1,0,False,False,J A,J A,10,10 5,21,15,blackjack_check,1.0,player_blackjack,1.5
4653,47,Basic,4654,1,0,False,False,8 A,8 A,K,K 3 2 4,19,19,stand,1.0,push,0.0
4654,47,Basic,4655,1,0,False,False,K 2,K 2 6,8,8 9,18,17,hit > stand,1.0,win,1.0
4655,47,Basic,4656,1,0,False,False,7 K,7 K,8,8 K,17,18,stand,1.0,loss,-1.0
4656,47,Basic,4657,1,0,False,False,9 2,9 2 3,5,5 5 K,14,20,double,2.0,loss,-2.0
4657,47,Basic,4658,1,0,False,False,9 J,9 J,5,5 4 A,19,20,stand,1.0,loss,-1.0
4658,47,Basic,4659,1,0,False,False,4 4,4 4 7 3,Q,Q J,18,20,hit > hit > stand,1.0,loss,-1.0
4659,47,Basic,4660,1,0,False,False,Q 4,Q 4 K,7,7 8,24,15,hit,1.0,loss_bust,-1.0
4660,47,Basic,4661,1,0,False,False,9 10,9 10,K,K K,19,20,stand,1.0,loss,-1.0
4661,47,Basic,4662,1,0,False,False,4 A,4 A K,2,2 8 J,15,20,hit > stand,1.0,loss,-1.0
4662,47,Basic,4663,1,0,False,False,K 2,K 2 K,K,K 5,22,15,hit,1.0,loss_bust,-1.0
4663,47,Basic,4664,1,0,False,False,10 8,10 8,7,7 Q,18,17,stand,1.0,win,1.0
4664,47,Basic,4665,1,0,False,False,2 2,2 2 K 10,8,8 Q,24,18,hit > hit,1.0,loss_bust,-1.0
4665,47,Basic,4666,1,0,False,False,2 K,2 K 2,3,3 A 6,14,20,hit > stand,1.0,loss,-1.0
4666,47,Basic,4667,1,0,False,False,5 9,5 9 4,9,9 6 K,18,25,hit > stand,1.0,win_dealer_bust,1.0
4667,47,Basic,4668,1,1,True,True,A 5,A 5,10,10 9,16,19,stand_after_split_aces,1.0,loss,-1.0
4667,47,Basic,4668,2,1,True,True,A J,A J,10,10 9,21,19,stand_after_split_aces,1.0,win,1.0
4668,47,Basic,4669,1,0,False,False,4 10,4 10 6,7,7 2 Q,20,19,hit > stand,1.0,win,1.0
4669,47,Basic,4670,1,0,False,False,9 3,9 3 8,J,J 2 6,20,18,hit > stand,1.0,win,1.0
4670,47,Basic,4671,1,0,False,False,4 6,4 6 6 K,K,K 4,26,14,hit > hit,1.0,loss_bust,-1.0
4671,47,Basic,4672,1,0,False,False,7 2,7 2 6 J,K,K 9,25,19,hit > hit,1.0,loss_bust,-1.0
4672,47,Basic,4673,1,0,False,False,7 3,7 3 J,5,5 10 J,20,25,double,2.0,win_dealer_bust,2.0
4673,47,Basic,4674,1,0,False,False,6 K,6 K 10,7,7 3,26,10,hit,1.0,loss_bust,-1.0
4674,47,Basic,4675,1,0,False,False,3 K,3 K 8,7,7 5 Q,21,22,hit,1.0,win_dealer_bust,1.0
4675,47,Basic,4676,1,0,False,False,K 2,K 2 3 10,Q,Q 3,25,13,hit > hit,1.0,loss_bust,-1.0
4676,47,Basic,4677,1,0,False,False,6 7,6 7,J,J A,13,21,blackjack_check,1.0,dealer_blackjack,-1.0
4677,47,Basic,4678,1,0,False,False,2 4,2 4 K 9,Q,Q 10,25,20,hit > hit,1.0,loss_bust,-1.0
4678,47,Basic,4679,1,0,False,False,Q Q,Q Q,9,9 3 A 5,20,18,stand,1.0,win,1.0
4679,47,Basic,4680,1,0,False,False,7 4,7 4 9,7,7 3 Q,20,20,double,2.0,push,0.0
4680,47,Basic,4681,1,0,False,False,2 3,2 3 10,2,2 K 4 5,15,21,hit > stand,1.0,loss,-1.0
4681,47,Basic,4682,1,0,False,False,9 A,9 A,3,3 4 8 7,20,22,stand,1.0,win_dealer_bust,1.0
4682,47,Basic,4683,1,0,False,False,6 7,6 7,3,3 3 A,13,17,stand,1.0,loss,-1.0
4683,47,Basic,4684,1,0,False,False,Q J,Q J,8,8 5 9,20,22,stand,1.0,win_dealer_bust,1.0
4684,47,Basic,4685,1,1,True,False,2 K,2 K,5,5 Q 8,12,23,stand,1.0,win_dealer_bust,1.0
4684,47,Basic,4685,2,1,True,False,2 5,2 5 7,5,5 Q 8,14,23,hit > stand,1.0,win_dealer_bust,1.0
4685,47,Basic,4686,1,0,False,False,6 9,6 9 10,A,A 8,25,19,hit,1.0,loss_bust,-1.0
4686,47,Basic,4687,1,0,False,False,3 A,3 A 10,5,5 8 4,14,17,double,2.0,loss,-2.0
4687,47,Basic,4688,1,0,False,False,2 7,2 7,Q,Q A,9,21,blackjack_check,1.0,dealer_blackjack,-1.0
4688,47,Basic,4689,1,0,False,False,10 9,10 9,5,5 3 8 Q,19,26,stand,1.0,win_dealer_bust,1.0
4689,47,Basic,4690,1,1,True,False,8 9,8 9,2,2 5 K,17,17,stand,1.0,push,0.0
4689,47,Basic,4690,2,1,True,False,8 9,8 9,2,2 5 K,17,17,stand,1.0,push,0.0
4690,47,Basic,4691,1,0,False,False,9 8,9 8,8,8 5 2 2,17,17,stand,1.0,push,0.0
4691,47,Basic,4692,1,0,False,False,5 7,5 7 6,K,K 2 Q,18,22,hit > stand,1.0,win_dealer_bust,1.0
4692,47,Basic,4693,1,0,False,False,2 7,2 7 10,4,4 6 K,19,20,double,2.0,loss,-2.0
4693,47,Basic,4694,1,0,False,False,9 10,9 10,5,5 6 4 Q,19,25,stand,1.0,win_dealer_bust,1.0
4694,47,Basic,4695,1,0,False,False,4 J,4 J 10,8,8 Q,24,18,hit,1.0,loss_bust,-1.0
4695,47,Basic,4696,1,0,False,False,10 J,10 J,9,9 10,20,19,stand,1.0,win,1.0
4696,47,Basic,4697,1,0,False,False,Q K,Q K,Q,Q A,20,21,blackjack_check,1.0,dealer_blackjack,-1.0
4697,47,Basic,4698,1,0,False,False,4 3,4 3,K,K A,7,21,blackjack_check,1.0,dealer_blackjack,-1.0
4698,47,Basic,4699,1,0,False,False,10 J,10 J,6,6 9 9,20,24,stand,1.0,win_dealer_bust,1.0
4699,47,Basic,4700,1,0,False,False,J 9,J 9,A,A 7,19,18,stand,1.0,win,1.0
4700,47,Basic,4701,1,0,False,False,J 7,J 7,3,3 Q Q,17,23,stand,1.0,win_dealer_bust,1.0
4701,48,Simplified,4702,1,0,False,False,6 7,6 7,4,4 6 J,13,20,stand,1.0,loss,-1.0
4702,48,Simplified,4703,1,0,False,False,8 2,8 2,A,A 10,10,21,blackjack_check,1.0,dealer_blackjack,-1.0
4703,48,Simplified,4704,1,0,False,False,6 10,6 10,9,9 A,16,20,stand,1.0,loss,-1.0
4704,48,Simplified,4705,1,0,False,False,A 9,A 9,6,6 8 3,20,17,stand,1.0,win,1.0
4705,48,Simplified,4706,1,0,False,False,A K,A K,7,7 J,21,17,blackjack_check,1.0,player_blackjack,1.5
4706,48,Simplified,4707,1,0,False,False,6 3,6 3 7,A,A 7,16,18,hit > stand,1.0,loss,-1.0
4707,48,Simplified,4708,1,0,False,False,3 3,3 3 10,6,6 J 6,16,22,hit > stand,1.0,win_dealer_bust,1.0
4708,48,Simplified,4709,1,0,False,False,8 3,8 3 A,2,2 A 2 J 10,12,25,hit > stand,1.0,win_dealer_bust,1.0
4709,48,Simplified,4710,1,0,False,False,5 8,5 8,3,3 K 8,13,21,stand,1.0,loss,-1.0
4710,48,Simplified,4711,1,0,False,False,K K,K K,J,J 9,20,19,stand,1.0,win,1.0
4711,48,Simplified,4712,1,0,False,False,9 Q,9 Q,A,A 4 Q 10,19,25,stand,1.0,win_dealer_bust,1.0
4712,48,Simplified,4713,1,0,False,False,A 6,A 6 A,10,10 7,18,17,hit > stand,1.0,win,1.0
4713,48,Simplified,4714,1,0,False,False,6 5,6 5 7,6,6 6 7,18,19,hit > stand,1.0,loss,-1.0
4714,48,Simplified,4715,1,0,False,False,9 8,9 8,6,6 2 K,17,18,stand,1.0,loss,-1.0
4715,48,Simplified,4716,1,0,False,False,J Q,J Q,4,4 K 9,20,23,stand,1.0,win_dealer_bust,1.0
4716,48,Simplified,4717,1,0,False,False,7 6,7 6,J,J 10,13,20,stand,1.0,loss,-1.0
4717,48,Simplified,4718,1,0,False,False,A 5,A 5 A 7,4,4 10 2 Q,14,26,hit > hit > stand,1.0,win_dealer_bust,1.0
4718,48,Simplified,4719,1,0,False,False,9 K,9 K,K,K 2 K,19,22,stand,1.0,win_dealer_bust,1.0
4719,48,Simplified,4720,1,0,False,False,5 4,5 4 5,A,A 7,14,18,hit > stand,1.0,loss,-1.0
4720,48,Simplified,4721,1,0,False,False,5 A,5 A Q,9,9 2 2 5,16,18,hit > stand,1.0,loss,-1.0
4721,48,Simplified,4722,1,0,False,False,7 K,7 K,J,J 3 3 10,17,26,stand,1.0,win_dealer_bust,1.0
4722,48,Simplified,4723,1,0,False,False,5 2,5 2 A,9,9 7 10,18,26,hit > stand,1.0,win_dealer_bust,1.0
4723,48,Simplified,4724,1,0,False,False,A 9,A 9,A,A 4 3,20,18,stand,1.0,win,1.0
4724,48,Simplified,4725,1,0,False,False,Q 10,Q 10,2,2 A 6,20,19,stand,1.0,win,1.0
4725,48,Simplified,4726,1,0,False,False,8 2,8 2 4,K,K K,14,20,hit > stand,1.0,loss,-1.0
4726,48,Simplified,4727,1,0,False,False,A J,A J,8,8 2,21,10,blackjack_check,1.0,player_blackjack,1.5
4727,48,Simplified,4728,1,0,False,False,J 5,J 5,4,4 7 9,15,20,stand,1.0,loss,-1.0
4728,48,Simplified,4729,1,0,False,False,A 2,A 2 2 6,5,5 9 7,21,21,hit > hit,1.0,push,0.0
4729,48,Simplified,4730,1,0,False,False,Q 5,Q 5,5,5 4 6 7,15,22,stand,1.0,win_dealer_bust,1.0
4730,48,Simplified,4731,1,0,False,False,K 5,K 5,A,A Q,15,21,blackjack_check,1.0,dealer_blackjack,-1.0
4731,48,Simplified,4732,1,0,False,False,4 2,4 2 Q,9,9 7 2,16,18,hit > stand,1.0,loss,-1.0
4732,48,Simplified,4733,1,0,False,False,Q 5,Q 5,4,4 5 7 2,15,18,stand,1.0,loss,-1.0
4733,48,Simplified,4734,1,0,False,False,3 6,3 6 5,8,8 9,14,17,hit > stand,1.0,loss,-1.0
4734,48,Simplified,4735,1,0,False,False,A 7,A 7,K,K 4 4,18,18,stand,1.0,push,0.0
4735,48,Simplified,4736,1,0,False,False,J 10,J 10,7,7 A,20,18,stand,1.0,win,1.0
4736,48,Simplified,4737,1,0,False,False,3 3,3 3 K,6,6 A,16,17,hit > stand,1.0,loss,-1.0
4737,48,Simplified,4738,1,0,False,False,4 2,4 2 Q,6,6 3 4 4,16,17,hit > stand,1.0,loss,-1.0
4738,48,Simplified,4739,1,0,False,False,3 2,3 2 J,A,A 9,15,20,hit > stand,1.0,loss,-1.0
4739,48,Simplified,4740,1,0,False,False,5 Q,5 Q,8,8 4 10,15,22,stand,1.0,win_dealer_bust,1.0
4740,48,Simplified,4741,1,0,False,False,3 K,3 K,A,A 2 A J 4,13,18,stand,1.0,loss,-1.0
4741,48,Simplified,4742,1,0,False,False,8 4,8 4,7,7 K,12,17,stand,1.0,loss,-1.0
4742,48,Simplified,4743,1,0,False,False,10 K,10 K,9,9 A,20,20,stand,1.0,push,0.0
4743,48,Simplified,4744,1,0,False,False,6 8,6 8,J,J 7,14,17,stand,1.0,loss,-1.0
4744,48,Simplified,4745,1,0,False,False,2 A,2 A 7,Q,Q 9,20,19,hit > stand,1.0,win,1.0
4745,48,Simplified,4746,1,0,False,False,3 10,3 10,7,7 3 Q,13,20,stand,1.0,loss,-1.0
4746,48,Simplified,4747,1,0,False,False,A Q,A Q,6,6 3,21,9,blackjack_check,1.0,player_blackjack,1.5
4747,48,Simplified,4748,1,0,False,False,Q Q,Q Q,Q,Q 5 A 2,20,18,stand,1.0,win,1.0
4748,48,Simplified,4749,1,0,False,False,8 2,8 2 6,6,6 8 Q,16,24,hit > stand,1.0,win_dealer_bust,1.0
4749,48,Simplified,4750,1,0,False,False,K 3,K 3,2,2 Q 8,13,20,stand,1.0,loss,-1.0
4750,48,Simplified,4751,1,0,False,False,10 5,10 5,9,9 A,15,20,stand,1.0,loss,-1.0
4751,48,Simplified,4752,1,0,False,False,7 9,7 9,6,6 9 9,16,24,stand,1.0,win_dealer_bust,1.0
4752,48,Simplified,4753,1,0,False,False,2 7,2 7 Q,J,J 2 7,19,19,hit > stand,1.0,push,0.0
4753,48,Simplified,4754,1,0,False,False,9 J,9 J,3,3 7 2 A J,19,23,stand,1.0,win_dealer_bust,1.0
4754,48,Simplified,4755,1,0,False,False,K 3,K 3,J,J 3 2 7,13,22,stand,1.0,win_dealer_bust,1.0
4755,48,Simplified,4756,1,0,False,False,10 4,10 4,7,7 Q,14,17,stand,1.0,loss,-1.0
4756,48,Simplified,4757,1,0,False,False,9 10,9 10,7,7 2 K,19,19,stand,1.0,push,0.0
4757,48,Simplified,4758,1,0,False,False,J 8,J 8,8,8 6 Q,18,24,stand,1.0,win_dealer_bust,1.0
4758,48,Simplified,4759,1,0,False,False,6 10,6 10,J,J 3 5,16,18,stand,1.0,loss,-1.0
4759,48,Simplified,4760,1,0,False,False,4 K,4 K,9,9 6 10,14,25,stand,1.0,win_dealer_bust,1.0
4760,48,Simplified,4761,1,0,False,False,9 10,9 10,4,4 5 8,19,17,stand,1.0,win,1.0
4761,48,Simplified,4762,1,0,False,False,7 9,7 9,8,8 2 2 9,16,21,stand,1.0,loss,-1.0
4762,48,Simplified,4763,1,0,False,False,J 8,J 8,6,6 10 J,18,26,stand,1.0,win_dealer_bust,1.0
4763,48,Simplified,4764,1,0,False,False,4 J,4 J,4,4 A J J,14,25,stand,1.0,win_dealer_bust,1.0
4764,48,Simplified,4765,1,0,False,False,4 J,4 J,5,5 J K,14,25,stand,1.0,win_dealer_bust,1.0
4765,48,Simplified,4766,1,0,False,False,10 10,10 10,Q,Q 7,20,17,stand,1.0,win,1.0
4766,48,Simplified,4767,1,0,False,False,3 K,3 K,9,9 5 9,13,23,stand,1.0,win_dealer_bust,1.0
4767,48,Simplified,4768,1,0,False,False,9 7,9 7,7,7 3 K,16,20,stand,1.0,loss,-1.0
4768,48,Simplified,4769,1,0,False,False,Q 7,Q 7,J,J 5 3,17,18,stand,1.0,loss,-1.0
4769,48,Simplified,4770,1,0,False,False,Q 4,Q 4,A,A 2 6,14,19,stand,1.0,loss,-1.0
4770,48,Simplified,4771,1,0,False,False,A Q,A Q,K,K 8,21,18,blackjack_check,1.0,player_blackjack,1.5
4771,48,Simplified,4772,1,0,False,False,3 2,3 2 8,9,9 J,13,19,hit > stand,1.0,loss,-1.0
4772,48,Simplified,4773,1,0,False,False,A 5,A 5 7,J,J 8,13,18,hit > stand,1.0,loss,-1.0
4773,48,Simplified,4774,1,0,False,False,7 8,7 8,7,7 6 3 Q,15,26,stand,1.0,win_dealer_bust,1.0
4774,48,Simplified,4775,1,0,False,False,9 J,9 J,K,K 4 9,19,23,stand,1.0,win_dealer_bust,1.0
4775,48,Simplified,4776,1,0,False,False,A 10,A 10,9,9 K,21,19,blackjack_check,1.0,player_blackjack,1.5
4776,48,Simplified,4777,1,0,False,False,J 6,J 6,7,7 3 8,16,18,stand,1.0,loss,-1.0
4777,48,Simplified,4778,1,0,False,False,A 9,A 9,7,7 K,20,17,stand,1.0,win,1.0
4778,48,Simplified,4779,1,0,False,False,Q Q,Q Q,5,5 J J,20,25,stand,1.0,win_dealer_bust,1.0
4779,48,Simplified,4780,1,0,False,False,10 10,10 10,J,J 8,20,18,stand,1.0,win,1.0
4780,48,Simplified,4781,1,0,False,False,4 K,4 K,7,7 2 9,14,18,stand,1.0,loss,-1.0
4781,48,Simplified,4782,1,0,False,False,6 9,6 9,6,6 4 J,15,20,stand,1.0,loss,-1.0
4782,48,Simplified,4783,1,0,False,False,7 8,7 8,10,10 A,15,21,blackjack_check,1.0,dealer_blackjack,-1.0
4783,48,Simplified,4784,1,0,False,False,4 10,4 10,9,9 Q,14,19,stand,1.0,loss,-1.0
4784,48,Simplified,4785,1,0,False,False,4 A,4 A 2 5,10,10 7,12,17,hit > hit > stand,1.0,loss,-1.0
4785,48,Simplified,4786,1,0,False,False,K J,K J,8,8 J,20,18,stand,1.0,win,1.0
4786,48,Simplified,4787,1,0,False,False,8 4,8 4,10,10 7,12,17,stand,1.0,loss,-1.0
4787,48,Simplified,4788,1,0,False,False,3 7,3 7 2,9,9 J,12,19,hit > stand,1.0,loss,-1.0
4788,48,Simplified,4789,1,0,False,False,10 10,10 10,3,3 J 3 6,20,22,stand,1.0,win_dealer_bust,1.0
4789,48,Simplified,4790,1,0,False,False,3 3,3 3 9,10,10 7,15,17,hit > stand,1.0,loss,-1.0
4790,48,Simplified,4791,1,0,False,False,9 2,9 2 Q,3,3 9 K,21,22,hit,1.0,win_dealer_bust,1.0
4791,48,Simplified,4792,1,0,False,False,Q 7,Q 7,A,A 6,17,17,stand,1.0,push,0.0
4792,48,Simplified,4793,1,0,False,False,7 4,7 4 Q,9,9 Q,21,19,hit,1.0,win,1.0
4793,48,Simplified,4794,1,0,False,False,5 5,5 5 8,10,10 7,18,17,hit > stand,1.0,win,1.0
4794,48,Simplified,4795,1,0,False,False,A 5,A 5 7,7,7 7 8,13,22,hit > stand,1.0,win_dealer_bust,1.0
4795,48,Simplified,4796,1,0,False,False,8 K,8 K,8,8 4 Q,18,22,stand,1.0,win_dealer_bust,1.0
4796,48,Simplified,4797,1,0,False,False,4 10,4 10,J,J 9,14,19,stand,1.0,loss,-1.0
4797,48,Simplified,4798,1,0,False,False,Q 7,Q 7,3,3 6 5 4,17,18,stand,1.0,loss,-1.0
4798,48,Simplified,4799,1,0,False,False,10 8,10 8,J,J J,18,20,stand,1.0,loss,-1.0
4799,48,Simplified,4800,1,0,False,False,K 8,K 8,Q,Q 5 5,18,20,stand,1.0,loss,-1.0
4800,48,Simplified,4801,1,0,False,False,3 Q,3 Q,J,J K,13,20,stand,1.0,loss,-1.0
4801,49,Basic,4802,1,0,False,False,4 A,4 A 10 6,9,9 8,21,17,hit > hit,1.0,win,1.0
4802,49,Basic,4803,1,0,False,False,Q 2,Q 2 Q,7,7 8,22,15,hit,1.0,loss_bust,-1.0
4803,49,Basic,4804,1,0,False,False,5 8,5 8,3,3 9 4 6,13,22,stand,1.0,win_dealer_bust,1.0
4804,49,Basic,4805,1,0,False,False,J 6,J 6,4,4 A K 8,16,23,stand,1.0,win_dealer_bust,1.0
4805,49,Basic,4806,1,0,False,False,8 2,8 2 6 8,10,10 10,24,20,hit > hit,1.0,loss_bust,-1.0
4806,49,Basic,4807,1,0,False,False,3 3,3 3,K,K A,6,21,blackjack_check,1.0,dealer_blackjack,-1.0
4807,49,Basic,4808,1,0,False,False,5 10,5 10 7,7,7 K,22,17,hit,1.0,loss_bust,-1.0
4808,49,Basic,4809,1,0,False,False,Q J,Q J,2,2 8 J,20,20,stand,1.0,push,0.0
4809,49,Basic,4810,1,0,False,False,3 A,3 A 2 4,Q,Q 4 5,20,19,hit > hit > stand,1.0,win,1.0
4810,49,Basic,4811,1,0,False,False,9 2,9 2 6,K,K 8,17,18,double,2.0,loss,-2.0
4811,49,Basic,4812,1,0,False,False,8 9,8 9,J,J 7,17,17,stand,1.0,push,0.0
4812,49,Basic,4813,1,0,False,False,2 A,2 A 7,7,7 3 10,20,20,hit > stand,1.0,push,0.0
4813,49,Basic,4814,1,0,False,False,J 5,J 5 A 8,8,8 6,24,14,hit > hit,1.0,loss_bust,-1.0
4814,49,Basic,4815,1,0,False,False,2 2,2 2 3 6 Q,9,9 10,23,19,hit > hit > hit,1.0,loss_bust,-1.0
4815,49,Basic,4816,1,0,False,False,10 Q,10 Q,2,2 A K 9,20,22,stand,1.0,win_dealer_bust,1.0
4816,49,Basic,4817,1,0,False,False,Q Q,Q Q,7,7 10,20,17,stand,1.0,win,1.0
4817,49,Basic,4818,1,0,False,False,K 9,K 9,J,J 4 4,19,18,stand,1.0,win,1.0
4818,49,Basic,4819,1,0,False,False,7 4,7 4 9,K,K 2 8,20,20,double,2.0,push,0.0
4819,49,Basic,4820,1,0,False,False,A 7,A 7 10,3,3 Q Q,18,23,double,2.0,win_dealer_bust,2.0
4820,49,Basic,4821,1,0,False,False,4 2,4 2 A 5 7,3,3 5 Q,19,18,hit > hit > hit > stand,1.0,win,1.0
4821,49,Basic,4822,1,0,False,False,4 K,4 K 6,K,K K,20,20,hit > stand,1.0,push,0.0
4822,49,Basic,4823,1,0,False,False,9 4,9 4 7,9,9 2 10,20,21,hit > stand,1.0,loss,-1.0
4823,49,Basic,4824,1,0,False,False,4 2,4 2 7 3 9,8,8 J,25,18,hit > hit > hit,1.0,loss_bust,-1.0
4824,49,Basic,4825,1,0,False,False,9 Q,9 Q,3,3 4 6 A Q,19,24,stand,1.0,win_dealer_bust,1.0
4825,49,Basic,4826,1,0,False,False,9 K,9 K,4,4 Q 6,19,20,stand,1.0,loss,-1.0
4826,49,Basic,4827,1,0,False,False,3 A,3 A 4 J,J,J 3 J,18,23,hit > hit > stand,1.0,win_dealer_bust,1.0
4827,49,Basic,4828,1,0,False,False,9 2,9 2 9,7,7 A,20,18,double,2.0,win,2.0
4828,49,Basic,4829,1,0,False,False,K 8,K 8,2,2 5 7 9,18,23,stand,1.0,win_dealer_bust,1.0
4829,49,Basic,4830,1,0,False,False,K Q,K Q,3,3 5 5 4,20,17,stand,1.0,win,1.0
4830,49,Basic,4831,1,0,False,False,6 10,6 10 8,J,J 4,24,14,hit,1.0,loss_bust,-1.0
4831,49,Basic,4832,1,0,False,False,4 J,4 J 9,A,A 5,23,16,hit,1.0,loss_bust,-1.0
4832,49,Basic,4833,1,0,False,False,7 J,7 J,2,2 4 10 K,17,26,stand,1.0,win_dealer_bust,1.0
4833,49,Basic,4834,1,0,False,False,K Q,K Q,J,J 7,20,17,stand,1.0,win,1.0
4834,49,Basic,4835,1,0,False,False,A Q,A Q,Q,Q 3,21,13,blackjack_check,1.0,player_blackjack,1.5
4835,49,Basic,4836,1,0,False,False,5 8,5 8 J,9,9 K,23,19,hit,1.0,loss_bust,-1.0
4836,49,Basic,4837,1,0,False,False,5 10,5 10,3,3 9 7,15,19,stand,1.0,loss,-1.0
4837,49,Basic,4838,1,0,False,False,J K,J K,Q,Q 10,20,20,stand,1.0,push,0.0
4838,49,Basic,4839,1,0,False,False,2 5,2 5 2 6 J,J,J K,25,20,hit > hit > hit,1.0,loss_bust,-1.0
4839,49,Basic,4840,1,0,False,False,5 7,5 7 4,3,3 9 Q,16,22,hit > stand,1.0,win_dealer_bust,1.0
4840,49,Basic,4841,1,0,False,False,7 10,7 10,6,6 6 7,17,19,stand,1.0,loss,-1.0
4841,49,Basic,4842,1,0,False,False,5 3,5 3 6 5,K,K 10,19,20,hit > hit > stand,1.0,loss,-1.0
4842,49,Basic,4843,1,0,False,False,2 7,2 7 K,10,10 3 5,19,18,hit > stand,1.0,win,1.0
4843,49,Basic,4844,1,0,False,False,8 K,8 K,6,6 3 9,18,18,stand,1.0,push,0.0
4844,49,Basic,4845,1,0,False,False,7 Q,7 Q,6,6 Q 8,17,24,stand,1.0,win_dealer_bust,1.0
4845,49,Basic,4846,1,0,False,False,K 3,K 3,4,4 3 7 10,13,24,stand,1.0,win_dealer_bust,1.0
4846,49,Basic,4847,1,0,False,False,2 J,2 J 7,9,9 3 5,19,17,hit > stand,1.0,win,1.0
4847,49,Basic,4848,1,0,False,False,9 4,9 4 A J,7,7 Q,24,17,hit > hit,1.0,loss_bust,-1.0
4848,49,Basic,4849,1,0,False,False,8 6,8 6 8,7,7 5,22,12,hit,1.0,loss_bust,-1.0
4849,49,Basic,4850,1,0,False,False,Q J,Q J,3,3 10 7,20,20,stand,1.0,push,0.0
4850,49,Basic,4851,1,0,False,False,J K,J K,7,7 A,20,18,stand,1.0,win,1.0
4851,49,Basic,4852,1,0,False,False,Q 7,Q 7,Q,Q 2 2 10,17,24,stand,1.0,win_dealer_bust,1.0
4852,49,Basic,4853,1,0,False,False,3 9,3 9 A,2,2 9 8,13,19,hit > stand,1.0,loss,-1.0
4853,49,Basic,4854,1,0,False,False,Q 9,Q 9,5,5 4 K,19,19,stand,1.0,push,0.0
4854,49,Basic,4855,1,0,False,False,5 3,5 3 10,4,4 A Q K,18,25,hit > stand,1.0,win_dealer_bust,1.0
4855,49,Basic,4856,1,0,False,False,A Q,A Q,7,7 2,21,9,blackjack_check,1.0,player_blackjack,1.5
4856,49,Basic,4857,1,0,False,False,2 8,2 8 7,A,A 5 7 7,17,20,hit > stand,1.0,loss,-1.0
4857,49,Basic,4858,1,0,False,False,7 8,7 8 J,Q,Q 5,25,15,hit,1.0,loss_bust,-1.0
4858,49,Basic,4859,1,0,False,False,2 5,2 5 7 K,7,7 6,24,13,hit > hit,1.0,loss_bust,-1.0
4859,49,Basic,4860,1,0,False,False,J Q,J Q,10,10 2 8,20,20,stand,1.0,push,0.0
4860,49,Basic,4861,1,0,False,False,5 9,5 9,5,5 6 Q,14,21,stand,1.0,loss,-1.0
4861,49,Basic,4862,1,0,False,False,2 3,2 3 J 9,J,J J,24,20,hit > hit,1.0,loss_bust,-1.0
4862,49,Basic,4863,1,0,False,False,10 K,10 K,9,9 A,20,20,stand,1.0,push,0.0
4863,49,Basic,4864,1,0,False,False,10 10,10 10,8,8 4 7,20,19,stand,1.0,win,1.0
4864,49,Basic,4865,1,0,False,False,5 7,5 7,K,K A,12,21,blackjack_check,1.0,dealer_blackjack,-1.0
4865,49,Basic,4866,1,0,False,False,2 6,2 6 7 10,J,J 2,25,12,hit > hit,1.0,loss_bust,-1.0
4866,49,Basic,4867,1,0,False,False,J 8,J 8,4,4 K 7,18,21,stand,1.0,loss,-1.0
4867,49,Basic,4868,1,0,False,False,10 3,10 3 4,A,A 4 2,17,17,hit > stand,1.0,push,0.0
4868,49,Basic,4869,1,0,False,False,3 8,3 8 6,9,9 A,17,20,double,2.0,loss,-2.0
4869,49,Basic,4870,1,0,False,False,J 7,J 7,7,7 4 10,17,21,stand,1.0,loss,-1.0
4870,49,Basic,4871,1,0,False,False,A 3,A 3 8,5,5 2 7 4,12,18,double,2.0,loss,-2.0
4871,49,Basic,4872,1,0,False,False,2 8,2 8 7,5,5 10 K,17,25,double,2.0,win_dealer_bust,2.0
4872,49,Basic,4873,1,0,False,False,2 4,2 4 4 5 10,8,8 9,25,17,hit > hit > hit,1.0,loss_bust,-1.0
4873,49,Basic,4874,1,0,False,False,Q K,Q K,7,7 3 10,20,20,stand,1.0,push,0.0
4874,49,Basic,4875,1,0,False,False,J 2,J 2 3,3,3 J 5,15,18,hit > stand,1.0,loss,-1.0
4875,49,Basic,4876,1,0,False,False,9 2,9 2 Q,5,5 10 3,21,18,double,2.0,win,2.0
4876,49,Basic,4877,1,1,True,False,2 5,2 5 4 J,3,3 K 3 2,21,18,hit > hit,1.0,win,1.0
4876,49,Basic,4877,3,1,True,False,2 Q,2 Q 8,3,3 K 3 2,20,18,hit > stand,1.0,win,1.0
4876,49,Basic,4877,2,1,True,False,2 A,2 A 4 4,3,3 K 3 2,21,18,hit > hit,1.0,win,1.0
4877,49,Basic,4878,1,0,False,False,6 3,6 3 K,6,6 5 9,19,20,double,2.0,loss,-2.0
4878,49,Basic,4879,1,0,False,False,4 J,4 J,5,5 J 3,14,18,stand,1.0,loss,-1.0
4879,49,Basic,4880,1,0,False,False,7 J,7 J,5,5 2 2 3 3 3,17,18,stand,1.0,loss,-1.0
4880,49,Basic,4881,1,0,False,False,Q 7,Q 7,2,2 Q K,17,22,stand,1.0,win_dealer_bust,1.0
4881,49,Basic,4882,1,0,False,False,7 5,7 5,A,A J,12,21,blackjack_check,1.0,dealer_blackjack,-1.0
4882,49,Basic,4883,1,0,False,False,K 8,K 8,4,4 10 9,18,23,stand,1.0,win_dealer_bust,1.0
4883,49,Basic,4884,1,0,False,False,Q 6,Q 6,5,5 10 8,16,23,stand,1.0,win_dealer_bust,1.0
4884,49,Basic,4885,1,0,False,False,K 4,K 4,5,5 2 K,14,17,stand,1.0,loss,-1.0
4885,49,Basic,4886,1,0,False,False,6 J,6 J Q,J,J 4,26,14,hit,1.0,loss_bust,-1.0
4886,49,Basic,4887,1,0,False,False,10 5,10 5,2,2 Q K,15,22,stand,1.0,win_dealer_bust,1.0
4887,49,Basic,4888,1,0,False,False,9 3,9 3 4 8,A,A 7,24,18,hit > hit,1.0,loss_bust,-1.0
4888,49,Basic,4889,1,0,False,False,7 Q,7 Q,8,8 A,17,19,stand,1.0,loss,-1.0
4889,49,Basic,4890,1,0,False,False,5 9,5 9 5,Q,Q 10,19,20,hit > stand,1.0,loss,-1.0
4890,49,Basic,4891,1,0,False,False,Q 2,Q 2,5,5 5 5 Q,12,25,stand,1.0,win_dealer_bust,1.0
4891,49,Basic,4892,1,0,False,False,5 7,5 7,6,6 J J,12,26,stand,1.0,win_dealer_bust,1.0
4892,49,Basic,4893,1,0,False,False,4 8,4 8,A,A J,12,21,blackjack_check,1.0,dealer_blackjack,-1.0
4893,49,Basic,4894,1,0,False,False,A 3,A 3 8,6,6 6 10,12,22,double,2.0,win_dealer_bust,2.0
4894,49,Basic,4895,1,0,False,False,8 5,8 5,5,5 7 7,13,19,stand,1.0,loss,-1.0
4895,49,Basic,4896,1,1,True,True,A 5,A 5,K,K 9,16,19,stand_after_split_aces,1.0,loss,-1.0
4895,49,Basic,4896,2,1,True,True,A 8,A 8,K,K 9,19,19,stand_after_split_aces,1.0,push,0.0
4896,49,Basic,4897,1,0,False,False,9 6,9 6,A,A K,15,21,blackjack_check,1.0,dealer_blackjack,-1.0
4897,49,Basic,4898,1,1,True,False,4 2,4 2 7,6,6 K 10,13,26,hit > stand,1.0,win_dealer_bust,1.0
4897,49,Basic,4898,2,1,True,False,4 6,4 6 J,6,6 K 10,20,26,double,2.0,win_dealer_bust,2.0
4898,49,Basic,4899,1,0,False,False,3 10,3 10 6,8,8 2 6 3,19,19,hit > stand,1.0,push,0.0
4899,49,Basic,4900,1,0,False,False,8 5,8 5 8,8,8 5 4,21,17,hit,1.0,win,1.0
4900,49,Basic,4901,1,0,False,False,5 6,5 6 2,6,6 8 3,13,17,double,2.0,loss,-2.0
4901,50,Simplified,4902,1,0,False,False,2 8,2 8 5,4,4 8 A K,15,23,hit > stand,1.0,win_dealer_bust,1.0
4902,50,Simplified,4903,1,0,False,False,A 3,A 3 10,6,6 A,14,17,hit > stand,1.0,loss,-1.0
4903,50,Simplified,4904,1,0,False,False,3 8,3 8 4,2,2 K 3 9,15,24,hit > stand,1.0,win_dealer_bust,1.0
4904,50,Simplified,4905,1,0,False,False,10 K,10 K,10,10 A,20,21,blackjack_check,1.0,dealer_blackjack,-1.0
4905,50,Simplified,4906,1,0,False,False,7 5,7 5,4,4 4 2 K,12,20,stand,1.0,loss,-1.0
4906,50,Simplified,4907,1,0,False,False,K 4,K 4,4,4 J K,14,24,stand,1.0,win_dealer_bust,1.0
4907,50,Simplified,4908,1,0,False,False,9 9,9 9,5,5 6 2 J,18,23,stand,1.0,win_dealer_bust,1.0
4908,50,Simplified,4909,1,0,False,False,7 3,7 3 Q,8,8 4 J,20,22,hit > stand,1.0,win_dealer_bust,1.0
4909,50,Simplified,4910,1,0,False,False,3 6,3 6 A,9,9 9,20,18,hit > stand,1.0,win,1.0
4910,50,Simplified,4911,1,0,False,False,3 2,3 2,A,A 10,5,21,blackjack_check,1.0,dealer_blackjack,-1.0
4911,50,Simplified,4912,1,0,False,False,3 3,3 3 4 2,5,5 9 J,12,24,hit > hit > stand,1.0,win_dealer_bust,1.0
4912,50,Simplified,4913,1,0,False,False,6 J,6 J,5,5 7 5,16,17,stand,1.0,loss,-1.0
4913,50,Simplified,4914,1,0,False,False,K 4,K 4,K,K 3 3 4,14,20,stand,1.0,loss,-1.0
4914,50,Simplified,4915,1,0,False,False,10 Q,10 Q,10,10 5 8,20,23,stand,1.0,win_dealer_bust,1.0
4915,50,Simplified,4916,1,0,False,False,Q 9,Q 9,4,4 4 Q,19,18,stand,1.0,win,1.0
4916,50,Simplified,4917,1,0,False,False,3 K,3 K,J,J 8,13,18,stand,1.0,loss,-1.0
4917,50,Simplified,4918,1,0,False,False,9 6,9 6,2,2 4 Q 6,15,22,stand,1.0,win_dealer_bust,1.0
4918,50,Simplified,4919,1,0,False,False,4 9,4 9,J,J 2 Q,13,22,stand,1.0,win_dealer_bust,1.0
4919,50,Simplified,4920,1,0,False,False,Q 4,Q 4,7,7 5 K,14,22,stand,1.0,win_dealer_bust,1.0
4920,50,Simplified,4921,1,0,False,False,J 7,J 7,7,7 K,17,17,stand,1.0,push,0.0
4921,50,Simplified,4922,1,0,False,False,9 9,9 9,3,3 5 6 A J,18,25,stand,1.0,win_dealer_bust,1.0
4922,50,Simplified,4923,1,0,False,False,Q J,Q J,8,8 6 A K,20,25,stand,1.0,win_dealer_bust,1.0
4923,50,Simplified,4924,1,0,False,False,10 7,10 7,8,8 4 7,17,19,stand,1.0,loss,-1.0
4924,50,Simplified,4925,1,0,False,False,K J,K J,6,6 Q 4,20,20,stand,1.0,push,0.0
4925,50,Simplified,4926,1,0,False,False,6 K,6 K,8,8 K,16,18,stand,1.0,loss,-1.0
4926,50,Simplified,4927,1,0,False,False,3 5,3 5 2 9,10,10 3 J,19,23,hit > hit > stand,1.0,win_dealer_bust,1.0
4927,50,Simplified,4928,1,0,False,False,10 Q,10 Q,8,8 5 Q,20,23,stand,1.0,win_dealer_bust,1.0
4928,50,Simplified,4929,1,0,False,False,2 2,2 2 6 2,4,4 3 7 10,12,24,hit > hit > stand,1.0,win_dealer_bust,1.0
4929,50,Simplified,4930,1,0,False,False,2 3,2 3 A 8,Q,Q 2 6,14,18,hit > hit > stand,1.0,loss,-1.0
4930,50,Simplified,4931,1,0,False,False,J Q,J Q,K,K J,20,20,stand,1.0,push,0.0
4931,50,Simplified,4932,1,0,False,False,3 Q,3 Q,A,A 9,13,20,stand,1.0,loss,-1.0
4932,50,Simplified,4933,1,0,False,False,6 2,6 2 K,6,6 7 9,18,22,hit > stand,1.0,win_dealer_bust,1.0
4933,50,Simplified,4934,1,0,False,False,9 J,9 J,K,K 2 Q,19,22,stand,1.0,win_dealer_bust,1.0
4934,50,Simplified,4935,1,0,False,False,J K,J K,2,2 10 5,20,17,stand,1.0,win,1.0
4935,50,Simplified,4936,1,0,False,False,2 9,2 9 6,A,A 6,17,17,hit > stand,1.0,push,0.0
4936,50,Simplified,4937,1,0,False,False,3 A,3 A 8,K,K 4 2 2,12,18,hit > stand,1.0,loss,-1.0
4937,50,Simplified,4938,1,0,False,False,2 5,2 5 J,J,J 6 5,17,21,hit > stand,1.0,loss,-1.0
4938,50,Simplified,4939,1,0,False,False,10 4,10 4,J,J 4 4,14,18,stand,1.0,loss,-1.0
4939,50,Simplified,4940,1,0,False,False,10 5,10 5,A,A A 8,15,20,stand,1.0,loss,-1.0
4940,50,Simplified,4941,1,0,False,False,6 7,6 7,J,J A,13,21,blackjack_check,1.0,dealer_blackjack,-1.0
4941,50,Simplified,4942,1,0,False,False,10 3,10 3,A,A 10,13,21,blackjack_check,1.0,dealer_blackjack,-1.0
4942,50,Simplified,4943,1,0,False,False,3 4,3 4,A,A 10,7,21,blackjack_check,1.0,dealer_blackjack,-1.0
4943,50,Simplified,4944,1,0,False,False,6 4,6 4 3,A,A 7,13,18,hit > stand,1.0,loss,-1.0
4944,50,Simplified,4945,1,0,False,False,5 10,5 10,3,3 3 6 8,15,20,stand,1.0,loss,-1.0
4945,50,Simplified,4946,1,0,False,False,8 8,8 8,6,6 Q 10,16,26,stand,1.0,win_dealer_bust,1.0
4946,50,Simplified,4947,1,0,False,False,9 A,9 A,6,6 7 2 7,20,22,stand,1.0,win_dealer_bust,1.0
4947,50,Simplified,4948,1,0,False,False,Q 8,Q 8,6,6 Q J,18,26,stand,1.0,win_dealer_bust,1.0
4948,50,Simplified,4949,1,0,False,False,7 6,7 6,2,2 Q 5,13,17,stand,1.0,loss,-1.0
4949,50,Simplified,4950,1,0,False,False,J K,J K,2,2 5 9 7,20,23,stand,1.0,win_dealer_bust,1.0
4950,50,Simplified,4951,1,0,False,False,4 10,4 10,J,J 8,14,18,stand,1.0,loss,-1.0
4951,50,Simplified,4952,1,0,False,False,5 6,5 6 10,5,5 2 J,21,17,hit,1.0,win,1.0
4952,50,Simplified,4953,1,0,False,False,10 10,10 10,10,10 J,20,20,stand,1.0,push,0.0
4953,50,Simplified,4954,1,0,False,False,8 3,8 3 J,Q,Q 8,21,18,hit,1.0,win,1.0
4954,50,Simplified,4955,1,0,False,False,9 5,9 5,3,3 8 2 6,14,19,stand,1.0,loss,-1.0
4955,50,Simplified,4956,1,0,False,False,4 6,4 6 A,5,5 10 Q,21,25,hit,1.0,win_dealer_bust,1.0
4956,50,Simplified,4957,1,0,False,False,9 4,9 4,7,7 3 A,13,21,stand,1.0,loss,-1.0
4957,50,Simplified,4958,1,0,False,False,9 J,9 J,K,K J,19,20,stand,1.0,loss,-1.0
4958,50,Simplified,4959,1,0,False,False,K 9,K 9,7,7 5 J,19,22,stand,1.0,win_dealer_bust,1.0
4959,50,Simplified,4960,1,0,False,False,K 2,K 2,2,2 K 3 8,12,23,stand,1.0,win_dealer_bust,1.0
4960,50,Simplified,4961,1,0,False,False,Q 2,Q 2,A,A Q,12,21,blackjack_check,1.0,dealer_blackjack,-1.0
4961,50,Simplified,4962,1,0,False,False,J 3,J 3,6,6 4 7,13,17,stand,1.0,loss,-1.0
4962,50,Simplified,4963,1,0,False,False,J J,J J,6,6 6 2 K,20,24,stand,1.0,win_dealer_bust,1.0
4963,50,Simplified,4964,1,0,False,False,9 K,9 K,7,7 6 6,19,19,stand,1.0,push,0.0
4964,50,Simplified,4965,1,0,False,False,7 7,7 7,J,J 8,14,18,stand,1.0,loss,-1.0
4965,50,Simplified,4966,1,0,False,False,5 8,5 8,7,7 8 8,13,23,stand,1.0,win_dealer_bust,1.0
4966,50,Simplified,4967,1,0,False,False,10 10,10 10,7,7 J,20,17,stand,1.0,win,1.0
4967,50,Simplified,4968,1,0,False,False,10 A,10 A,J,J 7,21,17,blackjack_check,1.0,player_blackjack,1.5
4968,50,Simplified,4969,1,0,False,False,A 9,A 9,4,4 J 8,20,22,stand,1.0,win_dealer_bust,1.0
4969,50,Simplified,4970,1,0,False,False,8 A,8 A,3,3 K 9,19,22,stand,1.0,win_dealer_bust,1.0
4970,50,Simplified,4971,1,0,False,False,K 4,K 4,J,J 8,14,18,stand,1.0,loss,-1.0
4971,50,Simplified,4972,1,0,False,False,K 2,K 2,10,10 6 9,12,25,stand,1.0,win_dealer_bust,1.0
4972,50,Simplified,4973,1,0,False,False,10 4,10 4,10,10 10,14,20,stand,1.0,loss,-1.0
4973,50,Simplified,4974,1,0,False,False,6 5,6 5 Q,2,2 7 K,21,19,hit,1.0,win,1.0
4974,50,Simplified,4975,1,0,False,False,2 Q,2 Q,7,7 Q,12,17,stand,1.0,loss,-1.0
4975,50,Simplified,4976,1,0,False,False,K 8,K 8,7,7 A,18,18,stand,1.0,push,0.0
4976,50,Simplified,4977,1,0,False,False,3 5,3 5 J,3,3 10 4,18,17,hit > stand,1.0,win,1.0
4977,50,Simplified,4978,1,0,False,False,5 5,5 5 10,3,3 2 5 3 8,20,21,hit > stand,1.0,loss,-1.0
4978,50,Simplified,4979,1,0,False,False,9 2,9 2 4,5,5 6 7,15,18,hit > stand,1.0,loss,-1.0
4979,50,Simplified,4980,1,0,False,False,9 J,9 J,A,A 5 7 9,19,22,stand,1.0,win_dealer_bust,1.0
4980,50,Simplified,4981,1,0,False,False,3 6,3 6 9,10,10 2 9,18,21,hit > stand,1.0,loss,-1.0
4981,50,Simplified,4982,1,0,False,False,5 J,5 J,6,6 3 J,15,19,stand,1.0,loss,-1.0
4982,50,Simplified,4983,1,0,False,False,A 3,A 3 7,2,2 7 J,21,19,hit,1.0,win,1.0
4983,50,Simplified,4984,1,0,False,False,3 9,3 9,Q,Q 6 9,12,25,stand,1.0,win_dealer_bust,1.0
4984,50,Simplified,4985,1,0,False,False,K 3,K 3,8,8 Q,13,18,stand,1.0,loss,-1.0
4985,50,Simplified,4986,1,0,False,False,2 10,2 10,7,7 8 5,12,20,stand,1.0,loss,-1.0
4986,50,Simplified,4987,1,0,False,False,Q 10,Q 10,Q,Q K,20,20,stand,1.0,push,0.0
4987,50,Simplified,4988,1,0,False,False,6 8,6 8,8,8 4 7,14,19,stand,1.0,loss,-1.0
4988,50,Simplified,4989,1,0,False,False,7 J,7 J,J,J 10,17,20,stand,1.0,loss,-1.0
4989,50,Simplified,4990,1,0,False,False,10 6,10 6,8,8 7 10,16,25,stand,1.0,win_dealer_bust,1.0
4990,50,Simplified,4991,1,0,False,False,Q 3,Q 3,5,5 2 5 8,13,20,stand,1.0,loss,-1.0
4991,50,Simplified,4992,1,0,False,False,7 3,7 3 5,4,4 4 3 7,15,18,hit > stand,1.0,loss,-1.0
4992,50,Simplified,4993,1,0,False,False,A 9,A 9,7,7 Q,20,17,stand,1.0,win,1.0
4993,50,Simplified,4994,1,0,False,False,8 5,8 5,10,10 J,13,20,stand,1.0,loss,-1.0
4994,50,Simplified,4995,1,0,False,False,A 7,A 7,Q,Q K,18,20,stand,1.0,loss,-1.0
4995,50,Simplified,4996,1,0,False,False,4 9,4 9,J,J 2 A 7,13,20,stand,1.0,loss,-1.0
4996,50,Simplified,4997,1,0,False,False,9 2,9 2 J,6,6 J 6,21,22,hit,1.0,win_dealer_bust,1.0
4997,50,Simplified,4998,1,0,False,False,J 6,J 6,8,8 3 5 6,16,22,stand,1.0,win_dealer_bust,1.0
4998,50,Simplified,4999,1,0,False,False,4 10,4 10,9,9 2 5 10,14,26,stand,1.0,win_dealer_bust,1.0
4999,50,Simplified,5000,1,0,False,False,10 Q,10 Q,2,2 7 5 4,20,18,stand,1.0,win,1.0
5000,50,Simplified,5001,1,0,False,False,5 K,5 K,6,6 Q 8,15,24,stand,1.0,win_dealer_bust,1.0
